issuer_name_raw,card_name,source_url
씨티카드,씨티 리워드,https://www.card-gorilla.com/card/detail/96
씨티카드,씨티 NEW 캐시백,https://www.card-gorilla.com/card/detail/100
씨티카드,NEW 씨티 클리어,https://www.card-gorilla.com/card/detail/101
씨티카드,씨티 NEW 프리미어마일 대한항공,https://www.card-gorilla.com/card/detail/102
씨티카드,씨티 NEW 프리미어마일 아시아나,https://www.card-gorilla.com/card/detail/103
스카이패스카드,스카이패스카드,https://www.card-gorilla.com/card/detail/158
NC다이노스카드,NC다이노스카드,https://www.card-gorilla.com/card/detail/161
NH올원카드,NH올원카드,https://www.card-gorilla.com/card/detail/172
NH농협카드,NH올원+(플러스)카드,https://www.card-gorilla.com/card/detail/173
NH농협카드,NH올원 All100(올백)카드,https://www.card-gorilla.com/card/detail/177
번가카드,NH올원 Shopping&11번가카드(R2타입),https://www.card-gorilla.com/card/detail/179
위카드,위카드,https://www.card-gorilla.com/card/detail/180
파이카드,NH올원 파이카드,https://www.card-gorilla.com/card/detail/181
NH농협카드,SolSol++(쏠쏠투플러스)카드,https://www.card-gorilla.com/card/detail/182
NH농협카드,SolSol(쏠쏠)카드,https://www.card-gorilla.com/card/detail/183
해봄카드,NH20해봄카드,https://www.card-gorilla.com/card/detail/184
올바른OIL카드,올바른OIL카드,https://www.card-gorilla.com/card/detail/188
올바른TRAVEL카드,올바른TRAVEL카드(일본특화),https://www.card-gorilla.com/card/detail/189
올바른TRAVEL카드,올바른TRAVEL카드(중국특화),https://www.card-gorilla.com/card/detail/190
Life카드,Oil & Life카드(Oil카드),https://www.card-gorilla.com/card/detail/258
Life카드,Oil & Life카드(Life카드),https://www.card-gorilla.com/card/detail/259
국민행복카드,국민행복카드(신용),https://www.card-gorilla.com/card/detail/260
UNKNOWN,참! 좋은 kt wiz 카드(신용),https://www.card-gorilla.com/card/detail/263
IBK카드,olleh Super DC IBK카드,https://www.card-gorilla.com/card/detail/264
기쁨카드,일상의 기쁨카드(신용),https://www.card-gorilla.com/card/detail/266
마일앤조이카드,마일앤조이카드(대한항공),https://www.card-gorilla.com/card/detail/267
마일앤조이카드,마일앤조이카드(아시아나),https://www.card-gorilla.com/card/detail/268
UNKNOWN,IBK-Hybrid(하이브리드)카드,https://www.card-gorilla.com/card/detail/269
설렘카드,일년의 설렘카드,https://www.card-gorilla.com/card/detail/271
다이소카드,참! 좋은 다이소카드(신용),https://www.card-gorilla.com/card/detail/273
할인카드,쇼핑앤조이 카드,https://www.card-gorilla.com/card/detail/274
UNKNOWN,제주항공 Refresh Point 카드,https://www.card-gorilla.com/card/detail/275
플러스마일카드,플러스마일카드,https://www.card-gorilla.com/card/detail/276
시그마카드,시그마카드,https://www.card-gorilla.com/card/detail/277
올바른POINT체크카드,올바른POINT체크카드,https://www.card-gorilla.com/card/detail/360
콕체크카드,콕체크카드,https://www.card-gorilla.com/card/detail/361
해봄체크카드,NH20해봄체크카드,https://www.card-gorilla.com/card/detail/362
DC줌체크카드,DC줌체크카드(비씨),https://www.card-gorilla.com/card/detail/365
내일배움체크카드,내일배움체크카드,https://www.card-gorilla.com/card/detail/367
NH올원체크카드,NH올원체크카드,https://www.card-gorilla.com/card/detail/368
체크카드,BAZIC(베이직)체크카드,https://www.card-gorilla.com/card/detail/370
올바른GLOBAL체크카드,올바른GLOBAL체크카드,https://www.card-gorilla.com/card/detail/375
에이스플러스체크카드,에이스플러스체크카드(미키90주년),https://www.card-gorilla.com/card/detail/405
체크카드,카카오뱅크 프렌즈 체크카드,https://www.card-gorilla.com/card/detail/435
체크카드,케이뱅크 X KT멤버십더블혜택 체크카드,https://www.card-gorilla.com/card/detail/436
체크카드,케이뱅크X네이버페이 체크카드2,https://www.card-gorilla.com/card/detail/437
체크카드,케이뱅크 체크카드 포인트적립형,https://www.card-gorilla.com/card/detail/438
기쁨카드,일상의 기쁨카드(체크),https://www.card-gorilla.com/card/detail/441
체크카드,IBK 국민행복 체크카드,https://www.card-gorilla.com/card/detail/442
나라사랑카드,IBK 나라사랑카드,https://www.card-gorilla.com/card/detail/446
씨티카드,신세계 씨티 클리어 카드,https://www.card-gorilla.com/card/detail/463
UNKNOWN,ONE AIR(UniMile),https://www.card-gorilla.com/card/detail/475
뉴타임카드,뉴타임카드,https://www.card-gorilla.com/card/detail/483
NEW농촌사랑체크카드,NEW농촌사랑체크카드,https://www.card-gorilla.com/card/detail/497
체크카드,체크카드,https://www.card-gorilla.com/card/detail/499
씨티카드,씨티 메가마일 스카이패스,https://www.card-gorilla.com/card/detail/503
씨티카드,씨티 메가마일 아시아나,https://www.card-gorilla.com/card/detail/504
적립조아카드,적립조아카드,https://www.card-gorilla.com/card/detail/505
할인조아카드,할인조아카드,https://www.card-gorilla.com/card/detail/506
NH농협카드,올바른 POINT UP 카드,https://www.card-gorilla.com/card/detail/512
NH농협카드,올바른 POINT UP+ 카드,https://www.card-gorilla.com/card/detail/513
NH농협카드,올바른 BAZIC 카드,https://www.card-gorilla.com/card/detail/514
올바른LIFE카드,NH농협 올바른LIFE카드(할인형),https://www.card-gorilla.com/card/detail/526
올바른LIFE카드,NH농협 올바른LIFE카드(적립형),https://www.card-gorilla.com/card/detail/527
체크카드,라이언 치즈 체크카드,https://www.card-gorilla.com/card/detail/528
UniMile카드,LCC UniMile카드,https://www.card-gorilla.com/card/detail/530
NH농협카드,NH농협 올바른 하나로(Hanaro) 카드,https://www.card-gorilla.com/card/detail/531
체크카드,NH농협 올바른 하나로(Hanaro) 체크카드,https://www.card-gorilla.com/card/detail/532
에이스플러스체크카드,에이스플러스체크카드 (벨리미키),https://www.card-gorilla.com/card/detail/550
레아카드,위 레아카드(아시아나클럽),https://www.card-gorilla.com/card/detail/560
NH농협카드,올바른 GIVE 카드,https://www.card-gorilla.com/card/detail/562
레아카드,위 레아카드(스카이패스),https://www.card-gorilla.com/card/detail/563
레아카드,위 레아카드(포인트),https://www.card-gorilla.com/card/detail/564
테라카드,위 테라카드(스카이패스),https://www.card-gorilla.com/card/detail/565
테라카드,위 테라카드(아시아나클럽),https://www.card-gorilla.com/card/detail/566
테라카드,위 테라카드(포인트),https://www.card-gorilla.com/card/detail/567
체크카드,어디서나 체크카드,https://www.card-gorilla.com/card/detail/571
체크카드,포미 하이브리드 체크카드,https://www.card-gorilla.com/card/detail/572
체크카드,다드림 체크카드,https://www.card-gorilla.com/card/detail/573
체크카드,드림플러스 아시아나 체크카드,https://www.card-gorilla.com/card/detail/574
체크카드,라이프+플러스 체크카드,https://www.card-gorilla.com/card/detail/575
체크카드,young利한(영리한) 체크카드,https://www.card-gorilla.com/card/detail/576
체크카드,행복한 체크카드,https://www.card-gorilla.com/card/detail/585
체크카드,어피치 스윗 체크카드,https://www.card-gorilla.com/card/detail/586
씨티카드,카카오뱅크 씨티카드,https://www.card-gorilla.com/card/detail/593
씨티카드,씨티 프리미어마일 대한항공,https://www.card-gorilla.com/card/detail/604
씨티카드,씨티 프리미어마일 아시아나,https://www.card-gorilla.com/card/detail/605
NH농협카드,펫블리(PETvely) 카드,https://www.card-gorilla.com/card/detail/612
그린카드,[IBK] 그린카드v2,https://www.card-gorilla.com/card/detail/629
그린카드,[NH농협] 그린카드v2,https://www.card-gorilla.com/card/detail/631
그린카드,[DGB대구] 그린카드v2,https://www.card-gorilla.com/card/detail/632
그린카드,[BNK부산] 그린카드v2,https://www.card-gorilla.com/card/detail/633
HAVE카드,올바른 NEW HAVE카드,https://www.card-gorilla.com/card/detail/635
NH농협카드,올바른 NEW HAVE+카드,https://www.card-gorilla.com/card/detail/636
NH농협카드,올바른 MYPICK 카드,https://www.card-gorilla.com/card/detail/654
UNKNOWN,Daily With(데일리위드)카드,https://www.card-gorilla.com/card/detail/655
NH농협카드,올바른 FLEX 카드,https://www.card-gorilla.com/card/detail/666
체크카드,go 캐시백 글로벌 체크카드,https://www.card-gorilla.com/card/detail/668
체크카드,케이뱅크 플러스 체크카드,https://www.card-gorilla.com/card/detail/669
PP카드,BLISS.7 카드(마일리지),https://www.card-gorilla.com/card/detail/671
PP카드,BLISS.7 카드(포인트),https://www.card-gorilla.com/card/detail/672
IBK무민카드,IBK무민카드(체크),https://www.card-gorilla.com/card/detail/674
NH농협카드,Air Money(에어머니)체크,https://www.card-gorilla.com/card/detail/675
NH농협카드,올리 POINT 체크,https://www.card-gorilla.com/card/detail/676
mini카드,카카오뱅크 mini카드,https://www.card-gorilla.com/card/detail/686
IBK무민카드,IBK무민카드(신용),https://www.card-gorilla.com/card/detail/723
체크카드,이지캐시백,https://www.card-gorilla.com/card/detail/748
UNKNOWN,go 캐시백 글로벌 하이브리드,https://www.card-gorilla.com/card/detail/767
UNKNOWN,BLISS.5 카드(마일리지),https://www.card-gorilla.com/card/detail/772
UNKNOWN,BLISS.5 카드(포인트),https://www.card-gorilla.com/card/detail/773
UNKNOWN,IBK hi 카드,https://www.card-gorilla.com/card/detail/781
UNKNOWN,참! 좋은 kt wiz 카드[체크],https://www.card-gorilla.com/card/detail/794
체크카드,일상의 기쁨 Dream 체크카드,https://www.card-gorilla.com/card/detail/807
체크카드,현대백화점 체크카드,https://www.card-gorilla.com/card/detail/810
국민행복카드,국민행복카드 체크카드,https://www.card-gorilla.com/card/detail/812
DGB체크카드,해피포인트 DGB체크카드,https://www.card-gorilla.com/card/detail/814
체크카드,카카오페이 체크카드,https://www.card-gorilla.com/card/detail/819
NEW현대백화점체크카드,NEW현대백화점체크카드,https://www.card-gorilla.com/card/detail/823
국민행복카드,국민행복카드 신용카드,https://www.card-gorilla.com/card/detail/834
대구은행카드,올레 Super DC 대구은행카드,https://www.card-gorilla.com/card/detail/838
설렘카드,일년의 설렘카드(모바일전용),https://www.card-gorilla.com/card/detail/864
IBK카드,자연드림 IBK카드,https://www.card-gorilla.com/card/detail/879
IBK카드,skylife Ultra IBK카드,https://www.card-gorilla.com/card/detail/920
용인시민카드,용인시민카드(신용),https://www.card-gorilla.com/card/detail/931
플래티늄카드,여행스케치 아시아나클럽 플래티늄카드,https://www.card-gorilla.com/card/detail/948
st카드,1st카드 (포인트 적립형),https://www.card-gorilla.com/card/detail/950
Oil카드,부자되세요 The Oil카드,https://www.card-gorilla.com/card/detail/984
체크카드,카카오페이 체크카드,https://www.card-gorilla.com/card/detail/1039
UNKNOWN,Real? Real! 2 카드,https://www.card-gorilla.com/card/detail/1061
기쁨카드,이사배 카드,https://www.card-gorilla.com/card/detail/1170
신용카드,BNK 프렌즈 신용카드,https://www.card-gorilla.com/card/detail/1209
BNK카드,BNK카드,https://www.card-gorilla.com/card/detail/1236
국민행복체크카드,국민행복체크카드,https://www.card-gorilla.com/card/detail/1324
메가쇼핑체크카드,메가쇼핑체크카드,https://www.card-gorilla.com/card/detail/1392
체크카드,신협 어부바 체크카드,https://www.card-gorilla.com/card/detail/1463
UNKNOWN,IBK 무직타이거 카드(신용),https://www.card-gorilla.com/card/detail/1487
UNKNOWN,IBK 무직타이거 카드(체크),https://www.card-gorilla.com/card/detail/1490
HAVE체크카드,올바른 NEW HAVE체크카드,https://www.card-gorilla.com/card/detail/1765
체크카드,Win.K 체크카드,https://www.card-gorilla.com/card/detail/1900
체크카드,부자되세요 더마일리지 체크카드,https://www.card-gorilla.com/card/detail/1903
체크카드,우체국 우리동네plus 체크카드,https://www.card-gorilla.com/card/detail/1907
체크카드,유안타 Stock+ 체크카드,https://www.card-gorilla.com/card/detail/1912
체크카드,모두모아 체크카드,https://www.card-gorilla.com/card/detail/1960
UNKNOWN,S1카드,https://www.card-gorilla.com/card/detail/1961
체크카드,Real Zero 체크카드,https://www.card-gorilla.com/card/detail/1963
UNKNOWN,KDB Choice 하이브리드 카드,https://www.card-gorilla.com/card/detail/1964
체크카드,SB 팝 플러스 체크카드,https://www.card-gorilla.com/card/detail/1979
내가그린카드,내가그린카드,https://www.card-gorilla.com/card/detail/1985
함께그린카드,함께그린카드,https://www.card-gorilla.com/card/detail/1988
꿀카드,꿀카드,https://www.card-gorilla.com/card/detail/2001
NH투자증권체크카드,NH올원 NH투자증권체크카드,https://www.card-gorilla.com/card/detail/2012
NH투자증권카드,NH올원 NH투자증권카드,https://www.card-gorilla.com/card/detail/2014
Syrup카드,IBK-Syrup카드[체크],https://www.card-gorilla.com/card/detail/2027
AMOREPACIFIC카드,NH올원 Shopping&AMOREPACIFIC카드,https://www.card-gorilla.com/card/detail/2036
다이소카드,참! 좋은 다이소카드(체크),https://www.card-gorilla.com/card/detail/2058
체크카드,청춘날다 체크카드,https://www.card-gorilla.com/card/detail/2073
체크카드,ON˟WE BARE BEARS 체크카드,https://www.card-gorilla.com/card/detail/2074
체크카드,WITH 체크카드,https://www.card-gorilla.com/card/detail/2075
체크카드,ON 체크카드,https://www.card-gorilla.com/card/detail/2077
체크카드,MINT 체크카드,https://www.card-gorilla.com/card/detail/2081
체크카드,MG Point 체크카드,https://www.card-gorilla.com/card/detail/2085
체크카드,MG Point2 체크카드,https://www.card-gorilla.com/card/detail/2086
체크카드,다원 체크카드,https://www.card-gorilla.com/card/detail/2092
체크카드,CREAM 체크카드,https://www.card-gorilla.com/card/detail/2095
체크카드,CREAM Hybrid 체크카드,https://www.card-gorilla.com/card/detail/2096
에코마일리지카드,에코마일리지카드(비씨),https://www.card-gorilla.com/card/detail/2099
마일리지카드,아시아나 마일리지카드,https://www.card-gorilla.com/card/detail/2118
Money카드,JEJUJINI Air Money카드,https://www.card-gorilla.com/card/detail/2127
PLATINUM카드,ON PLATINUM카드(스카이패스),https://www.card-gorilla.com/card/detail/2128
PLATINUM카드,ON PLATINUM카드(아시아나클럽),https://www.card-gorilla.com/card/detail/2130
PLATINUM카드,ON PLATINUM카드(포인트),https://www.card-gorilla.com/card/detail/2131
KCTV알뜰카드,KCTV알뜰카드,https://www.card-gorilla.com/card/detail/2148
체크카드,제주삼다수 체크카드,https://www.card-gorilla.com/card/detail/2165
더마일리지카드,부자되세요 더마일리지카드,https://www.card-gorilla.com/card/detail/2170
국민행복체크카드,국민행복체크카드,https://www.card-gorilla.com/card/detail/2173
제주그린체크카드,제주그린체크카드,https://www.card-gorilla.com/card/detail/2174
UNKNOWN,1st Link On 카드,https://www.card-gorilla.com/card/detail/2177
UNKNOWN,1st TRIPLE Platinum 카드,https://www.card-gorilla.com/card/detail/2180
UNKNOWN,1st 플래티늄 카드,https://www.card-gorilla.com/card/detail/2181
UNKNOWN,1st 플래티늄+ 카드,https://www.card-gorilla.com/card/detail/2183
UNKNOWN,둘과넷 카드,https://www.card-gorilla.com/card/detail/2184
UNKNOWN,NEW AUTO+,https://www.card-gorilla.com/card/detail/2185
체크카드,유안타 CMA+ 체크카드,https://www.card-gorilla.com/card/detail/2193
바로카드,블랙핑크 카드,https://www.card-gorilla.com/card/detail/2210
UNKNOWN,케이뱅크 SIMPLE 카드,https://www.card-gorilla.com/card/detail/2211
체크카드,챔피언 체크카드,https://www.card-gorilla.com/card/detail/2212
체크카드,쏙쏙 체크카드,https://www.card-gorilla.com/card/detail/2213
체크카드,미래에셋증권 체크카드(할인 2),https://www.card-gorilla.com/card/detail/2216
체크카드,미래에셋증권 체크카드 (캐시백 2),https://www.card-gorilla.com/card/detail/2217
체크카드,한국투자 the More 체크카드,https://www.card-gorilla.com/card/detail/2222
아이맥스카드,able 아이맥스카드,https://www.card-gorilla.com/card/detail/2223
체크카드,영리한 PLUS 체크카드,https://www.card-gorilla.com/card/detail/2227
NH농협카드,NH1961카드,https://www.card-gorilla.com/card/detail/2252
다사로이카드,SOHO 다사로이카드,https://www.card-gorilla.com/card/detail/2253
NH농협카드,SOHO 다사로이+카드,https://www.card-gorilla.com/card/detail/2254
체크카드,토스뱅크 체크카드,https://www.card-gorilla.com/card/detail/2269
바로카드,밸런스 카드,https://www.card-gorilla.com/card/detail/2271
EV카드,EV카드,https://www.card-gorilla.com/card/detail/2284
카카오페이카드,카카오페이카드3,https://www.card-gorilla.com/card/detail/2303
별다줄카드,별다줄카드,https://www.card-gorilla.com/card/detail/2305
교통카드,PAYCO 포인트 카드,https://www.card-gorilla.com/card/detail/2310
나마네카드,나마네카드,https://www.card-gorilla.com/card/detail/2313
토스유스카드,토스유스카드(USS),https://www.card-gorilla.com/card/detail/2314
모바일카드,다날-유니온페이 모바일카드,https://www.card-gorilla.com/card/detail/2319
충전카드,트래블페이 충전카드,https://www.card-gorilla.com/card/detail/2320
모빌카드,모빌카드,https://www.card-gorilla.com/card/detail/2321
NH농협카드,올바른지구 카드,https://www.card-gorilla.com/card/detail/2336
CEO카드,CEO카드,https://www.card-gorilla.com/card/detail/2339
현대백화점카드,현대백화점카드,https://www.card-gorilla.com/card/detail/2344
Fit카드,현대백화점 Fit카드,https://www.card-gorilla.com/card/detail/2345
바로카드,BC 바로 클리어 플러스,https://www.card-gorilla.com/card/detail/2346
바로카드,BC 바로 리워드 플러스,https://www.card-gorilla.com/card/detail/2347
바로카드,BC 바로 페이백 플러스,https://www.card-gorilla.com/card/detail/2348
덤카드,부자되세요 덤카드,https://www.card-gorilla.com/card/detail/2350
홈쇼핑카드,부자되세요 홈쇼핑카드,https://www.card-gorilla.com/card/detail/2351
체크카드,페이북 머니 체크카드,https://www.card-gorilla.com/card/detail/2362
다사로이OIL카드,SOHO 다사로이OIL카드,https://www.card-gorilla.com/card/detail/2366
해피포인트카드,현대백화점 해피포인트카드,https://www.card-gorilla.com/card/detail/2367
현대오일뱅크카드,현대백화점 현대오일뱅크카드,https://www.card-gorilla.com/card/detail/2368
바로카드,신세계 BC 바로 콰트로 플러스,https://www.card-gorilla.com/card/detail/2380
바로카드,신세계 BC 바로 아시아나 플러스,https://www.card-gorilla.com/card/detail/2381
바로카드,신세계 BC 바로 리워드 플러스,https://www.card-gorilla.com/card/detail/2382
바로카드,신세계 BC 바로 SEVEN FLEX,https://www.card-gorilla.com/card/detail/2383
바로카드,신세계 BC 바로 클리어 플러스,https://www.card-gorilla.com/card/detail/2384
올바른HOMETOWN카드,올바른HOMETOWN카드,https://www.card-gorilla.com/card/detail/2408
체크카드,MY 체크카드,https://www.card-gorilla.com/card/detail/2425
pay카드,zgm.the pay카드,https://www.card-gorilla.com/card/detail/2427
streaming카드,zgm.streaming카드,https://www.card-gorilla.com/card/detail/2428
나라사랑체크카드,IBK DC히어로즈 카드(체크),https://www.card-gorilla.com/card/detail/2438
체크카드,케이뱅크 Hi teen 카드,https://www.card-gorilla.com/card/detail/2439
트리플카드,트리플카드,https://www.card-gorilla.com/card/detail/2454
모임카드,토스뱅크 모임카드,https://www.card-gorilla.com/card/detail/2456
바로카드,BC 바로 에어 플러스 스카이패스,https://www.card-gorilla.com/card/detail/2458
BC바로카드,신세계 푸빌라 BC바로카드,https://www.card-gorilla.com/card/detail/2462
휴가중카드,zgm.휴가중카드,https://www.card-gorilla.com/card/detail/2464
UNKNOWN,,https://www.card-gorilla.com/card/detail/2480
UNKNOWN,I-ALL,https://www.card-gorilla.com/card/detail/2482
바로카드,kt SUPER 카드,https://www.card-gorilla.com/card/detail/2485
NH농협카드,나무 NH농협카드,https://www.card-gorilla.com/card/detail/2490
rounding카드,zgm.rounding카드,https://www.card-gorilla.com/card/detail/2493
바로카드,부자되세요 The Oil 카드,https://www.card-gorilla.com/card/detail/2501
UPTURN카드,UPTURN카드,https://www.card-gorilla.com/card/detail/2502
에듀카드,키자니아 에듀카드,https://www.card-gorilla.com/card/detail/2503
UNKNOWN,팟(pod) 카드,https://www.card-gorilla.com/card/detail/2504
신용카드,오늘은e 신용카드,https://www.card-gorilla.com/card/detail/2505
체크카드,오늘은e 체크카드,https://www.card-gorilla.com/card/detail/2506
체크카드,2030 언택트 체크카드,https://www.card-gorilla.com/card/detail/2507
체크카드,올유닛 체크카드,https://www.card-gorilla.com/card/detail/2508
체크카드,에어머니 체크카드,https://www.card-gorilla.com/card/detail/2509
체크카드,미타임 체크카드,https://www.card-gorilla.com/card/detail/2510
고향으로카드,zgm.고향으로카드,https://www.card-gorilla.com/card/detail/2513
컬리카드,컬리카드,https://www.card-gorilla.com/card/detail/2518
PP카드,K-22(Point),https://www.card-gorilla.com/card/detail/2535
PP카드,K-22(Mileage),https://www.card-gorilla.com/card/detail/2536
play카드,zgm.play카드,https://www.card-gorilla.com/card/detail/2544
NH농협카드,zgm.play++카드,https://www.card-gorilla.com/card/detail/2545
바로카드,K-패스 카드,https://www.card-gorilla.com/card/detail/2557
UNKNOWN,K-패스 (신용),https://www.card-gorilla.com/card/detail/2559
패스카드,K-패스카드(신용),https://www.card-gorilla.com/card/detail/2560
패스카드,K-패스카드(체크),https://www.card-gorilla.com/card/detail/2561
신용카드,K-패스(체크),https://www.card-gorilla.com/card/detail/2562
그린카드,[광주] K-그린카드v2,https://www.card-gorilla.com/card/detail/2564
트래블제로카드,트래블제로카드,https://www.card-gorilla.com/card/detail/2582
바로카드,BC 바로 On&Off 카드,https://www.card-gorilla.com/card/detail/2591
NH농협카드,zgm.일본여행중 카드,https://www.card-gorilla.com/card/detail/2593
체크카드,더나은 체크카드,https://www.card-gorilla.com/card/detail/2601
바로카드,kt DC PLUS,https://www.card-gorilla.com/card/detail/2607
그린카드,I-어디로든 그린카드,https://www.card-gorilla.com/card/detail/2610
UNKNOWN,IBK KaPick,https://www.card-gorilla.com/card/detail/2615
그린카드,어디로든 그린카드,https://www.card-gorilla.com/card/detail/2616
그린카드,어디로든 그린카드,https://www.card-gorilla.com/card/detail/2617
체크카드,NH 무럭이 체크카드,https://www.card-gorilla.com/card/detail/2620
그린체크카드,어디로든 그린체크카드,https://www.card-gorilla.com/card/detail/2621
그린카드,어디로든 그린카드,https://www.card-gorilla.com/card/detail/2622
머니카드,네이버페이 머니카드,https://www.card-gorilla.com/card/detail/2626
체크카드,브라보(Bravo) 체크카드,https://www.card-gorilla.com/card/detail/2628
바로카드,GOAT BC 바로카드,https://www.card-gorilla.com/card/detail/2644
shopping카드,zgm shopping카드,https://www.card-gorilla.com/card/detail/2648
living카드,zgm living카드,https://www.card-gorilla.com/card/detail/2649
머니트리카드,머니트리카드,https://www.card-gorilla.com/card/detail/2650
UNKNOWN,樂SEA(락시),https://www.card-gorilla.com/card/detail/2672
UNKNOWN,I-Mileage (대한항공),https://www.card-gorilla.com/card/detail/2674
UNKNOWN,I-Mileage (아시아나),https://www.card-gorilla.com/card/detail/2675
point카드,zgm point카드,https://www.card-gorilla.com/card/detail/2698
할인카드,zgm 할인카드,https://www.card-gorilla.com/card/detail/2706
바로카드,BC 바로 KaPick,https://www.card-gorilla.com/card/detail/2724
NH트래블리체크카드,NH트래블리체크카드,https://www.card-gorilla.com/card/detail/2727
바로카드,BC 바로 MACAO 카드,https://www.card-gorilla.com/card/detail/2728
체크카드,더담은 체크카드,https://www.card-gorilla.com/card/detail/2745
체크카드,ONE 체크카드,https://www.card-gorilla.com/card/detail/2749
춘식이달달체크카드,춘식이달달체크카드,https://www.card-gorilla.com/card/detail/2758
기후동행카드,기후동행카드(신용),https://www.card-gorilla.com/card/detail/2772
기후동행카드,기후동행카드(체크),https://www.card-gorilla.com/card/detail/2773
기후동행카드,BC 바로 기후동행카드,https://www.card-gorilla.com/card/detail/2774
UNKNOWN,IBK포인트3.8(신용),https://www.card-gorilla.com/card/detail/2778
체크카드,IBK포인트(체크),https://www.card-gorilla.com/card/detail/2783
체크카드,딩딩 체크카드,https://www.card-gorilla.com/card/detail/2808
NH농협카드,zgm.고향으로 체크,https://www.card-gorilla.com/card/detail/2812
체크카드,NH1961체크카드,https://www.card-gorilla.com/card/detail/2813
CHECK카드,1ST A-CHECK카드,https://www.card-gorilla.com/card/detail/2816
체크카드,iM K-패스 카드,https://www.card-gorilla.com/card/detail/2818
챔피언스카드,기아 챔피언스카드,https://www.card-gorilla.com/card/detail/2838
체크카드,Together 체크카드,https://www.card-gorilla.com/card/detail/2839
트래블카드,클래시 트래블카드,https://www.card-gorilla.com/card/detail/2846
ALPHA카드,케이뱅크 ALPHA카드,https://www.card-gorilla.com/card/detail/2849
기후동행카드,I-기후동행카드(신용),https://www.card-gorilla.com/card/detail/2850
NH농협카드,미미(美米)카드,https://www.card-gorilla.com/card/detail/2854
체크카드,라이프핏 체크카드,https://www.card-gorilla.com/card/detail/2860
UNKNOWN,I-Travel(체크),https://www.card-gorilla.com/card/detail/2866
체크카드,우체국 LUCK-KEY 체크카드,https://www.card-gorilla.com/card/detail/2871
쿵야싱싱체크카드,쿵야싱싱체크카드,https://www.card-gorilla.com/card/detail/2874
UNKNOWN,iM 트래블 카드,https://www.card-gorilla.com/card/detail/2895
오키카드,오키카드 H,https://www.card-gorilla.com/card/detail/2900
오키카드,오키카드 S,https://www.card-gorilla.com/card/detail/2901
IBK카드,해피메이트 IBK카드(신용),https://www.card-gorilla.com/card/detail/2911
기쁨카드,IBK BUDDY CHECK,https://www.card-gorilla.com/card/detail/2917
체크카드,커넥트 하나로 체크카드,https://www.card-gorilla.com/card/detail/2920
UNKNOWN,수협 ALL드림,https://www.card-gorilla.com/card/detail/2925
바로카드,BC 바로 Air Master 카드,https://www.card-gorilla.com/card/detail/2926
바로카드,BC 바로 Air Max 카드,https://www.card-gorilla.com/card/detail/2927
바로카드,BC 바로 ZONE 카드,https://www.card-gorilla.com/card/detail/2928
더아우름카드,The Aureum(더 아우름)카드,https://www.card-gorilla.com/card/detail/2932
IBK나라사랑카드,IBK나라사랑카드,https://www.card-gorilla.com/card/detail/2941
UNKNOWN,BLISS Mileage,https://www.card-gorilla.com/card/detail/2958
UNKNOWN,BLISS Point,https://www.card-gorilla.com/card/detail/2959
체크카드,우체국 MY-TYPE 체크카드,https://www.card-gorilla.com/card/detail/2976
