card_id,issuer_id,official_url
1,1,https://www.card-gorilla.com/card/detail/1
2,1,https://www.card-gorilla.com/card/detail/2
3,1,https://www.card-gorilla.com/card/detail/3
4,1,https://www.card-gorilla.com/card/detail/8
5,1,https://www.card-gorilla.com/card/detail/10
6,1,https://www.card-gorilla.com/card/detail/11
7,1,https://www.card-gorilla.com/card/detail/12
8,1,https://www.card-gorilla.com/card/detail/13
9,1,https://www.card-gorilla.com/card/detail/14
10,1,https://www.card-gorilla.com/card/detail/15
11,1,https://www.card-gorilla.com/card/detail/16
12,1,https://www.card-gorilla.com/card/detail/18
13,1,https://www.card-gorilla.com/card/detail/21
14,1,https://www.card-gorilla.com/card/detail/26
15,1,https://www.card-gorilla.com/card/detail/28
16,1,https://www.card-gorilla.com/card/detail/35
17,1,https://www.card-gorilla.com/card/detail/36
18,1,https://www.card-gorilla.com/card/detail/37
19,1,https://www.card-gorilla.com/card/detail/38
20,1,https://www.card-gorilla.com/card/detail/39
21,1,https://www.card-gorilla.com/card/detail/41
22,1,https://www.card-gorilla.com/card/detail/42
23,1,https://www.card-gorilla.com/card/detail/43
24,3,https://www.card-gorilla.com/card/detail/45
25,3,https://www.card-gorilla.com/card/detail/46
26,3,https://www.card-gorilla.com/card/detail/49
27,3,https://www.card-gorilla.com/card/detail/50
28,3,https://www.card-gorilla.com/card/detail/51
29,3,https://www.card-gorilla.com/card/detail/52
30,3,https://www.card-gorilla.com/card/detail/53
31,3,https://www.card-gorilla.com/card/detail/54
32,3,https://www.card-gorilla.com/card/detail/55
33,3,https://www.card-gorilla.com/card/detail/56
34,3,https://www.card-gorilla.com/card/detail/57
35,3,https://www.card-gorilla.com/card/detail/58
36,3,https://www.card-gorilla.com/card/detail/59
37,3,https://www.card-gorilla.com/card/detail/61
38,3,https://www.card-gorilla.com/card/detail/62
39,3,https://www.card-gorilla.com/card/detail/63
40,3,https://www.card-gorilla.com/card/detail/64
41,3,https://www.card-gorilla.com/card/detail/72
42,6,https://www.card-gorilla.com/card/detail/73
43,6,https://www.card-gorilla.com/card/detail/74
44,6,https://www.card-gorilla.com/card/detail/77
45,6,https://www.card-gorilla.com/card/detail/80
46,6,https://www.card-gorilla.com/card/detail/81
47,6,https://www.card-gorilla.com/card/detail/82
48,6,https://www.card-gorilla.com/card/detail/83
49,6,https://www.card-gorilla.com/card/detail/84
50,6,https://www.card-gorilla.com/card/detail/85
51,6,https://www.card-gorilla.com/card/detail/86
52,6,https://www.card-gorilla.com/card/detail/87
53,6,https://www.card-gorilla.com/card/detail/88
54,6,https://www.card-gorilla.com/card/detail/89
55,6,https://www.card-gorilla.com/card/detail/90
56,6,https://www.card-gorilla.com/card/detail/91
57,6,https://www.card-gorilla.com/card/detail/92
58,6,https://www.card-gorilla.com/card/detail/93
59,6,https://www.card-gorilla.com/card/detail/94
60,2,https://www.card-gorilla.com/card/detail/106
61,2,https://www.card-gorilla.com/card/detail/107
62,2,https://www.card-gorilla.com/card/detail/108
63,1,https://www.card-gorilla.com/card/detail/109
64,1,https://www.card-gorilla.com/card/detail/112
65,2,https://www.card-gorilla.com/card/detail/113
66,2,https://www.card-gorilla.com/card/detail/114
67,2,https://www.card-gorilla.com/card/detail/115
68,2,https://www.card-gorilla.com/card/detail/116
69,2,https://www.card-gorilla.com/card/detail/120
70,2,https://www.card-gorilla.com/card/detail/121
71,2,https://www.card-gorilla.com/card/detail/122
72,2,https://www.card-gorilla.com/card/detail/125
73,2,https://www.card-gorilla.com/card/detail/126
74,2,https://www.card-gorilla.com/card/detail/127
75,2,https://www.card-gorilla.com/card/detail/129
76,2,https://www.card-gorilla.com/card/detail/130
77,2,https://www.card-gorilla.com/card/detail/131
78,2,https://www.card-gorilla.com/card/detail/132
79,2,https://www.card-gorilla.com/card/detail/133
80,2,https://www.card-gorilla.com/card/detail/134
81,2,https://www.card-gorilla.com/card/detail/136
82,2,https://www.card-gorilla.com/card/detail/138
83,2,https://www.card-gorilla.com/card/detail/139
84,2,https://www.card-gorilla.com/card/detail/140
85,2,https://www.card-gorilla.com/card/detail/141
86,2,https://www.card-gorilla.com/card/detail/142
87,2,https://www.card-gorilla.com/card/detail/143
88,2,https://www.card-gorilla.com/card/detail/144
89,2,https://www.card-gorilla.com/card/detail/145
90,2,https://www.card-gorilla.com/card/detail/146
91,2,https://www.card-gorilla.com/card/detail/148
92,1,https://www.card-gorilla.com/card/detail/152
93,1,https://www.card-gorilla.com/card/detail/156
94,1,https://www.card-gorilla.com/card/detail/162
95,3,https://www.card-gorilla.com/card/detail/163
96,1,https://www.card-gorilla.com/card/detail/164
97,4,https://www.card-gorilla.com/card/detail/166
98,5,https://www.card-gorilla.com/card/detail/167
99,3,https://www.card-gorilla.com/card/detail/174
100,2,https://www.card-gorilla.com/card/detail/175
101,3,https://www.card-gorilla.com/card/detail/176
102,1,https://www.card-gorilla.com/card/detail/185
103,1,https://www.card-gorilla.com/card/detail/186
104,4,https://www.card-gorilla.com/card/detail/191
105,1,https://www.card-gorilla.com/card/detail/192
106,1,https://www.card-gorilla.com/card/detail/193
107,5,https://www.card-gorilla.com/card/detail/194
108,5,https://www.card-gorilla.com/card/detail/197
109,1,https://www.card-gorilla.com/card/detail/198
110,1,https://www.card-gorilla.com/card/detail/199
111,5,https://www.card-gorilla.com/card/detail/200
112,5,https://www.card-gorilla.com/card/detail/201
113,5,https://www.card-gorilla.com/card/detail/203
114,5,https://www.card-gorilla.com/card/detail/204
115,5,https://www.card-gorilla.com/card/detail/205
116,3,https://www.card-gorilla.com/card/detail/206
117,5,https://www.card-gorilla.com/card/detail/207
118,5,https://www.card-gorilla.com/card/detail/214
119,5,https://www.card-gorilla.com/card/detail/215
120,5,https://www.card-gorilla.com/card/detail/217
121,7,https://www.card-gorilla.com/card/detail/227
122,4,https://www.card-gorilla.com/card/detail/228
123,7,https://www.card-gorilla.com/card/detail/231
124,7,https://www.card-gorilla.com/card/detail/232
125,7,https://www.card-gorilla.com/card/detail/234
126,7,https://www.card-gorilla.com/card/detail/237
127,7,https://www.card-gorilla.com/card/detail/238
128,7,https://www.card-gorilla.com/card/detail/239
129,7,https://www.card-gorilla.com/card/detail/240
130,7,https://www.card-gorilla.com/card/detail/241
131,7,https://www.card-gorilla.com/card/detail/242
132,7,https://www.card-gorilla.com/card/detail/243
133,7,https://www.card-gorilla.com/card/detail/244
134,7,https://www.card-gorilla.com/card/detail/245
135,7,https://www.card-gorilla.com/card/detail/246
136,7,https://www.card-gorilla.com/card/detail/247
137,7,https://www.card-gorilla.com/card/detail/248
138,1,https://www.card-gorilla.com/card/detail/250
139,7,https://www.card-gorilla.com/card/detail/251
140,7,https://www.card-gorilla.com/card/detail/252
141,7,https://www.card-gorilla.com/card/detail/254
142,1,https://www.card-gorilla.com/card/detail/270
143,1,https://www.card-gorilla.com/card/detail/279
144,1,https://www.card-gorilla.com/card/detail/281
145,1,https://www.card-gorilla.com/card/detail/282
146,1,https://www.card-gorilla.com/card/detail/284
147,1,https://www.card-gorilla.com/card/detail/286
148,1,https://www.card-gorilla.com/card/detail/294
149,1,https://www.card-gorilla.com/card/detail/296
150,1,https://www.card-gorilla.com/card/detail/300
151,1,https://www.card-gorilla.com/card/detail/301
152,1,https://www.card-gorilla.com/card/detail/302
153,1,https://www.card-gorilla.com/card/detail/303
154,1,https://www.card-gorilla.com/card/detail/306
155,1,https://www.card-gorilla.com/card/detail/307
156,1,https://www.card-gorilla.com/card/detail/309
157,1,https://www.card-gorilla.com/card/detail/311
158,6,https://www.card-gorilla.com/card/detail/312
159,6,https://www.card-gorilla.com/card/detail/313
160,6,https://www.card-gorilla.com/card/detail/315
161,6,https://www.card-gorilla.com/card/detail/316
162,6,https://www.card-gorilla.com/card/detail/317
163,6,https://www.card-gorilla.com/card/detail/318
164,6,https://www.card-gorilla.com/card/detail/320
165,6,https://www.card-gorilla.com/card/detail/322
166,5,https://www.card-gorilla.com/card/detail/323
167,6,https://www.card-gorilla.com/card/detail/324
168,6,https://www.card-gorilla.com/card/detail/325
169,2,https://www.card-gorilla.com/card/detail/326
170,6,https://www.card-gorilla.com/card/detail/328
171,1,https://www.card-gorilla.com/card/detail/329
172,6,https://www.card-gorilla.com/card/detail/330
173,6,https://www.card-gorilla.com/card/detail/331
174,2,https://www.card-gorilla.com/card/detail/332
175,2,https://www.card-gorilla.com/card/detail/333
176,2,https://www.card-gorilla.com/card/detail/334
177,2,https://www.card-gorilla.com/card/detail/335
178,2,https://www.card-gorilla.com/card/detail/336
179,2,https://www.card-gorilla.com/card/detail/338
180,2,https://www.card-gorilla.com/card/detail/339
181,2,https://www.card-gorilla.com/card/detail/340
182,2,https://www.card-gorilla.com/card/detail/341
183,2,https://www.card-gorilla.com/card/detail/342
184,2,https://www.card-gorilla.com/card/detail/343
185,2,https://www.card-gorilla.com/card/detail/344
186,2,https://www.card-gorilla.com/card/detail/345
187,2,https://www.card-gorilla.com/card/detail/346
188,2,https://www.card-gorilla.com/card/detail/347
189,2,https://www.card-gorilla.com/card/detail/348
190,2,https://www.card-gorilla.com/card/detail/349
191,2,https://www.card-gorilla.com/card/detail/350
192,2,https://www.card-gorilla.com/card/detail/351
193,1,https://www.card-gorilla.com/card/detail/353
194,1,https://www.card-gorilla.com/card/detail/354
195,2,https://www.card-gorilla.com/card/detail/355
196,1,https://www.card-gorilla.com/card/detail/357
197,1,https://www.card-gorilla.com/card/detail/359
198,5,https://www.card-gorilla.com/card/detail/364
199,1,https://www.card-gorilla.com/card/detail/366
200,2,https://www.card-gorilla.com/card/detail/369
201,6,https://www.card-gorilla.com/card/detail/372
202,7,https://www.card-gorilla.com/card/detail/378
203,7,https://www.card-gorilla.com/card/detail/380
204,7,https://www.card-gorilla.com/card/detail/382
205,1,https://www.card-gorilla.com/card/detail/383
206,1,https://www.card-gorilla.com/card/detail/388
207,1,https://www.card-gorilla.com/card/detail/389
208,1,https://www.card-gorilla.com/card/detail/390
209,1,https://www.card-gorilla.com/card/detail/391
210,3,https://www.card-gorilla.com/card/detail/392
211,1,https://www.card-gorilla.com/card/detail/393
212,3,https://www.card-gorilla.com/card/detail/394
213,5,https://www.card-gorilla.com/card/detail/400
214,1,https://www.card-gorilla.com/card/detail/402
215,5,https://www.card-gorilla.com/card/detail/403
216,5,https://www.card-gorilla.com/card/detail/404
217,6,https://www.card-gorilla.com/card/detail/406
218,1,https://www.card-gorilla.com/card/detail/407
219,4,https://www.card-gorilla.com/card/detail/408
220,4,https://www.card-gorilla.com/card/detail/410
221,4,https://www.card-gorilla.com/card/detail/414
222,4,https://www.card-gorilla.com/card/detail/415
223,4,https://www.card-gorilla.com/card/detail/418
224,4,https://www.card-gorilla.com/card/detail/419
225,4,https://www.card-gorilla.com/card/detail/420
226,4,https://www.card-gorilla.com/card/detail/421
227,4,https://www.card-gorilla.com/card/detail/422
228,4,https://www.card-gorilla.com/card/detail/423
229,4,https://www.card-gorilla.com/card/detail/424
230,4,https://www.card-gorilla.com/card/detail/425
231,1,https://www.card-gorilla.com/card/detail/426
232,3,https://www.card-gorilla.com/card/detail/430
233,3,https://www.card-gorilla.com/card/detail/432
234,3,https://www.card-gorilla.com/card/detail/434
235,2,https://www.card-gorilla.com/card/detail/439
236,2,https://www.card-gorilla.com/card/detail/444
237,7,https://www.card-gorilla.com/card/detail/447
238,7,https://www.card-gorilla.com/card/detail/448
239,7,https://www.card-gorilla.com/card/detail/449
240,7,https://www.card-gorilla.com/card/detail/450
241,7,https://www.card-gorilla.com/card/detail/451
242,7,https://www.card-gorilla.com/card/detail/452
243,7,https://www.card-gorilla.com/card/detail/453
244,2,https://www.card-gorilla.com/card/detail/454
245,5,https://www.card-gorilla.com/card/detail/455
246,6,https://www.card-gorilla.com/card/detail/457
247,3,https://www.card-gorilla.com/card/detail/458
248,6,https://www.card-gorilla.com/card/detail/459
249,7,https://www.card-gorilla.com/card/detail/465
250,1,https://www.card-gorilla.com/card/detail/466
251,2,https://www.card-gorilla.com/card/detail/469
252,2,https://www.card-gorilla.com/card/detail/470
253,5,https://www.card-gorilla.com/card/detail/471
254,6,https://www.card-gorilla.com/card/detail/473
255,1,https://www.card-gorilla.com/card/detail/476
256,1,https://www.card-gorilla.com/card/detail/477
257,1,https://www.card-gorilla.com/card/detail/478
258,1,https://www.card-gorilla.com/card/detail/479
259,1,https://www.card-gorilla.com/card/detail/480
260,6,https://www.card-gorilla.com/card/detail/481
261,6,https://www.card-gorilla.com/card/detail/482
262,6,https://www.card-gorilla.com/card/detail/486
263,1,https://www.card-gorilla.com/card/detail/487
264,2,https://www.card-gorilla.com/card/detail/488
265,2,https://www.card-gorilla.com/card/detail/489
266,1,https://www.card-gorilla.com/card/detail/490
267,1,https://www.card-gorilla.com/card/detail/491
268,1,https://www.card-gorilla.com/card/detail/498
269,3,https://www.card-gorilla.com/card/detail/500
270,3,https://www.card-gorilla.com/card/detail/501
271,5,https://www.card-gorilla.com/card/detail/502
272,1,https://www.card-gorilla.com/card/detail/507
273,1,https://www.card-gorilla.com/card/detail/508
274,4,https://www.card-gorilla.com/card/detail/516
275,6,https://www.card-gorilla.com/card/detail/517
276,6,https://www.card-gorilla.com/card/detail/521
277,2,https://www.card-gorilla.com/card/detail/522
278,2,https://www.card-gorilla.com/card/detail/523
279,4,https://www.card-gorilla.com/card/detail/529
280,5,https://www.card-gorilla.com/card/detail/533
281,5,https://www.card-gorilla.com/card/detail/534
282,5,https://www.card-gorilla.com/card/detail/535
283,1,https://www.card-gorilla.com/card/detail/536
284,1,https://www.card-gorilla.com/card/detail/537
285,2,https://www.card-gorilla.com/card/detail/538
286,2,https://www.card-gorilla.com/card/detail/539
287,5,https://www.card-gorilla.com/card/detail/540
288,4,https://www.card-gorilla.com/card/detail/541
289,6,https://www.card-gorilla.com/card/detail/542
290,6,https://www.card-gorilla.com/card/detail/543
291,6,https://www.card-gorilla.com/card/detail/544
292,6,https://www.card-gorilla.com/card/detail/545
293,4,https://www.card-gorilla.com/card/detail/546
294,6,https://www.card-gorilla.com/card/detail/548
295,2,https://www.card-gorilla.com/card/detail/551
296,6,https://www.card-gorilla.com/card/detail/558
297,2,https://www.card-gorilla.com/card/detail/559
298,2,https://www.card-gorilla.com/card/detail/561
299,3,https://www.card-gorilla.com/card/detail/568
300,4,https://www.card-gorilla.com/card/detail/569
301,2,https://www.card-gorilla.com/card/detail/578
302,5,https://www.card-gorilla.com/card/detail/579
303,2,https://www.card-gorilla.com/card/detail/580
304,5,https://www.card-gorilla.com/card/detail/581
305,5,https://www.card-gorilla.com/card/detail/582
306,6,https://www.card-gorilla.com/card/detail/583
307,6,https://www.card-gorilla.com/card/detail/584
308,7,https://www.card-gorilla.com/card/detail/587
309,6,https://www.card-gorilla.com/card/detail/588
310,7,https://www.card-gorilla.com/card/detail/589
311,2,https://www.card-gorilla.com/card/detail/591
312,3,https://www.card-gorilla.com/card/detail/592
313,4,https://www.card-gorilla.com/card/detail/594
314,1,https://www.card-gorilla.com/card/detail/595
315,6,https://www.card-gorilla.com/card/detail/596
316,6,https://www.card-gorilla.com/card/detail/597
317,6,https://www.card-gorilla.com/card/detail/598
318,4,https://www.card-gorilla.com/card/detail/599
319,4,https://www.card-gorilla.com/card/detail/600
320,4,https://www.card-gorilla.com/card/detail/601
321,4,https://www.card-gorilla.com/card/detail/602
322,4,https://www.card-gorilla.com/card/detail/603
323,6,https://www.card-gorilla.com/card/detail/606
324,6,https://www.card-gorilla.com/card/detail/607
325,4,https://www.card-gorilla.com/card/detail/608
326,4,https://www.card-gorilla.com/card/detail/609
327,4,https://www.card-gorilla.com/card/detail/610
328,4,https://www.card-gorilla.com/card/detail/611
329,1,https://www.card-gorilla.com/card/detail/613
330,2,https://www.card-gorilla.com/card/detail/614
331,2,https://www.card-gorilla.com/card/detail/615
332,1,https://www.card-gorilla.com/card/detail/616
333,6,https://www.card-gorilla.com/card/detail/617
334,1,https://www.card-gorilla.com/card/detail/618
335,5,https://www.card-gorilla.com/card/detail/620
336,5,https://www.card-gorilla.com/card/detail/621
337,5,https://www.card-gorilla.com/card/detail/622
338,5,https://www.card-gorilla.com/card/detail/623
339,5,https://www.card-gorilla.com/card/detail/624
340,5,https://www.card-gorilla.com/card/detail/625
341,5,https://www.card-gorilla.com/card/detail/626
342,5,https://www.card-gorilla.com/card/detail/627
343,6,https://www.card-gorilla.com/card/detail/628
344,2,https://www.card-gorilla.com/card/detail/630
345,2,https://www.card-gorilla.com/card/detail/634
346,1,https://www.card-gorilla.com/card/detail/638
347,1,https://www.card-gorilla.com/card/detail/644
348,1,https://www.card-gorilla.com/card/detail/645
349,1,https://www.card-gorilla.com/card/detail/646
350,1,https://www.card-gorilla.com/card/detail/647
351,2,https://www.card-gorilla.com/card/detail/649
352,2,https://www.card-gorilla.com/card/detail/650
353,1,https://www.card-gorilla.com/card/detail/651
354,1,https://www.card-gorilla.com/card/detail/652
355,6,https://www.card-gorilla.com/card/detail/656
356,3,https://www.card-gorilla.com/card/detail/657
357,3,https://www.card-gorilla.com/card/detail/658
358,3,https://www.card-gorilla.com/card/detail/659
359,6,https://www.card-gorilla.com/card/detail/661
360,3,https://www.card-gorilla.com/card/detail/662
361,5,https://www.card-gorilla.com/card/detail/663
362,4,https://www.card-gorilla.com/card/detail/664
363,7,https://www.card-gorilla.com/card/detail/667
364,4,https://www.card-gorilla.com/card/detail/673
365,6,https://www.card-gorilla.com/card/detail/677
366,2,https://www.card-gorilla.com/card/detail/679
367,2,https://www.card-gorilla.com/card/detail/680
368,3,https://www.card-gorilla.com/card/detail/681
369,7,https://www.card-gorilla.com/card/detail/684
370,2,https://www.card-gorilla.com/card/detail/685
371,1,https://www.card-gorilla.com/card/detail/687
372,1,https://www.card-gorilla.com/card/detail/688
373,2,https://www.card-gorilla.com/card/detail/689
374,7,https://www.card-gorilla.com/card/detail/690
375,1,https://www.card-gorilla.com/card/detail/691
376,1,https://www.card-gorilla.com/card/detail/692
377,1,https://www.card-gorilla.com/card/detail/693
378,4,https://www.card-gorilla.com/card/detail/694
379,5,https://www.card-gorilla.com/card/detail/695
380,6,https://www.card-gorilla.com/card/detail/696
381,2,https://www.card-gorilla.com/card/detail/697
382,2,https://www.card-gorilla.com/card/detail/699
383,4,https://www.card-gorilla.com/card/detail/700
384,4,https://www.card-gorilla.com/card/detail/701
385,4,https://www.card-gorilla.com/card/detail/702
386,4,https://www.card-gorilla.com/card/detail/703
387,4,https://www.card-gorilla.com/card/detail/704
388,4,https://www.card-gorilla.com/card/detail/705
389,5,https://www.card-gorilla.com/card/detail/706
390,5,https://www.card-gorilla.com/card/detail/707
391,4,https://www.card-gorilla.com/card/detail/708
392,1,https://www.card-gorilla.com/card/detail/712
393,1,https://www.card-gorilla.com/card/detail/713
394,1,https://www.card-gorilla.com/card/detail/716
395,6,https://www.card-gorilla.com/card/detail/717
396,3,https://www.card-gorilla.com/card/detail/718
397,6,https://www.card-gorilla.com/card/detail/719
398,6,https://www.card-gorilla.com/card/detail/720
399,6,https://www.card-gorilla.com/card/detail/721
400,6,https://www.card-gorilla.com/card/detail/722
401,4,https://www.card-gorilla.com/card/detail/724
402,2,https://www.card-gorilla.com/card/detail/725
403,2,https://www.card-gorilla.com/card/detail/726
404,2,https://www.card-gorilla.com/card/detail/727
405,6,https://www.card-gorilla.com/card/detail/728
406,3,https://www.card-gorilla.com/card/detail/729
407,4,https://www.card-gorilla.com/card/detail/730
408,4,https://www.card-gorilla.com/card/detail/731
409,4,https://www.card-gorilla.com/card/detail/732
410,4,https://www.card-gorilla.com/card/detail/733
411,2,https://www.card-gorilla.com/card/detail/735
412,3,https://www.card-gorilla.com/card/detail/736
413,1,https://www.card-gorilla.com/card/detail/738
414,2,https://www.card-gorilla.com/card/detail/739
415,4,https://www.card-gorilla.com/card/detail/740
416,4,https://www.card-gorilla.com/card/detail/741
417,1,https://www.card-gorilla.com/card/detail/744
418,7,https://www.card-gorilla.com/card/detail/745
419,7,https://www.card-gorilla.com/card/detail/746
420,2,https://www.card-gorilla.com/card/detail/747
421,6,https://www.card-gorilla.com/card/detail/749
422,1,https://www.card-gorilla.com/card/detail/750
423,2,https://www.card-gorilla.com/card/detail/751
424,1,https://www.card-gorilla.com/card/detail/752
425,1,https://www.card-gorilla.com/card/detail/753
426,3,https://www.card-gorilla.com/card/detail/754
427,5,https://www.card-gorilla.com/card/detail/755
428,5,https://www.card-gorilla.com/card/detail/756
429,1,https://www.card-gorilla.com/card/detail/757
430,1,https://www.card-gorilla.com/card/detail/758
431,2,https://www.card-gorilla.com/card/detail/760
432,6,https://www.card-gorilla.com/card/detail/761
433,6,https://www.card-gorilla.com/card/detail/762
434,4,https://www.card-gorilla.com/card/detail/763
435,3,https://www.card-gorilla.com/card/detail/764
436,2,https://www.card-gorilla.com/card/detail/768
437,2,https://www.card-gorilla.com/card/detail/769
438,2,https://www.card-gorilla.com/card/detail/770
439,5,https://www.card-gorilla.com/card/detail/771
440,5,https://www.card-gorilla.com/card/detail/774
441,6,https://www.card-gorilla.com/card/detail/775
442,1,https://www.card-gorilla.com/card/detail/776
443,4,https://www.card-gorilla.com/card/detail/777
444,2,https://www.card-gorilla.com/card/detail/778
445,2,https://www.card-gorilla.com/card/detail/779
446,3,https://www.card-gorilla.com/card/detail/780
447,3,https://www.card-gorilla.com/card/detail/783
448,1,https://www.card-gorilla.com/card/detail/784
449,1,https://www.card-gorilla.com/card/detail/785
450,3,https://www.card-gorilla.com/card/detail/788
451,3,https://www.card-gorilla.com/card/detail/789
452,4,https://www.card-gorilla.com/card/detail/791
453,1,https://www.card-gorilla.com/card/detail/816
454,4,https://www.card-gorilla.com/card/detail/852
455,4,https://www.card-gorilla.com/card/detail/853
456,4,https://www.card-gorilla.com/card/detail/854
457,4,https://www.card-gorilla.com/card/detail/859
458,1,https://www.card-gorilla.com/card/detail/865
459,2,https://www.card-gorilla.com/card/detail/881
460,1,https://www.card-gorilla.com/card/detail/884
461,1,https://www.card-gorilla.com/card/detail/889
462,5,https://www.card-gorilla.com/card/detail/890
463,1,https://www.card-gorilla.com/card/detail/895
464,1,https://www.card-gorilla.com/card/detail/905
465,1,https://www.card-gorilla.com/card/detail/906
466,2,https://www.card-gorilla.com/card/detail/912
467,1,https://www.card-gorilla.com/card/detail/916
468,1,https://www.card-gorilla.com/card/detail/940
469,2,https://www.card-gorilla.com/card/detail/942
470,1,https://www.card-gorilla.com/card/detail/945
471,6,https://www.card-gorilla.com/card/detail/949
472,2,https://www.card-gorilla.com/card/detail/951
473,1,https://www.card-gorilla.com/card/detail/952
474,6,https://www.card-gorilla.com/card/detail/953
475,1,https://www.card-gorilla.com/card/detail/993
476,2,https://www.card-gorilla.com/card/detail/1002
477,1,https://www.card-gorilla.com/card/detail/1003
478,1,https://www.card-gorilla.com/card/detail/1006
479,2,https://www.card-gorilla.com/card/detail/1007
480,2,https://www.card-gorilla.com/card/detail/1010
481,1,https://www.card-gorilla.com/card/detail/1018
482,1,https://www.card-gorilla.com/card/detail/1019
483,1,https://www.card-gorilla.com/card/detail/1032
484,7,https://www.card-gorilla.com/card/detail/1035
485,3,https://www.card-gorilla.com/card/detail/1073
486,2,https://www.card-gorilla.com/card/detail/1155
487,5,https://www.card-gorilla.com/card/detail/1165
488,5,https://www.card-gorilla.com/card/detail/1169
489,2,https://www.card-gorilla.com/card/detail/1171
490,7,https://www.card-gorilla.com/card/detail/1172
491,5,https://www.card-gorilla.com/card/detail/1174
492,1,https://www.card-gorilla.com/card/detail/1180
493,1,https://www.card-gorilla.com/card/detail/1184
494,1,https://www.card-gorilla.com/card/detail/1186
495,1,https://www.card-gorilla.com/card/detail/1188
496,1,https://www.card-gorilla.com/card/detail/1198
497,2,https://www.card-gorilla.com/card/detail/1202
498,1,https://www.card-gorilla.com/card/detail/1213
499,1,https://www.card-gorilla.com/card/detail/1215
500,1,https://www.card-gorilla.com/card/detail/1225
501,2,https://www.card-gorilla.com/card/detail/1229
502,1,https://www.card-gorilla.com/card/detail/1233
503,1,https://www.card-gorilla.com/card/detail/1243
504,7,https://www.card-gorilla.com/card/detail/1246
505,6,https://www.card-gorilla.com/card/detail/1248
506,7,https://www.card-gorilla.com/card/detail/1253
507,6,https://www.card-gorilla.com/card/detail/1256
508,6,https://www.card-gorilla.com/card/detail/1258
509,1,https://www.card-gorilla.com/card/detail/1259
510,6,https://www.card-gorilla.com/card/detail/1260
511,3,https://www.card-gorilla.com/card/detail/1278
512,4,https://www.card-gorilla.com/card/detail/1285
513,2,https://www.card-gorilla.com/card/detail/1286
514,2,https://www.card-gorilla.com/card/detail/1288
515,2,https://www.card-gorilla.com/card/detail/1289
516,6,https://www.card-gorilla.com/card/detail/1290
517,2,https://www.card-gorilla.com/card/detail/1294
518,3,https://www.card-gorilla.com/card/detail/1298
519,2,https://www.card-gorilla.com/card/detail/1299
520,1,https://www.card-gorilla.com/card/detail/1302
521,2,https://www.card-gorilla.com/card/detail/1309
522,2,https://www.card-gorilla.com/card/detail/1311
523,2,https://www.card-gorilla.com/card/detail/1315
524,1,https://www.card-gorilla.com/card/detail/1323
525,2,https://www.card-gorilla.com/card/detail/1339
526,5,https://www.card-gorilla.com/card/detail/1340
527,3,https://www.card-gorilla.com/card/detail/1360
528,2,https://www.card-gorilla.com/card/detail/1379
529,1,https://www.card-gorilla.com/card/detail/1380
530,2,https://www.card-gorilla.com/card/detail/1381
531,1,https://www.card-gorilla.com/card/detail/1382
532,2,https://www.card-gorilla.com/card/detail/1383
533,1,https://www.card-gorilla.com/card/detail/1390
534,1,https://www.card-gorilla.com/card/detail/1394
535,1,https://www.card-gorilla.com/card/detail/1433
536,6,https://www.card-gorilla.com/card/detail/1438
537,2,https://www.card-gorilla.com/card/detail/1443
538,2,https://www.card-gorilla.com/card/detail/1446
539,1,https://www.card-gorilla.com/card/detail/1451
540,2,https://www.card-gorilla.com/card/detail/1468
541,2,https://www.card-gorilla.com/card/detail/1519
542,1,https://www.card-gorilla.com/card/detail/1523
543,7,https://www.card-gorilla.com/card/detail/1526
544,6,https://www.card-gorilla.com/card/detail/1529
545,3,https://www.card-gorilla.com/card/detail/1532
546,2,https://www.card-gorilla.com/card/detail/1544
547,2,https://www.card-gorilla.com/card/detail/1549
548,6,https://www.card-gorilla.com/card/detail/1555
549,1,https://www.card-gorilla.com/card/detail/1558
550,2,https://www.card-gorilla.com/card/detail/1572
551,2,https://www.card-gorilla.com/card/detail/1573
552,1,https://www.card-gorilla.com/card/detail/1577
553,1,https://www.card-gorilla.com/card/detail/1584
554,1,https://www.card-gorilla.com/card/detail/1586
555,1,https://www.card-gorilla.com/card/detail/1592
556,1,https://www.card-gorilla.com/card/detail/1593
557,1,https://www.card-gorilla.com/card/detail/1595
558,1,https://www.card-gorilla.com/card/detail/1597
559,1,https://www.card-gorilla.com/card/detail/1599
560,2,https://www.card-gorilla.com/card/detail/1608
561,2,https://www.card-gorilla.com/card/detail/1610
562,4,https://www.card-gorilla.com/card/detail/1611
563,2,https://www.card-gorilla.com/card/detail/1615
564,2,https://www.card-gorilla.com/card/detail/1616
565,2,https://www.card-gorilla.com/card/detail/1617
566,2,https://www.card-gorilla.com/card/detail/1618
567,2,https://www.card-gorilla.com/card/detail/1619
568,3,https://www.card-gorilla.com/card/detail/1623
569,6,https://www.card-gorilla.com/card/detail/1630
570,6,https://www.card-gorilla.com/card/detail/1648
571,3,https://www.card-gorilla.com/card/detail/1673
572,6,https://www.card-gorilla.com/card/detail/1695
573,2,https://www.card-gorilla.com/card/detail/1699
574,1,https://www.card-gorilla.com/card/detail/1702
575,4,https://www.card-gorilla.com/card/detail/1710
576,5,https://www.card-gorilla.com/card/detail/1714
577,6,https://www.card-gorilla.com/card/detail/1731
578,6,https://www.card-gorilla.com/card/detail/1741
579,1,https://www.card-gorilla.com/card/detail/1754
580,5,https://www.card-gorilla.com/card/detail/1758
581,3,https://www.card-gorilla.com/card/detail/1759
582,3,https://www.card-gorilla.com/card/detail/1763
583,6,https://www.card-gorilla.com/card/detail/1768
584,1,https://www.card-gorilla.com/card/detail/1787
585,1,https://www.card-gorilla.com/card/detail/1807
586,6,https://www.card-gorilla.com/card/detail/1809
587,6,https://www.card-gorilla.com/card/detail/1816
588,3,https://www.card-gorilla.com/card/detail/1818
589,6,https://www.card-gorilla.com/card/detail/1829
590,5,https://www.card-gorilla.com/card/detail/1839
591,6,https://www.card-gorilla.com/card/detail/1854
592,3,https://www.card-gorilla.com/card/detail/1856
593,1,https://www.card-gorilla.com/card/detail/1859
594,3,https://www.card-gorilla.com/card/detail/1860
595,5,https://www.card-gorilla.com/card/detail/1861
596,3,https://www.card-gorilla.com/card/detail/1865
597,3,https://www.card-gorilla.com/card/detail/1866
598,6,https://www.card-gorilla.com/card/detail/1868
599,3,https://www.card-gorilla.com/card/detail/1882
600,3,https://www.card-gorilla.com/card/detail/1883
601,3,https://www.card-gorilla.com/card/detail/1884
602,1,https://www.card-gorilla.com/card/detail/1887
603,1,https://www.card-gorilla.com/card/detail/1889
604,1,https://www.card-gorilla.com/card/detail/1899
605,1,https://www.card-gorilla.com/card/detail/1906
606,3,https://www.card-gorilla.com/card/detail/1909
607,5,https://www.card-gorilla.com/card/detail/1926
608,5,https://www.card-gorilla.com/card/detail/1932
609,5,https://www.card-gorilla.com/card/detail/1944
610,1,https://www.card-gorilla.com/card/detail/1977
611,1,https://www.card-gorilla.com/card/detail/1980
612,2,https://www.card-gorilla.com/card/detail/1984
613,5,https://www.card-gorilla.com/card/detail/1987
614,6,https://www.card-gorilla.com/card/detail/1990
615,2,https://www.card-gorilla.com/card/detail/1991
616,5,https://www.card-gorilla.com/card/detail/1993
617,2,https://www.card-gorilla.com/card/detail/1996
618,1,https://www.card-gorilla.com/card/detail/2005
619,2,https://www.card-gorilla.com/card/detail/2007
620,5,https://www.card-gorilla.com/card/detail/2016
621,1,https://www.card-gorilla.com/card/detail/2019
622,6,https://www.card-gorilla.com/card/detail/2021
623,1,https://www.card-gorilla.com/card/detail/2023
624,6,https://www.card-gorilla.com/card/detail/2026
625,3,https://www.card-gorilla.com/card/detail/2060
626,5,https://www.card-gorilla.com/card/detail/2070
627,3,https://www.card-gorilla.com/card/detail/2071
628,2,https://www.card-gorilla.com/card/detail/2072
629,6,https://www.card-gorilla.com/card/detail/2076
630,7,https://www.card-gorilla.com/card/detail/2078
631,2,https://www.card-gorilla.com/card/detail/2079
632,2,https://www.card-gorilla.com/card/detail/2080
633,2,https://www.card-gorilla.com/card/detail/2082
634,2,https://www.card-gorilla.com/card/detail/2083
635,7,https://www.card-gorilla.com/card/detail/2084
636,1,https://www.card-gorilla.com/card/detail/2090
637,7,https://www.card-gorilla.com/card/detail/2091
638,3,https://www.card-gorilla.com/card/detail/2093
639,6,https://www.card-gorilla.com/card/detail/2094
640,1,https://www.card-gorilla.com/card/detail/2097
641,5,https://www.card-gorilla.com/card/detail/2104
642,3,https://www.card-gorilla.com/card/detail/2106
643,1,https://www.card-gorilla.com/card/detail/2132
644,5,https://www.card-gorilla.com/card/detail/2139
645,5,https://www.card-gorilla.com/card/detail/2140
646,3,https://www.card-gorilla.com/card/detail/2147
647,3,https://www.card-gorilla.com/card/detail/2149
648,3,https://www.card-gorilla.com/card/detail/2150
649,4,https://www.card-gorilla.com/card/detail/2151
650,2,https://www.card-gorilla.com/card/detail/2172
651,2,https://www.card-gorilla.com/card/detail/2175
652,1,https://www.card-gorilla.com/card/detail/2178
653,4,https://www.card-gorilla.com/card/detail/2179
654,6,https://www.card-gorilla.com/card/detail/2189
655,1,https://www.card-gorilla.com/card/detail/2190
656,2,https://www.card-gorilla.com/card/detail/2191
657,6,https://www.card-gorilla.com/card/detail/2192
658,2,https://www.card-gorilla.com/card/detail/2194
659,4,https://www.card-gorilla.com/card/detail/2195
660,4,https://www.card-gorilla.com/card/detail/2196
661,4,https://www.card-gorilla.com/card/detail/2197
662,4,https://www.card-gorilla.com/card/detail/2198
663,1,https://www.card-gorilla.com/card/detail/2199
664,6,https://www.card-gorilla.com/card/detail/2214
665,7,https://www.card-gorilla.com/card/detail/2215
666,4,https://www.card-gorilla.com/card/detail/2218
667,4,https://www.card-gorilla.com/card/detail/2219
668,2,https://www.card-gorilla.com/card/detail/2220
669,1,https://www.card-gorilla.com/card/detail/2221
670,1,https://www.card-gorilla.com/card/detail/2224
671,4,https://www.card-gorilla.com/card/detail/2225
672,5,https://www.card-gorilla.com/card/detail/2226
673,5,https://www.card-gorilla.com/card/detail/2228
674,2,https://www.card-gorilla.com/card/detail/2230
675,7,https://www.card-gorilla.com/card/detail/2232
676,4,https://www.card-gorilla.com/card/detail/2233
677,3,https://www.card-gorilla.com/card/detail/2234
678,3,https://www.card-gorilla.com/card/detail/2235
679,1,https://www.card-gorilla.com/card/detail/2236
680,7,https://www.card-gorilla.com/card/detail/2237
681,3,https://www.card-gorilla.com/card/detail/2238
682,1,https://www.card-gorilla.com/card/detail/2240
683,5,https://www.card-gorilla.com/card/detail/2241
684,1,https://www.card-gorilla.com/card/detail/2242
685,1,https://www.card-gorilla.com/card/detail/2243
686,1,https://www.card-gorilla.com/card/detail/2244
687,1,https://www.card-gorilla.com/card/detail/2245
688,1,https://www.card-gorilla.com/card/detail/2246
689,1,https://www.card-gorilla.com/card/detail/2247
690,1,https://www.card-gorilla.com/card/detail/2248
691,1,https://www.card-gorilla.com/card/detail/2249
692,1,https://www.card-gorilla.com/card/detail/2250
693,1,https://www.card-gorilla.com/card/detail/2251
694,2,https://www.card-gorilla.com/card/detail/2255
695,2,https://www.card-gorilla.com/card/detail/2256
696,3,https://www.card-gorilla.com/card/detail/2257
697,1,https://www.card-gorilla.com/card/detail/2258
698,4,https://www.card-gorilla.com/card/detail/2259
699,4,https://www.card-gorilla.com/card/detail/2260
700,5,https://www.card-gorilla.com/card/detail/2261
701,5,https://www.card-gorilla.com/card/detail/2262
702,5,https://www.card-gorilla.com/card/detail/2263
703,5,https://www.card-gorilla.com/card/detail/2264
704,5,https://www.card-gorilla.com/card/detail/2265
705,1,https://www.card-gorilla.com/card/detail/2267
706,5,https://www.card-gorilla.com/card/detail/2270
707,1,https://www.card-gorilla.com/card/detail/2272
708,2,https://www.card-gorilla.com/card/detail/2277
709,3,https://www.card-gorilla.com/card/detail/2278
710,3,https://www.card-gorilla.com/card/detail/2279
711,4,https://www.card-gorilla.com/card/detail/2280
712,4,https://www.card-gorilla.com/card/detail/2281
713,4,https://www.card-gorilla.com/card/detail/2282
714,6,https://www.card-gorilla.com/card/detail/2283
715,6,https://www.card-gorilla.com/card/detail/2285
716,6,https://www.card-gorilla.com/card/detail/2286
717,4,https://www.card-gorilla.com/card/detail/2287
718,7,https://www.card-gorilla.com/card/detail/2288
719,3,https://www.card-gorilla.com/card/detail/2289
720,3,https://www.card-gorilla.com/card/detail/2290
721,1,https://www.card-gorilla.com/card/detail/2291
722,4,https://www.card-gorilla.com/card/detail/2292
723,4,https://www.card-gorilla.com/card/detail/2293
724,4,https://www.card-gorilla.com/card/detail/2294
725,2,https://www.card-gorilla.com/card/detail/2296
726,2,https://www.card-gorilla.com/card/detail/2297
727,2,https://www.card-gorilla.com/card/detail/2298
728,2,https://www.card-gorilla.com/card/detail/2299
729,7,https://www.card-gorilla.com/card/detail/2300
730,1,https://www.card-gorilla.com/card/detail/2301
731,1,https://www.card-gorilla.com/card/detail/2302
732,1,https://www.card-gorilla.com/card/detail/2304
733,5,https://www.card-gorilla.com/card/detail/2306
734,3,https://www.card-gorilla.com/card/detail/2307
735,4,https://www.card-gorilla.com/card/detail/2308
736,1,https://www.card-gorilla.com/card/detail/2309
737,6,https://www.card-gorilla.com/card/detail/2311
738,6,https://www.card-gorilla.com/card/detail/2312
739,6,https://www.card-gorilla.com/card/detail/2315
740,4,https://www.card-gorilla.com/card/detail/2316
741,4,https://www.card-gorilla.com/card/detail/2317
742,6,https://www.card-gorilla.com/card/detail/2318
743,1,https://www.card-gorilla.com/card/detail/2322
744,7,https://www.card-gorilla.com/card/detail/2323
745,3,https://www.card-gorilla.com/card/detail/2324
746,7,https://www.card-gorilla.com/card/detail/2325
747,2,https://www.card-gorilla.com/card/detail/2326
748,2,https://www.card-gorilla.com/card/detail/2327
749,6,https://www.card-gorilla.com/card/detail/2329
750,5,https://www.card-gorilla.com/card/detail/2330
751,1,https://www.card-gorilla.com/card/detail/2331
752,2,https://www.card-gorilla.com/card/detail/2332
753,1,https://www.card-gorilla.com/card/detail/2333
754,1,https://www.card-gorilla.com/card/detail/2334
755,2,https://www.card-gorilla.com/card/detail/2335
756,1,https://www.card-gorilla.com/card/detail/2338
757,2,https://www.card-gorilla.com/card/detail/2340
758,1,https://www.card-gorilla.com/card/detail/2342
759,1,https://www.card-gorilla.com/card/detail/2343
760,3,https://www.card-gorilla.com/card/detail/2349
761,5,https://www.card-gorilla.com/card/detail/2352
762,6,https://www.card-gorilla.com/card/detail/2353
763,6,https://www.card-gorilla.com/card/detail/2354
764,2,https://www.card-gorilla.com/card/detail/2355
765,2,https://www.card-gorilla.com/card/detail/2356
766,2,https://www.card-gorilla.com/card/detail/2357
767,3,https://www.card-gorilla.com/card/detail/2358
768,4,https://www.card-gorilla.com/card/detail/2359
769,5,https://www.card-gorilla.com/card/detail/2360
770,5,https://www.card-gorilla.com/card/detail/2361
771,2,https://www.card-gorilla.com/card/detail/2363
772,3,https://www.card-gorilla.com/card/detail/2364
773,7,https://www.card-gorilla.com/card/detail/2365
774,5,https://www.card-gorilla.com/card/detail/2369
775,6,https://www.card-gorilla.com/card/detail/2370
776,1,https://www.card-gorilla.com/card/detail/2371
777,1,https://www.card-gorilla.com/card/detail/2372
778,1,https://www.card-gorilla.com/card/detail/2373
779,1,https://www.card-gorilla.com/card/detail/2374
780,3,https://www.card-gorilla.com/card/detail/2376
781,2,https://www.card-gorilla.com/card/detail/2377
782,2,https://www.card-gorilla.com/card/detail/2378
783,1,https://www.card-gorilla.com/card/detail/2379
784,5,https://www.card-gorilla.com/card/detail/2385
785,1,https://www.card-gorilla.com/card/detail/2386
786,4,https://www.card-gorilla.com/card/detail/2388
787,4,https://www.card-gorilla.com/card/detail/2389
788,4,https://www.card-gorilla.com/card/detail/2390
789,3,https://www.card-gorilla.com/card/detail/2392
790,4,https://www.card-gorilla.com/card/detail/2393
791,7,https://www.card-gorilla.com/card/detail/2394
792,5,https://www.card-gorilla.com/card/detail/2395
793,6,https://www.card-gorilla.com/card/detail/2396
794,6,https://www.card-gorilla.com/card/detail/2397
795,3,https://www.card-gorilla.com/card/detail/2398
796,2,https://www.card-gorilla.com/card/detail/2399
797,6,https://www.card-gorilla.com/card/detail/2400
798,6,https://www.card-gorilla.com/card/detail/2401
799,1,https://www.card-gorilla.com/card/detail/2402
800,6,https://www.card-gorilla.com/card/detail/2403
801,6,https://www.card-gorilla.com/card/detail/2404
802,7,https://www.card-gorilla.com/card/detail/2405
803,7,https://www.card-gorilla.com/card/detail/2406
804,3,https://www.card-gorilla.com/card/detail/2407
805,7,https://www.card-gorilla.com/card/detail/2409
806,7,https://www.card-gorilla.com/card/detail/2410
807,6,https://www.card-gorilla.com/card/detail/2411
808,5,https://www.card-gorilla.com/card/detail/2412
809,4,https://www.card-gorilla.com/card/detail/2414
810,2,https://www.card-gorilla.com/card/detail/2416
811,4,https://www.card-gorilla.com/card/detail/2417
812,6,https://www.card-gorilla.com/card/detail/2418
813,3,https://www.card-gorilla.com/card/detail/2419
814,3,https://www.card-gorilla.com/card/detail/2420
815,3,https://www.card-gorilla.com/card/detail/2421
816,2,https://www.card-gorilla.com/card/detail/2422
817,2,https://www.card-gorilla.com/card/detail/2423
818,1,https://www.card-gorilla.com/card/detail/2424
819,6,https://www.card-gorilla.com/card/detail/2429
820,4,https://www.card-gorilla.com/card/detail/2430
821,4,https://www.card-gorilla.com/card/detail/2431
822,7,https://www.card-gorilla.com/card/detail/2432
823,3,https://www.card-gorilla.com/card/detail/2433
824,2,https://www.card-gorilla.com/card/detail/2434
825,1,https://www.card-gorilla.com/card/detail/2435
826,4,https://www.card-gorilla.com/card/detail/2436
827,1,https://www.card-gorilla.com/card/detail/2437
828,2,https://www.card-gorilla.com/card/detail/2440
829,2,https://www.card-gorilla.com/card/detail/2441
830,2,https://www.card-gorilla.com/card/detail/2442
831,2,https://www.card-gorilla.com/card/detail/2443
832,5,https://www.card-gorilla.com/card/detail/2444
833,7,https://www.card-gorilla.com/card/detail/2445
834,7,https://www.card-gorilla.com/card/detail/2446
835,1,https://www.card-gorilla.com/card/detail/2447
836,7,https://www.card-gorilla.com/card/detail/2448
837,7,https://www.card-gorilla.com/card/detail/2449
838,2,https://www.card-gorilla.com/card/detail/2450
839,2,https://www.card-gorilla.com/card/detail/2451
840,2,https://www.card-gorilla.com/card/detail/2452
841,1,https://www.card-gorilla.com/card/detail/2453
842,3,https://www.card-gorilla.com/card/detail/2455
843,4,https://www.card-gorilla.com/card/detail/2457
844,3,https://www.card-gorilla.com/card/detail/2459
845,3,https://www.card-gorilla.com/card/detail/2460
846,3,https://www.card-gorilla.com/card/detail/2461
847,5,https://www.card-gorilla.com/card/detail/2463
848,7,https://www.card-gorilla.com/card/detail/2465
849,6,https://www.card-gorilla.com/card/detail/2466
850,1,https://www.card-gorilla.com/card/detail/2467
851,2,https://www.card-gorilla.com/card/detail/2468
852,5,https://www.card-gorilla.com/card/detail/2469
853,3,https://www.card-gorilla.com/card/detail/2470
854,1,https://www.card-gorilla.com/card/detail/2471
855,4,https://www.card-gorilla.com/card/detail/2472
856,5,https://www.card-gorilla.com/card/detail/2473
857,2,https://www.card-gorilla.com/card/detail/2474
858,7,https://www.card-gorilla.com/card/detail/2475
859,6,https://www.card-gorilla.com/card/detail/2476
860,1,https://www.card-gorilla.com/card/detail/2477
861,1,https://www.card-gorilla.com/card/detail/2479
862,1,https://www.card-gorilla.com/card/detail/2481
863,4,https://www.card-gorilla.com/card/detail/2483
864,6,https://www.card-gorilla.com/card/detail/2484
865,1,https://www.card-gorilla.com/card/detail/2486
866,1,https://www.card-gorilla.com/card/detail/2487
867,1,https://www.card-gorilla.com/card/detail/2488
868,4,https://www.card-gorilla.com/card/detail/2489
869,1,https://www.card-gorilla.com/card/detail/2491
870,1,https://www.card-gorilla.com/card/detail/2492
871,6,https://www.card-gorilla.com/card/detail/2494
872,1,https://www.card-gorilla.com/card/detail/2495
873,1,https://www.card-gorilla.com/card/detail/2496
874,1,https://www.card-gorilla.com/card/detail/2497
875,1,https://www.card-gorilla.com/card/detail/2511
876,1,https://www.card-gorilla.com/card/detail/2512
877,1,https://www.card-gorilla.com/card/detail/2514
878,4,https://www.card-gorilla.com/card/detail/2515
879,4,https://www.card-gorilla.com/card/detail/2516
880,3,https://www.card-gorilla.com/card/detail/2517
881,2,https://www.card-gorilla.com/card/detail/2519
882,4,https://www.card-gorilla.com/card/detail/2521
883,1,https://www.card-gorilla.com/card/detail/2522
884,6,https://www.card-gorilla.com/card/detail/2523
885,6,https://www.card-gorilla.com/card/detail/2525
886,1,https://www.card-gorilla.com/card/detail/2526
887,1,https://www.card-gorilla.com/card/detail/2527
888,1,https://www.card-gorilla.com/card/detail/2528
889,7,https://www.card-gorilla.com/card/detail/2529
890,2,https://www.card-gorilla.com/card/detail/2530
891,1,https://www.card-gorilla.com/card/detail/2532
892,7,https://www.card-gorilla.com/card/detail/2533
893,3,https://www.card-gorilla.com/card/detail/2534
894,5,https://www.card-gorilla.com/card/detail/2537
895,1,https://www.card-gorilla.com/card/detail/2538
896,1,https://www.card-gorilla.com/card/detail/2539
897,2,https://www.card-gorilla.com/card/detail/2540
898,2,https://www.card-gorilla.com/card/detail/2541
899,2,https://www.card-gorilla.com/card/detail/2542
900,3,https://www.card-gorilla.com/card/detail/2543
901,1,https://www.card-gorilla.com/card/detail/2546
902,1,https://www.card-gorilla.com/card/detail/2547
903,1,https://www.card-gorilla.com/card/detail/2548
904,1,https://www.card-gorilla.com/card/detail/2549
905,2,https://www.card-gorilla.com/card/detail/2550
906,6,https://www.card-gorilla.com/card/detail/2551
907,6,https://www.card-gorilla.com/card/detail/2552
908,6,https://www.card-gorilla.com/card/detail/2553
909,5,https://www.card-gorilla.com/card/detail/2554
910,2,https://www.card-gorilla.com/card/detail/2555
911,2,https://www.card-gorilla.com/card/detail/2556
912,3,https://www.card-gorilla.com/card/detail/2558
913,3,https://www.card-gorilla.com/card/detail/2563
914,3,https://www.card-gorilla.com/card/detail/2565
915,3,https://www.card-gorilla.com/card/detail/2566
916,3,https://www.card-gorilla.com/card/detail/2567
917,2,https://www.card-gorilla.com/card/detail/2568
918,6,https://www.card-gorilla.com/card/detail/2569
919,6,https://www.card-gorilla.com/card/detail/2570
920,1,https://www.card-gorilla.com/card/detail/2571
921,7,https://www.card-gorilla.com/card/detail/2572
922,1,https://www.card-gorilla.com/card/detail/2583
923,1,https://www.card-gorilla.com/card/detail/2585
924,1,https://www.card-gorilla.com/card/detail/2586
925,6,https://www.card-gorilla.com/card/detail/2587
926,2,https://www.card-gorilla.com/card/detail/2588
927,1,https://www.card-gorilla.com/card/detail/2589
928,3,https://www.card-gorilla.com/card/detail/2590
929,1,https://www.card-gorilla.com/card/detail/2592
930,1,https://www.card-gorilla.com/card/detail/2594
931,2,https://www.card-gorilla.com/card/detail/2595
932,1,https://www.card-gorilla.com/card/detail/2596
933,1,https://www.card-gorilla.com/card/detail/2597
934,1,https://www.card-gorilla.com/card/detail/2598
935,1,https://www.card-gorilla.com/card/detail/2602
936,1,https://www.card-gorilla.com/card/detail/2603
937,2,https://www.card-gorilla.com/card/detail/2604
938,1,https://www.card-gorilla.com/card/detail/2605
939,1,https://www.card-gorilla.com/card/detail/2606
940,1,https://www.card-gorilla.com/card/detail/2608
941,2,https://www.card-gorilla.com/card/detail/2609
942,1,https://www.card-gorilla.com/card/detail/2611
943,6,https://www.card-gorilla.com/card/detail/2612
944,6,https://www.card-gorilla.com/card/detail/2613
945,2,https://www.card-gorilla.com/card/detail/2614
946,3,https://www.card-gorilla.com/card/detail/2618
947,5,https://www.card-gorilla.com/card/detail/2619
948,2,https://www.card-gorilla.com/card/detail/2623
949,2,https://www.card-gorilla.com/card/detail/2624
950,2,https://www.card-gorilla.com/card/detail/2625
951,6,https://www.card-gorilla.com/card/detail/2627
952,4,https://www.card-gorilla.com/card/detail/2629
953,2,https://www.card-gorilla.com/card/detail/2630
954,3,https://www.card-gorilla.com/card/detail/2631
955,5,https://www.card-gorilla.com/card/detail/2632
956,5,https://www.card-gorilla.com/card/detail/2633
957,5,https://www.card-gorilla.com/card/detail/2634
958,1,https://www.card-gorilla.com/card/detail/2635
959,5,https://www.card-gorilla.com/card/detail/2636
960,1,https://www.card-gorilla.com/card/detail/2637
961,1,https://www.card-gorilla.com/card/detail/2638
962,6,https://www.card-gorilla.com/card/detail/2639
963,4,https://www.card-gorilla.com/card/detail/2640
964,5,https://www.card-gorilla.com/card/detail/2641
965,4,https://www.card-gorilla.com/card/detail/2642
966,7,https://www.card-gorilla.com/card/detail/2643
967,1,https://www.card-gorilla.com/card/detail/2645
968,4,https://www.card-gorilla.com/card/detail/2646
969,4,https://www.card-gorilla.com/card/detail/2647
970,3,https://www.card-gorilla.com/card/detail/2651
971,3,https://www.card-gorilla.com/card/detail/2652
972,6,https://www.card-gorilla.com/card/detail/2653
973,7,https://www.card-gorilla.com/card/detail/2654
974,6,https://www.card-gorilla.com/card/detail/2655
975,2,https://www.card-gorilla.com/card/detail/2656
976,7,https://www.card-gorilla.com/card/detail/2657
977,2,https://www.card-gorilla.com/card/detail/2658
978,3,https://www.card-gorilla.com/card/detail/2659
979,3,https://www.card-gorilla.com/card/detail/2661
980,4,https://www.card-gorilla.com/card/detail/2662
981,4,https://www.card-gorilla.com/card/detail/2663
982,4,https://www.card-gorilla.com/card/detail/2664
983,2,https://www.card-gorilla.com/card/detail/2665
984,1,https://www.card-gorilla.com/card/detail/2666
985,1,https://www.card-gorilla.com/card/detail/2667
986,1,https://www.card-gorilla.com/card/detail/2668
987,4,https://www.card-gorilla.com/card/detail/2669
988,4,https://www.card-gorilla.com/card/detail/2670
989,7,https://www.card-gorilla.com/card/detail/2671
990,1,https://www.card-gorilla.com/card/detail/2673
991,3,https://www.card-gorilla.com/card/detail/2676
992,6,https://www.card-gorilla.com/card/detail/2677
993,6,https://www.card-gorilla.com/card/detail/2678
994,4,https://www.card-gorilla.com/card/detail/2679
995,4,https://www.card-gorilla.com/card/detail/2680
996,7,https://www.card-gorilla.com/card/detail/2681
997,7,https://www.card-gorilla.com/card/detail/2682
998,4,https://www.card-gorilla.com/card/detail/2683
999,4,https://www.card-gorilla.com/card/detail/2684
1000,2,https://www.card-gorilla.com/card/detail/2685
1001,6,https://www.card-gorilla.com/card/detail/2686
1002,6,https://www.card-gorilla.com/card/detail/2687
1003,6,https://www.card-gorilla.com/card/detail/2688
1004,6,https://www.card-gorilla.com/card/detail/2689
1005,1,https://www.card-gorilla.com/card/detail/2690
1102,1,https://www.card-gorilla.com/card/detail/2817
1006,2,https://www.card-gorilla.com/card/detail/2691
1007,4,https://www.card-gorilla.com/card/detail/2692
1008,1,https://www.card-gorilla.com/card/detail/2693
1009,1,https://www.card-gorilla.com/card/detail/2694
1010,4,https://www.card-gorilla.com/card/detail/2697
1011,6,https://www.card-gorilla.com/card/detail/2699
1012,1,https://www.card-gorilla.com/card/detail/2700
1013,3,https://www.card-gorilla.com/card/detail/2701
1014,3,https://www.card-gorilla.com/card/detail/2702
1015,7,https://www.card-gorilla.com/card/detail/2703
1016,7,https://www.card-gorilla.com/card/detail/2704
1017,7,https://www.card-gorilla.com/card/detail/2705
1018,5,https://www.card-gorilla.com/card/detail/2707
1019,2,https://www.card-gorilla.com/card/detail/2708
1020,4,https://www.card-gorilla.com/card/detail/2709
1021,4,https://www.card-gorilla.com/card/detail/2710
1022,4,https://www.card-gorilla.com/card/detail/2711
1023,4,https://www.card-gorilla.com/card/detail/2712
1024,3,https://www.card-gorilla.com/card/detail/2713
1025,5,https://www.card-gorilla.com/card/detail/2714
1026,5,https://www.card-gorilla.com/card/detail/2715
1027,5,https://www.card-gorilla.com/card/detail/2716
1028,5,https://www.card-gorilla.com/card/detail/2717
1029,2,https://www.card-gorilla.com/card/detail/2718
1030,6,https://www.card-gorilla.com/card/detail/2719
1031,7,https://www.card-gorilla.com/card/detail/2721
1032,1,https://www.card-gorilla.com/card/detail/2722
1033,5,https://www.card-gorilla.com/card/detail/2723
1034,1,https://www.card-gorilla.com/card/detail/2725
1035,1,https://www.card-gorilla.com/card/detail/2726
1036,7,https://www.card-gorilla.com/card/detail/2729
1037,7,https://www.card-gorilla.com/card/detail/2730
1038,1,https://www.card-gorilla.com/card/detail/2731
1039,5,https://www.card-gorilla.com/card/detail/2732
1040,7,https://www.card-gorilla.com/card/detail/2733
1041,2,https://www.card-gorilla.com/card/detail/2734
1042,1,https://www.card-gorilla.com/card/detail/2735
1043,4,https://www.card-gorilla.com/card/detail/2736
1044,4,https://www.card-gorilla.com/card/detail/2737
1045,4,https://www.card-gorilla.com/card/detail/2738
1046,4,https://www.card-gorilla.com/card/detail/2739
1047,7,https://www.card-gorilla.com/card/detail/2740
1048,1,https://www.card-gorilla.com/card/detail/2741
1049,6,https://www.card-gorilla.com/card/detail/2742
1050,4,https://www.card-gorilla.com/card/detail/2743
1051,1,https://www.card-gorilla.com/card/detail/2744
1052,3,https://www.card-gorilla.com/card/detail/2746
1053,1,https://www.card-gorilla.com/card/detail/2747
1054,1,https://www.card-gorilla.com/card/detail/2748
1055,2,https://www.card-gorilla.com/card/detail/2750
1056,4,https://www.card-gorilla.com/card/detail/2751
1057,4,https://www.card-gorilla.com/card/detail/2752
1058,4,https://www.card-gorilla.com/card/detail/2753
1059,4,https://www.card-gorilla.com/card/detail/2755
1060,4,https://www.card-gorilla.com/card/detail/2756
1061,4,https://www.card-gorilla.com/card/detail/2757
1062,1,https://www.card-gorilla.com/card/detail/2759
1063,6,https://www.card-gorilla.com/card/detail/2760
1064,2,https://www.card-gorilla.com/card/detail/2761
1065,3,https://www.card-gorilla.com/card/detail/2762
1066,1,https://www.card-gorilla.com/card/detail/2763
1067,2,https://www.card-gorilla.com/card/detail/2764
1068,3,https://www.card-gorilla.com/card/detail/2765
1069,1,https://www.card-gorilla.com/card/detail/2766
1070,1,https://www.card-gorilla.com/card/detail/2767
1071,1,https://www.card-gorilla.com/card/detail/2768
1072,1,https://www.card-gorilla.com/card/detail/2769
1073,1,https://www.card-gorilla.com/card/detail/2770
1074,3,https://www.card-gorilla.com/card/detail/2771
1075,1,https://www.card-gorilla.com/card/detail/2775
1076,4,https://www.card-gorilla.com/card/detail/2776
1077,4,https://www.card-gorilla.com/card/detail/2777
1078,4,https://www.card-gorilla.com/card/detail/2779
1079,2,https://www.card-gorilla.com/card/detail/2780
1080,2,https://www.card-gorilla.com/card/detail/2781
1081,1,https://www.card-gorilla.com/card/detail/2782
1082,1,https://www.card-gorilla.com/card/detail/2784
1083,5,https://www.card-gorilla.com/card/detail/2785
1084,5,https://www.card-gorilla.com/card/detail/2786
1085,1,https://www.card-gorilla.com/card/detail/2787
1086,1,https://www.card-gorilla.com/card/detail/2788
1087,1,https://www.card-gorilla.com/card/detail/2789
1088,4,https://www.card-gorilla.com/card/detail/2790
1089,4,https://www.card-gorilla.com/card/detail/2791
1090,4,https://www.card-gorilla.com/card/detail/2792
1091,4,https://www.card-gorilla.com/card/detail/2793
1092,3,https://www.card-gorilla.com/card/detail/2794
1093,1,https://www.card-gorilla.com/card/detail/2795
1094,1,https://www.card-gorilla.com/card/detail/2799
1095,1,https://www.card-gorilla.com/card/detail/2805
1096,1,https://www.card-gorilla.com/card/detail/2806
1097,1,https://www.card-gorilla.com/card/detail/2807
1098,7,https://www.card-gorilla.com/card/detail/2809
1099,7,https://www.card-gorilla.com/card/detail/2810
1100,1,https://www.card-gorilla.com/card/detail/2811
1101,1,https://www.card-gorilla.com/card/detail/2814
1103,7,https://www.card-gorilla.com/card/detail/2820
1104,7,https://www.card-gorilla.com/card/detail/2821
1105,1,https://www.card-gorilla.com/card/detail/2822
1106,5,https://www.card-gorilla.com/card/detail/2823
1107,5,https://www.card-gorilla.com/card/detail/2824
1108,3,https://www.card-gorilla.com/card/detail/2825
1109,1,https://www.card-gorilla.com/card/detail/2826
1110,3,https://www.card-gorilla.com/card/detail/2827
1111,3,https://www.card-gorilla.com/card/detail/2828
1112,1,https://www.card-gorilla.com/card/detail/2830
1113,1,https://www.card-gorilla.com/card/detail/2831
1114,1,https://www.card-gorilla.com/card/detail/2832
1115,1,https://www.card-gorilla.com/card/detail/2835
1116,1,https://www.card-gorilla.com/card/detail/2836
1117,2,https://www.card-gorilla.com/card/detail/2837
1118,1,https://www.card-gorilla.com/card/detail/2840
1119,1,https://www.card-gorilla.com/card/detail/2841
1120,4,https://www.card-gorilla.com/card/detail/2842
1121,4,https://www.card-gorilla.com/card/detail/2843
1122,4,https://www.card-gorilla.com/card/detail/2844
1123,2,https://www.card-gorilla.com/card/detail/2845
1124,1,https://www.card-gorilla.com/card/detail/2847
1125,6,https://www.card-gorilla.com/card/detail/2848
1126,1,https://www.card-gorilla.com/card/detail/2851
1127,2,https://www.card-gorilla.com/card/detail/2852
1128,3,https://www.card-gorilla.com/card/detail/2853
1129,1,https://www.card-gorilla.com/card/detail/2855
1130,2,https://www.card-gorilla.com/card/detail/2856
1131,1,https://www.card-gorilla.com/card/detail/2857
1132,1,https://www.card-gorilla.com/card/detail/2858
1133,2,https://www.card-gorilla.com/card/detail/2859
1134,5,https://www.card-gorilla.com/card/detail/2861
1135,7,https://www.card-gorilla.com/card/detail/2862
1136,5,https://www.card-gorilla.com/card/detail/2863
1137,5,https://www.card-gorilla.com/card/detail/2864
1138,7,https://www.card-gorilla.com/card/detail/2865
1139,6,https://www.card-gorilla.com/card/detail/2867
1140,2,https://www.card-gorilla.com/card/detail/2868
1141,2,https://www.card-gorilla.com/card/detail/2869
1142,1,https://www.card-gorilla.com/card/detail/2870
1143,1,https://www.card-gorilla.com/card/detail/2872
1144,1,https://www.card-gorilla.com/card/detail/2873
1145,3,https://www.card-gorilla.com/card/detail/2875
1146,7,https://www.card-gorilla.com/card/detail/2876
1147,7,https://www.card-gorilla.com/card/detail/2877
1148,4,https://www.card-gorilla.com/card/detail/2878
1149,4,https://www.card-gorilla.com/card/detail/2879
1150,4,https://www.card-gorilla.com/card/detail/2880
1151,4,https://www.card-gorilla.com/card/detail/2881
1152,4,https://www.card-gorilla.com/card/detail/2882
1153,4,https://www.card-gorilla.com/card/detail/2883
1154,1,https://www.card-gorilla.com/card/detail/2884
1155,3,https://www.card-gorilla.com/card/detail/2885
1156,3,https://www.card-gorilla.com/card/detail/2886
1157,1,https://www.card-gorilla.com/card/detail/2887
1158,3,https://www.card-gorilla.com/card/detail/2888
1159,1,https://www.card-gorilla.com/card/detail/2889
1160,1,https://www.card-gorilla.com/card/detail/2890
1161,1,https://www.card-gorilla.com/card/detail/2891
1162,1,https://www.card-gorilla.com/card/detail/2892
1163,1,https://www.card-gorilla.com/card/detail/2893
1164,3,https://www.card-gorilla.com/card/detail/2894
1165,2,https://www.card-gorilla.com/card/detail/2896
1166,3,https://www.card-gorilla.com/card/detail/2897
1167,6,https://www.card-gorilla.com/card/detail/2898
1168,1,https://www.card-gorilla.com/card/detail/2899
1169,6,https://www.card-gorilla.com/card/detail/2902
1170,4,https://www.card-gorilla.com/card/detail/2903
1171,1,https://www.card-gorilla.com/card/detail/2904
1172,2,https://www.card-gorilla.com/card/detail/2905
1173,1,https://www.card-gorilla.com/card/detail/2906
1174,6,https://www.card-gorilla.com/card/detail/2907
1175,1,https://www.card-gorilla.com/card/detail/2908
1176,7,https://www.card-gorilla.com/card/detail/2909
1177,1,https://www.card-gorilla.com/card/detail/2912
1178,2,https://www.card-gorilla.com/card/detail/2913
1179,3,https://www.card-gorilla.com/card/detail/2914
1180,3,https://www.card-gorilla.com/card/detail/2915
1181,1,https://www.card-gorilla.com/card/detail/2916
1182,1,https://www.card-gorilla.com/card/detail/2918
1183,6,https://www.card-gorilla.com/card/detail/2919
1184,1,https://www.card-gorilla.com/card/detail/2921
1185,1,https://www.card-gorilla.com/card/detail/2922
1186,1,https://www.card-gorilla.com/card/detail/2923
1187,6,https://www.card-gorilla.com/card/detail/2924
1188,2,https://www.card-gorilla.com/card/detail/2929
1189,2,https://www.card-gorilla.com/card/detail/2930
1190,1,https://www.card-gorilla.com/card/detail/2931
1191,1,https://www.card-gorilla.com/card/detail/2933
1192,7,https://www.card-gorilla.com/card/detail/2934
1193,1,https://www.card-gorilla.com/card/detail/2935
1194,5,https://www.card-gorilla.com/card/detail/2936
1195,5,https://www.card-gorilla.com/card/detail/2937
1196,4,https://www.card-gorilla.com/card/detail/2938
1197,4,https://www.card-gorilla.com/card/detail/2939
1198,4,https://www.card-gorilla.com/card/detail/2940
1199,4,https://www.card-gorilla.com/card/detail/2942
1200,3,https://www.card-gorilla.com/card/detail/2943
1201,4,https://www.card-gorilla.com/card/detail/2944
1202,4,https://www.card-gorilla.com/card/detail/2947
1203,4,https://www.card-gorilla.com/card/detail/2948
1204,1,https://www.card-gorilla.com/card/detail/2950
1205,1,https://www.card-gorilla.com/card/detail/2951
1206,3,https://www.card-gorilla.com/card/detail/2952
1207,6,https://www.card-gorilla.com/card/detail/2953
1208,1,https://www.card-gorilla.com/card/detail/2954
1209,3,https://www.card-gorilla.com/card/detail/2955
1210,2,https://www.card-gorilla.com/card/detail/2956
1211,1,https://www.card-gorilla.com/card/detail/2957
1212,1,https://www.card-gorilla.com/card/detail/2960
1213,7,https://www.card-gorilla.com/card/detail/2961
1214,1,https://www.card-gorilla.com/card/detail/2962
1215,1,https://www.card-gorilla.com/card/detail/2963
1216,2,https://www.card-gorilla.com/card/detail/2964
1217,1,https://www.card-gorilla.com/card/detail/2967
1218,1,https://www.card-gorilla.com/card/detail/2968
1219,4,https://www.card-gorilla.com/card/detail/2969
1220,2,https://www.card-gorilla.com/card/detail/2970
1221,1,https://www.card-gorilla.com/card/detail/2971
1222,4,https://www.card-gorilla.com/card/detail/2972
1223,4,https://www.card-gorilla.com/card/detail/2973
1224,4,https://www.card-gorilla.com/card/detail/2974
1225,5,https://www.card-gorilla.com/card/detail/2975
1226,1,https://www.card-gorilla.com/card/detail/2977
1227,6,https://www.card-gorilla.com/card/detail/2978
1228,1,https://www.card-gorilla.com/card/detail/2979
1229,6,https://www.card-gorilla.com/card/detail/2980
1230,2,https://www.card-gorilla.com/card/detail/2981
1231,4,https://www.card-gorilla.com/card/detail/2982
1232,4,https://www.card-gorilla.com/card/detail/2983
1233,4,https://www.card-gorilla.com/card/detail/2984
1234,4,https://www.card-gorilla.com/card/detail/2985
1235,3,https://www.card-gorilla.com/card/detail/2986
1236,5,https://www.card-gorilla.com/card/detail/2987
1237,3,https://www.card-gorilla.com/card/detail/2988
1238,4,https://www.card-gorilla.com/card/detail/2989
1239,4,https://www.card-gorilla.com/card/detail/2990
1240,4,https://www.card-gorilla.com/card/detail/2991
1241,1,https://www.card-gorilla.com/card/detail/2992
1242,1,https://www.card-gorilla.com/card/detail/2993
1243,6,https://www.card-gorilla.com/card/detail/2994
1244,7,https://www.card-gorilla.com/card/detail/2997
1245,7,https://www.card-gorilla.com/card/detail/2998
1246,1,https://www.card-gorilla.com/card/detail/3000
1247,4,https://www.card-gorilla.com/card/detail/3016
