card_id,brand_name,annual_fee_domestic,annual_fee_overseas
1,VISA,,8000
1,Mastercard,,8000
1,JCB,,8000
2,VISA,,8000
2,Mastercard,,8000
2,UnionPay,,8000
2,AMEX,,8000
3,VISA,,5000
3,Mastercard,,5000
3,UnionPay,,5000
8,VISA,,100000
8,Mastercard,,100000
8,UnionPay,,100000
10,VISA,,10000
10,UnionPay,,10000
11,VISA,10000,13000
11,Mastercard,10000,13000
12,VISA,,40000
12,Mastercard,,40000
13,VISA,,15000
14,VISA,,18000
15,AMEX,,120000
16,VISA,,32000
16,UnionPay,,32000
18,VISA,,20000
21,VISA,,30000
21,UnionPay,,30000
21,JCB,,30000
26,Mastercard,,20000
28,Mastercard,,12000
28,UnionPay,,12000
35,VISA,,7000
35,Mastercard,,7000
36,VISA,,32000
36,Mastercard,,32000
36,AMEX,,32000
37,VISA,,202000
38,AMEX,,27000
39,Mastercard,,10000
41,Mastercard,,33000
41,UnionPay,,33000
42,VISA,,13000
43,Mastercard,,13000
45,AMEX,,15000
46,Mastercard,,10000
49,AMEX,,49000
50,Mastercard,,
51,Mastercard,,10000
52,Mastercard,,10000
53,Mastercard,,
54,AMEX,,99000
55,Mastercard,,10000
56,Mastercard,,
56,UnionPay,,
57,Mastercard,,
57,UnionPay,,
58,Mastercard,,49000
59,Mastercard,,49000
61,AMEX,,
62,Mastercard,,18000
63,Mastercard,,10000
64,Mastercard,,20000
72,Mastercard,,15000
73,VISA,,5000
73,Mastercard,,5000
73,UnionPay,,5000
73,BC,,5000
74,VISA,,10000
74,Mastercard,,10000
74,UnionPay,,10000
77,Mastercard,,12000
77,BC,,12000
80,Mastercard,,10000
80,UnionPay,,10000
81,Mastercard,,12000
81,UnionPay,,12000
81,BC,,12000
82,Mastercard,,15000
82,BC,,15000
83,Mastercard,,15000
83,BC,,15000
84,VISA,,12000
84,Mastercard,,12000
84,BC,,12000
85,VISA,,12000
85,Mastercard,,12000
85,UnionPay,,12000
86,VISA,,12000
86,Mastercard,,12000
86,UnionPay,,12000
87,Mastercard,,10000
87,BC,,10000
88,Mastercard,,10000
88,BC,,10000
89,VISA,,20000
89,UnionPay,,20000
89,BC,,20000
90,Mastercard,,15000
90,BC,,15000
91,Mastercard,,110000
91,BC,,110000
92,Mastercard,,135000
92,BC,,135000
93,Mastercard,,135000
93,BC,,135000
94,VISA,,10000
94,Mastercard,,10000
94,UnionPay,,10000
106,VISA,,10000
106,Mastercard,,10000
106,UnionPay,,10000
106,JCB,,10000
106,AMEX,,10000
107,VISA,,5000
107,Mastercard,,5000
108,VISA,,10000
108,Mastercard,,10000
108,UnionPay,,10000
108,JCB,,10000
108,AMEX,,10000
109,Mastercard,,12000
109,JCB,,12000
112,Mastercard,,12000
112,AMEX,,12000
113,Mastercard,,20000
114,Mastercard,,20000
115,VISA,,20000
115,Mastercard,,20000
115,AMEX,,20000
116,Mastercard,,20000
120,Mastercard,,15000
121,VISA,,15000
121,Mastercard,,15000
121,UnionPay,,15000
122,VISA,,1000
122,Mastercard,,1000
125,Mastercard,,20000
126,Mastercard,,30000
127,Mastercard,,15000
127,UnionPay,,15000
129,Mastercard,,12000
129,JCB,,12000
130,Mastercard,,295000
130,UnionPay,,295000
131,Mastercard,,295000
131,UnionPay,,295000
132,Mastercard,,17000
133,Mastercard,,200000
133,UnionPay,,200000
134,Mastercard,,15000
136,Mastercard,,15000
138,VISA,,15000
138,Mastercard,,15000
138,JCB,,15000
139,VISA,,15000
139,Mastercard,,15000
140,VISA,,10000
140,Mastercard,,10000
141,Mastercard,,30000
142,Mastercard,,20000
143,Mastercard,,15000
144,Mastercard,,15000
145,Mastercard,,15000
146,Mastercard,,15000
148,Mastercard,,15000
152,Mastercard,,35000
156,VISA,,8000
156,Mastercard,,8000
162,Mastercard,,10000
163,Mastercard,,25000
164,Mastercard,,25000
166,Mastercard,,8000
166,JCB,,8000
167,Mastercard,,25000
174,UnionPay,,
175,Mastercard,,10000
176,VISA,,10000
176,UnionPay,,10000
185,Mastercard,,10000
185,UnionPay,,10000
186,VISA,,10000
186,Mastercard,,10000
186,JCB,,10000
191,VISA,,10000
191,JCB,,10000
192,UnionPay,,15000
193,Mastercard,,15000
193,JCB,,15000
194,VISA,,5000
194,Mastercard,,5000
194,UnionPay,,5000
194,JCB,,5000
194,AMEX,,5000
197,Mastercard,,15000
198,Mastercard,,15000
199,Mastercard,,15000
200,Mastercard,,15000
201,VISA,,15000
201,Mastercard,,15000
203,VISA,,18000
203,Mastercard,,18000
203,AMEX,,18000
204,VISA,,18000
204,Mastercard,,18000
204,AMEX,,18000
205,VISA,,18000
205,Mastercard,,18000
205,AMEX,,18000
206,VISA,,15000
206,Mastercard,,15000
206,AMEX,,15000
207,Mastercard,,
214,VISA,,15000
214,Mastercard,,15000
215,VISA,,15000
215,Mastercard,,15000
217,VISA,,15000
217,Mastercard,,15000
227,VISA,,25000
227,Mastercard,,25000
227,UnionPay,,25000
227,JCB,,25000
227,AMEX,,25000
228,VISA,,5000
228,Mastercard,,5000
228,UnionPay,,5000
231,VISA,,10000
231,Mastercard,,10000
232,VISA,,10000
232,Mastercard,,10000
232,JCB,,10000
234,VISA,,10000
234,Mastercard,,10000
237,VISA,,10000
237,JCB,,10000
238,VISA,,10000
238,Mastercard,,10000
238,JCB,,10000
239,VISA,,10000
239,Mastercard,,10000
239,JCB,,10000
240,VISA,,10000
240,Mastercard,,10000
240,JCB,,10000
241,VISA,,10000
241,Mastercard,,10000
241,JCB,,10000
242,AMEX,,45000
243,AMEX,,45000
244,AMEX,,130000
245,AMEX,,130000
246,VISA,,17000
246,JCB,,17000
247,Mastercard,,12000
247,UnionPay,,12000
248,Mastercard,,12000
248,UnionPay,,12000
250,Mastercard,,17000
250,UnionPay,,17000
251,Mastercard,,15000
252,VISA,,15000
252,Mastercard,,15000
252,UnionPay,,15000
252,JCB,,15000
252,AMEX,,15000
254,VISA,,17000
254,Mastercard,,17000
270,VISA,,10000
270,UnionPay,,10000
279,Mastercard,,
279,UnionPay,,
281,VISA,,
281,UnionPay,,
282,Mastercard,,
282,UnionPay,,
284,VISA,,
284,UnionPay,,
286,Mastercard,,
294,VISA,,
296,VISA,,
296,Mastercard,,
300,VISA,,
300,UnionPay,,
301,,,
302,,,
303,,,
306,VISA,,
306,UnionPay,,
307,VISA,,
309,Mastercard,,
309,UnionPay,,
311,Mastercard,,
312,Mastercard,,
312,BC,,
313,Mastercard,,
313,BC,,
315,VISA,,
315,BC,,
316,Mastercard,,
316,BC,,
317,VISA,,
317,Mastercard,,
317,BC,,
318,Mastercard,,5000
318,UnionPay,,5000
318,BC,,5000
320,Mastercard,,
320,UnionPay,,
322,Mastercard,,
322,UnionPay,,
323,BC,,
324,UnionPay,,
325,Mastercard,,95000
325,BC,,95000
326,BC,,
328,BC,,
329,VISA,,
329,UnionPay,,
330,BC,,
331,Mastercard,,
331,BC,,
332,Mastercard,,
333,,,
334,Mastercard,,
335,Mastercard,,
335,UnionPay,,
336,Mastercard,,
338,Mastercard,,
339,VISA,,
339,Mastercard,,
340,VISA,,
340,UnionPay,,
341,VISA,,
341,Mastercard,,
342,VISA,,
342,Mastercard,,
342,UnionPay,,
343,VISA,,
344,Mastercard,,
345,VISA,,
345,Mastercard,,
346,VISA,,
346,Mastercard,,
347,VISA,,
347,Mastercard,,
348,VISA,,
348,Mastercard,,
348,UnionPay,,
349,Mastercard,,
350,VISA,,
350,Mastercard,,
351,VISA,,
351,Mastercard,,
353,VISA,,
353,Mastercard,,
354,Mastercard,,
355,Mastercard,,
357,Mastercard,,
359,Mastercard,,
364,UnionPay,,
366,UnionPay,,
369,UnionPay,,
372,VISA,,
378,VISA,,
380,VISA,,
380,Mastercard,,
382,VISA,,
383,,,
388,VISA,,
389,VISA,,
389,UnionPay,,
390,VISA,,
391,,,
392,Mastercard,,
392,UnionPay,,
393,,,
394,,,
400,,,
402,VISA,,1000
403,VISA,,
404,,,
406,Mastercard,,
406,UnionPay,,
407,,,
408,,,
410,VISA,,5000
410,UnionPay,,5000
414,,,
415,,,
418,VISA,,5000
418,UnionPay,,5000
419,VISA,,5000
419,UnionPay,,5000
420,VISA,,5000
420,UnionPay,,5000
421,,,
422,VISA,,150000
422,Mastercard,,150000
423,VISA,,300000
423,Mastercard,,300000
424,VISA,,800000
424,Mastercard,,800000
425,VISA,,10000
426,Mastercard,,
430,VISA,,120000
430,Mastercard,,120000
432,AMEX,,20000
434,Mastercard,,10000
439,,,
444,VISA,,3000
444,Mastercard,,3000
444,BC,,3000
447,VISA,,210000
447,JCB,,210000
448,VISA,,210000
448,JCB,,210000
449,VISA,,145000
449,UnionPay,,145000
450,VISA,,145000
450,UnionPay,,145000
451,VISA,,100000
451,Mastercard,,100000
452,VISA,,100000
452,Mastercard,,100000
453,VISA,,100000
453,Mastercard,,100000
454,Mastercard,,
455,Mastercard,,
457,Mastercard,,
457,BC,,
458,Mastercard,,15000
459,VISA,,12000
459,Mastercard,,12000
459,BC,,12000
465,Mastercard,,12000
466,AMEX,,49000
469,Mastercard,,20000
469,JCB,,20000
470,Mastercard,,20000
470,UnionPay,,20000
471,Mastercard,,5000
473,UnionPay,,20000
473,BC,,20000
476,VISA,,30000
477,VISA,,20000
478,VISA,,15000
479,VISA,,
480,Mastercard,,22000
480,BC,,22000
481,VISA,,12000
481,Mastercard,,12000
481,UnionPay,,12000
482,VISA,,12000
482,Mastercard,,12000
482,UnionPay,,12000
486,Mastercard,,
486,BC,,
487,VISA,,13000
488,Mastercard,,30000
488,JCB,,30000
489,Mastercard,,35000
489,UnionPay,,35000
490,Mastercard,,8000
491,Mastercard,,
498,Mastercard,,
500,Mastercard,,110000
501,Mastercard,,10000
502,VISA,,15000
502,Mastercard,,15000
507,Mastercard,,15000
507,BC,,15000
508,VISA,,25000
516,Mastercard,,23000
516,JCB,,23000
517,Mastercard,,
521,VISA,,12000
521,Mastercard,,12000
521,UnionPay,,12000
522,Mastercard,,20000
523,VISA,,
529,VISA,,300000
529,Mastercard,,300000
533,VISA,,18000
533,Mastercard,,18000
533,AMEX,,18000
534,Mastercard,,10000
535,AMEX,,35000
536,Mastercard,,23000
537,Mastercard,,30000
538,Mastercard,,35000
539,Mastercard,,50000
540,Mastercard,,15000
540,AMEX,,15000
541,Mastercard,,15000
541,AMEX,,15000
542,VISA,,12000
542,Mastercard,,12000
542,UnionPay,,12000
543,Mastercard,,15000
543,BC,,15000
544,Mastercard,,29000
544,BC,,29000
545,Mastercard,,9000
545,BC,,9000
546,VISA,,
548,VISA,,39000
548,Mastercard,,39000
548,BC,,39000
551,Mastercard,,32000
551,UnionPay,,32000
558,VISA,,39000
558,Mastercard,,39000
558,BC,,39000
559,VISA,,
559,Mastercard,,
561,Mastercard,,
561,UnionPay,,
568,Mastercard,,10000
569,VISA,,20000
578,VISA,,5000
578,Mastercard,,5000
578,UnionPay,,5000
579,Mastercard,,50000
580,Mastercard,,30000
581,Mastercard,,15000
581,AMEX,,15000
582,Mastercard,,35000
583,Mastercard,,15000
583,BC,,15000
584,Mastercard,,
587,Mastercard,,15000
588,Mastercard,,5000
588,BC,,5000
589,VISA,,10000
591,Mastercard,,15000
592,VISA,,7000
592,Mastercard,,7000
594,VISA,,20000
594,BC,,20000
595,VISA,,18000
595,BC,,18000
596,VISA,,20000
596,BC,,20000
597,VISA,,12000
597,Mastercard,,12000
597,UnionPay,,12000
597,BC,,12000
598,VISA,,25000
598,Mastercard,,25000
598,UnionPay,,25000
599,VISA,,3000
599,Mastercard,,3000
599,UnionPay,,3000
599,BC,,3000
600,Mastercard,,30000
601,Mastercard,,70000
602,Mastercard,,150000
603,Mastercard,,500000
606,Mastercard,,12000
606,BC,,12000
607,Mastercard,,25000
607,BC,,25000
608,VISA,,10000
609,VISA,,10000
610,VISA,,10000
611,VISA,,10000
613,VISA,,26000
614,VISA,,
615,Mastercard,,30000
616,VISA,,8000
617,UnionPay,,15000
617,BC,,15000
618,VISA,,
620,Mastercard,,20000
621,Mastercard,,20000
622,,,20000
623,Mastercard,,20000
624,Mastercard,,20000
625,Mastercard,,20000
626,Mastercard,,100000
627,Mastercard,,100000
628,VISA,,
628,Mastercard,,
628,BC,,
630,VISA,,20000
630,UnionPay,,20000
634,VISA,,30000
634,UnionPay,,30000
638,Mastercard,,
644,Mastercard,,
645,VISA,,
646,VISA,,
647,VISA,,
649,Mastercard,,30000
650,Mastercard,,10000
651,VISA,,10000
652,Mastercard,,15000
656,Mastercard,,
656,BC,,
657,Mastercard,,10000
658,VISA,,10000
659,Mastercard,,10000
661,Mastercard,,15000
661,BC,,15000
662,Mastercard,,15000
663,Mastercard,,15000
664,VISA,,15000
664,Mastercard,,15000
664,UnionPay,,15000
667,VISA,,15000
673,VISA,,30000
673,Mastercard,,30000
677,VISA,,3000
677,BC,,3000
679,UnionPay,,
680,UnionPay,,
681,Mastercard,,15000
684,VISA,,
685,BC,,
687,AMEX,,35000
688,VISA,,
688,Mastercard,,
688,BC,,
689,Mastercard,,
690,Mastercard,,
691,Mastercard,,10000
692,Mastercard,,27000
693,Mastercard,,30000
694,Mastercard,,10000
695,Mastercard,,100000
696,Mastercard,,15000
696,BC,,15000
697,Mastercard,,15000
697,JCB,,15000
699,VISA,,12000
699,UnionPay,,12000
700,VISA,,30000
701,VISA,,30000
702,VISA,,60000
703,VISA,,90000
704,VISA,,60000
705,VISA,,90000
706,VISA,,20000
706,Mastercard,,20000
706,AMEX,,20000
707,VISA,,20000
707,Mastercard,,20000
707,AMEX,,20000
708,VISA,,10000
712,VISA,,
713,VISA,,
716,VISA,,267000
717,Mastercard,,100000
717,BC,,100000
718,Mastercard,,
719,Mastercard,,10000
719,BC,,10000
720,VISA,,10000
720,Mastercard,,10000
720,BC,,10000
721,Mastercard,,
721,BC,,
722,Mastercard,,
722,BC,,
724,VISA,,800000
724,Mastercard,,800000
725,UnionPay,,
726,UnionPay,,20000
727,Mastercard,,15000
727,JCB,,15000
728,AMEX,,10000
729,Mastercard,,20000
730,VISA,,10000
731,VISA,,10000
732,VISA,,10000
733,Mastercard,,10000
735,VISA,,20000
735,UnionPay,,20000
736,AMEX,,150000
738,VISA,,33000
739,,,
740,VISA,,30000
740,Mastercard,,30000
741,VISA,,70000
744,VISA,,18000
745,Mastercard,,17000
745,UnionPay,,17000
746,VISA,,
747,Mastercard,,15000
747,JCB,,15000
749,Mastercard,,
750,VISA,,
750,Mastercard,,
751,,,
752,,,
753,VISA,,20000
754,Mastercard,,
755,,,
756,,,
757,,,
758,VISA,,10000
760,Mastercard,,
761,Mastercard,,49000
761,BC,,49000
762,Mastercard,,
762,BC,,
763,VISA,,150000
764,VISA,,10000
768,Mastercard,,15000
768,UnionPay,,15000
769,VISA,,15000
769,Mastercard,,15000
769,UnionPay,,15000
770,VISA,,
771,VISA,,10000
771,Mastercard,,10000
774,VISA,,10000
774,UnionPay,,10000
775,VISA,,
776,VISA,,15000
777,Mastercard,,12000
777,BC,,12000
778,VISA,,25000
778,UnionPay,,25000
779,Mastercard,,20000
779,JCB,,20000
780,Mastercard,,20000
783,VISA,,20000
784,VISA,,20000
785,Mastercard,,20000
788,VISA,,10000
789,Mastercard,,20000
791,VISA,,10000
816,UnionPay,,
852,VISA,,10000
853,VISA,,50000
854,,,
859,,,
865,VISA,,18000
881,Mastercard,,5000
881,UnionPay,,5000
884,,,
889,VISA,,12000
890,VISA,,20000
895,VISA,,15000
895,UnionPay,,15000
905,Mastercard,,15000
906,Mastercard,,
912,Mastercard,,30000
912,JCB,,30000
916,Mastercard,,12000
916,UnionPay,,12000
940,Mastercard,,15000
940,JCB,,15000
942,Mastercard,,12000
942,JCB,,12000
945,VISA,,100000
945,Mastercard,,100000
949,VISA,,10000
949,Mastercard,,10000
951,VISA,,10000
951,UnionPay,,10000
952,Mastercard,,10000
952,UnionPay,,10000
953,VISA,,12000
953,Mastercard,,12000
953,UnionPay,,12000
993,VISA,,295000
993,Mastercard,,295000
993,JCB,,295000
1002,Mastercard,,20000
1002,AMEX,,20000
1003,Mastercard,,50000
1006,Mastercard,,200000
1007,Mastercard,,15000
1007,JCB,,15000
1010,Mastercard,,30000
1010,UnionPay,,30000
1018,VISA,,10000
1019,VISA,,10000
1032,,,
1035,Mastercard,,5000
1073,Mastercard,,20000
1073,BC,,20000
1155,Mastercard,,15000
1155,JCB,,15000
1165,Mastercard,,15000
1169,,,
1171,Mastercard,,12000
1171,JCB,,12000
1172,VISA,,15000
1172,JCB,,15000
1174,VISA,,15000
1180,Mastercard,,23000
1184,Mastercard,,25000
1186,Mastercard,,
1188,VISA,,15000
1198,VISA,,30000
1202,BC,,
1213,Mastercard,,12000
1213,BC,,12000
1215,VISA,,12000
1225,Mastercard,,20000
1229,Mastercard,,15000
1229,JCB,,15000
1233,Mastercard,,15000
1233,JCB,,15000
1243,Mastercard,,15000
1243,JCB,,15000
1246,JCB,,25000
1246,AMEX,,25000
1248,JCB,,12000
1253,Mastercard,,15000
1253,UnionPay,,15000
1256,VISA,,
1256,BC,,
1258,Mastercard,,
1258,BC,,
1259,Mastercard,,
1260,VISA,,
1260,Mastercard,,
1278,BC,,
1285,VISA,,
1286,VISA,,10000
1286,Mastercard,,10000
1286,JCB,,10000
1288,Mastercard,,20000
1289,Mastercard,,25000
1289,JCB,,25000
1290,VISA,,
1294,VISA,,15000
1294,UnionPay,,15000
1298,BC,,
1299,Mastercard,,100000
1302,,,
1309,Mastercard,,20000
1311,Mastercard,,1000
1311,BC,,1000
1315,VISA,,20000
1323,BC,,
1339,VISA,,17000
1340,VISA,,10000
1360,VISA,,
1379,VISA,,100000
1379,Mastercard,,100000
1379,AMEX,,100000
1380,,,12000
1381,JCB,,15000
1382,Mastercard,,12000
1383,Mastercard,,8000
1383,JCB,,8000
1390,Mastercard,,25000
1394,BC,,1000
1433,BC,,
1438,BC,,
1443,UnionPay,,12000
1443,JCB,,12000
1446,Mastercard,,15000
1446,JCB,,15000
1451,BC,,
1468,JCB,,20000
1519,VISA,,15000
1519,Mastercard,,15000
1519,UnionPay,,15000
1523,UnionPay,,
1526,Mastercard,,
1529,VISA,,15000
1529,JCB,,15000
1532,Mastercard,,20000
1532,BC,,20000
1544,VISA,,5000
1544,Mastercard,,5000
1544,JCB,,5000
1549,VISA,,10000
1549,Mastercard,,10000
1549,JCB,,10000
1555,Mastercard,,10000
1555,UnionPay,,10000
1558,Mastercard,,15000
1558,UnionPay,,15000
1572,,,
1573,VISA,,
1577,,,
1584,VISA,,8000
1584,Mastercard,,8000
1584,JCB,,8000
1586,VISA,,20000
1592,VISA,,10000
1592,UnionPay,,10000
1593,VISA,,32000
1593,UnionPay,,32000
1595,Mastercard,,50000
1597,AMEX,,49000
1599,AMEX,,120000
1608,Mastercard,,15000
1608,JCB,,15000
1610,,,
1611,VISA,,20000
1615,,,
1616,,,
1617,,,
1618,,,
1619,,,
1623,,,
1630,Mastercard,,5000
1630,BC,,5000
1648,VISA,,10000
1673,Mastercard,,12000
1695,Mastercard,,5000
1695,BC,,5000
1699,BC,,
1702,Mastercard,,
1702,BC,,
1710,VISA,,12000
1710,BC,,12000
1714,VISA,,
1731,VISA,,1000000
1741,VISA,,300000
1741,Mastercard,,300000
1741,BC,,300000
1754,VISA,,10000
1758,Mastercard,,12000
1759,Mastercard,,20000
1763,Mastercard,,100000
1768,VISA,,330000
1768,Mastercard,,330000
1768,BC,,330000
1787,BC,,
1807,Mastercard,,
1809,UnionPay,,
1809,BC,,
1816,Mastercard,,12000
1816,BC,,12000
1818,JCB,,20000
1818,BC,,20000
1829,Mastercard,,10000
1829,BC,,10000
1839,,,
1854,VISA,,12000
1854,Mastercard,,12000
1854,BC,,12000
1856,Mastercard,,18000
1856,BC,,18000
1859,Mastercard,,12000
1859,BC,,12000
1860,Mastercard,,2000000
1861,Mastercard,,10000
1865,Mastercard,,2000000
1866,Mastercard,,2000000
1868,Mastercard,,10000
1868,UnionPay,,10000
1882,Mastercard,,20000
1883,,,9900
1884,Mastercard,,20000
1887,Mastercard,,13000
1889,Mastercard,,10000
1899,Mastercard,,12000
1906,UnionPay,,2000
1909,AMEX,,250000
1926,,,
1932,,,
1944,UnionPay,,15000
1977,BC,,
1980,Mastercard,,15000
1980,BC,,15000
1984,Mastercard,,15000
1984,BC,,15000
1987,VISA,,15000
1990,Mastercard,,12000
1990,BC,,12000
1991,VISA,,1000000
1993,Mastercard,,50000
1996,Mastercard,,15000
1996,JCB,,15000
2005,Mastercard,,15000
2007,Mastercard,,10000
2007,UnionPay,,10000
2016,JCB,,6000
2019,Mastercard,,12000
2021,Mastercard,,14000
2023,Mastercard,,12000
2026,BC,,
2060,,,
2070,VISA,,20000
2070,Mastercard,,20000
2070,AMEX,,20000
2071,BC,,
2072,,,
2076,,,
2078,,,
2079,,,
2080,,,
2082,,,
2083,,,
2084,,,
2090,VISA,,1900000
2090,UnionPay,,1900000
2091,Mastercard,,2000000
2093,Mastercard,,600000
2094,,,
2097,VISA,,1900000
2097,UnionPay,,1900000
2104,Mastercard,,600000
2106,Mastercard,,600000
2132,VISA,,15000
2132,BC,,15000
2139,,,
2140,VISA,,
2147,VISA,,
2149,Mastercard,,15000
2150,,,
2151,,,
2172,BC,,
2175,Mastercard,,15000
2175,BC,,15000
2178,,,
2179,,,10000
2189,Mastercard,,
2190,Mastercard,,
2191,Mastercard,,
2192,,,
2194,,,
2195,VISA,,30000
2195,Mastercard,,30000
2196,VISA,,30000
2196,Mastercard,,30000
2197,,,
2198,VISA,,30000
2198,Mastercard,,30000
2198,BC,,30000
2199,Mastercard,,10000
2199,UnionPay,,10000
2199,BC,,10000
2214,,,
2215,BC,,
2218,,,
2219,,,
2220,,,
2221,,,
2224,,,
2225,,,
2226,VISA,,15000
2226,Mastercard,,15000
2228,Mastercard,,10000
2230,Mastercard,,20000
2230,AMEX,,20000
2232,VISA,,10000
2232,Mastercard,,10000
2232,JCB,,10000
2233,VISA,,10000
2234,VISA,,20000
2234,Mastercard,,20000
2235,Mastercard,,20000
2236,,,
2237,AMEX,,45000
2238,VISA,,10000
2240,AMEX,,35000
2241,VISA,,15000
2242,VISA,,10000
2243,,,18000
2244,,,
2245,,,
2246,,,
2247,,,
2248,AMEX,,35000
2249,AMEX,,35000
2250,AMEX,,35000
2251,Mastercard,,15000
2251,BC,,15000
2255,Mastercard,,15000
2255,UnionPay,,15000
2256,Mastercard,,30000
2256,UnionPay,,30000
2257,Mastercard,,15000
2258,VISA,,30000
2259,VISA,,300000
2260,VISA,,150000
2261,Mastercard,,10000
2261,AMEX,,10000
2262,Mastercard,,10000
2262,AMEX,,10000
2263,Mastercard,,10000
2263,AMEX,,10000
2264,Mastercard,,10000
2264,AMEX,,10000
2265,Mastercard,,15000
2267,VISA,,20000
2270,VISA,,15000
2272,,,
2277,Mastercard,,15000
2277,JCB,,15000
2278,Mastercard,,10000
2279,Mastercard,,20000
2280,AMEX,,1000000
2281,AMEX,,300000
2282,AMEX,,100000
2283,Mastercard,,20000
2283,BC,,20000
2285,Mastercard,,
2286,Mastercard,,20000
2286,BC,,20000
2287,VISA,,150000
2287,Mastercard,,150000
2288,VISA,,12000
2289,Mastercard,,15000
2290,VISA,,20000
2291,VISA,,147000
2292,VISA,,30000
2292,Mastercard,,30000
2293,VISA,,30000
2293,Mastercard,,30000
2294,VISA,,30000
2294,Mastercard,,30000
2296,Mastercard,,12000
2296,AMEX,,12000
2297,Mastercard,,12000
2297,AMEX,,12000
2298,Mastercard,,12000
2298,AMEX,,12000
2299,Mastercard,,12000
2299,AMEX,,12000
2300,Mastercard,,12000
2301,Mastercard,,15000
2302,Mastercard,,18000
2304,VISA,,18000
2306,Mastercard,,15000
2307,,,
2308,VISA,,12000
2308,BC,,12000
2309,Mastercard,,30000
2309,UnionPay,,30000
2311,,,
2312,,,
2315,VISA,,10000
2316,VISA,,12000
2317,Mastercard,,
2318,,,
2322,,,
2323,,,
2324,Mastercard,,30000
2324,UnionPay,,30000
2325,VISA,,12000
2326,Mastercard,,15000
2327,Mastercard,,45000
2329,VISA,,
2329,BC,,
2330,VISA,,20000
2330,Mastercard,,20000
2330,AMEX,,20000
2331,VISA,,18000
2332,VISA,,
2332,UnionPay,,
2333,VISA,,
2334,VISA,,
2335,VISA,,
2338,VISA,,
2340,BC,,
2342,Mastercard,,
2343,VISA,,
2349,Mastercard,,10000
2352,VISA,,5000
2352,UnionPay,,5000
2352,BC,,5000
2353,Mastercard,,50000
2353,BC,,50000
2354,Mastercard,,20000
2354,BC,,20000
2355,Mastercard,,20000
2356,Mastercard,,
2357,Mastercard,,100000
2358,VISA,,30000
2359,VISA,,30000
2359,Mastercard,,30000
2359,AMEX,,30000
2360,Mastercard,,20000
2361,Mastercard,,15000
2361,AMEX,,15000
2363,VISA,,15000
2363,UnionPay,,15000
2364,Mastercard,,20000
2365,AMEX,,25000
2369,VISA,,15000
2369,Mastercard,,15000
2370,Mastercard,,
2370,BC,,
2371,,,18000
2372,Mastercard,,
2373,VISA,,
2374,VISA,,
2376,Mastercard,,7000
2376,UnionPay,,7000
2377,Mastercard,,12000
2378,Mastercard,,12000
2379,VISA,,
2385,Mastercard,,100000
2386,Mastercard,,18000
2388,Mastercard,,150000
2389,Mastercard,,10000
2389,AMEX,,10000
2390,BC,,
2392,Mastercard,,10000
2393,VISA,,10000
2394,Mastercard,,
2394,UnionPay,,
2395,Mastercard,,20000
2395,AMEX,,20000
2396,,,300000
2397,,,330000
2398,Mastercard,,45000
2399,,,
2400,BC,,
2401,Mastercard,,12000
2401,BC,,12000
2402,Mastercard,,12000
2403,Mastercard,,12000
2403,BC,,12000
2404,Mastercard,,15000
2404,BC,,15000
2405,VISA,,12000
2405,UnionPay,,12000
2406,AMEX,,150000
2407,Mastercard,,15000
2409,VISA,,20000
2410,VISA,,17000
2411,Mastercard,,15000
2412,AMEX,,55000
2414,VISA,,10000
2416,VISA,,15000
2417,,,
2418,VISA,,8000
2418,BC,,8000
2419,,,
2420,Mastercard,,15000
2421,Mastercard,,
2422,VISA,,
2422,Mastercard,,
2423,Mastercard,,
2424,Mastercard,,20000
2424,AMEX,,20000
2429,VISA,,15000
2430,VISA,,
2431,VISA,,
2432,Mastercard,,
2433,Mastercard,,10000
2433,AMEX,,10000
2434,VISA,,15000
2435,VISA,,22000
2436,VISA,,500000
2437,Mastercard,,
2440,VISA,,20000
2441,Mastercard,,15000
2441,AMEX,,15000
2442,Mastercard,,15000
2443,VISA,,
2444,Mastercard,,20000
2445,VISA,,19900
2445,Mastercard,,19900
2445,AMEX,,19900
2446,Mastercard,,12000
2447,VISA,,19900
2447,Mastercard,,19900
2447,AMEX,,19900
2448,Mastercard,,12000
2449,VISA,,19900
2449,Mastercard,,19900
2449,AMEX,,19900
2450,Mastercard,,200000
2451,Mastercard,,200000
2452,VISA,,12000
2452,UnionPay,,12000
2453,VISA,,18000
2455,VISA,,12000
2457,Mastercard,,20000
2457,AMEX,,20000
2459,Mastercard,,49000
2460,Mastercard,,220000
2461,VISA,,700000
2463,Mastercard,,17000
2463,AMEX,,17000
2465,VISA,,35000
2466,VISA,,15000
2467,VISA,,23000
2468,Mastercard,,15000
2468,JCB,,15000
2469,Mastercard,,20000
2469,AMEX,,20000
2470,Mastercard,,15000
2471,VISA,,
2472,VISA,,20000
2472,Mastercard,,20000
2472,AMEX,,20000
2473,Mastercard,,18000
2474,Mastercard,,15000
2474,JCB,,15000
2475,,,
2476,Mastercard,,20000
2476,BC,,20000
2477,Mastercard,,20000
2479,VISA,,18000
2481,,,
2483,Mastercard,,12000
2484,VISA,,17000
2486,Mastercard,,15000
2487,Mastercard,,20000
2487,BC,,20000
2488,VISA,,15000
2489,VISA,,5000
2489,UnionPay,,5000
2491,Mastercard,,18000
2492,Mastercard,,
2494,Mastercard,,15000
2494,BC,,15000
2495,Mastercard,,48000
2496,Mastercard,,23000
2497,Mastercard,,25000
2511,Mastercard,,20000
2512,Mastercard,,
2514,VISA,,30000
2515,VISA,,150000
2516,VISA,,500000
2517,Mastercard,,10000
2519,VISA,,
2521,VISA,,20000
2521,AMEX,,20000
2522,Mastercard,,20000
2522,BC,,20000
2523,Mastercard,,15000
2523,BC,,15000
2525,VISA,,12000
2525,BC,,12000
2526,VISA,,10000
2527,Mastercard,,
2528,Mastercard,,
2529,Mastercard,,20000
2530,,,
2532,Mastercard,,25000
2533,Mastercard,,20000
2534,Mastercard,,20000
2534,UnionPay,,20000
2537,Mastercard,,20000
2538,Mastercard,,20000
2539,VISA,,20000
2540,VISA,,2000000
2541,AMEX,,800000
2542,AMEX,,800000
2543,Mastercard,,49000
2543,UnionPay,,49000
2546,Mastercard,,
2547,Mastercard,,
2548,,,
2549,VISA,,22000
2550,Mastercard,,
2551,Mastercard,,12000
2552,Mastercard,,
2553,Mastercard,,39000
2554,VISA,,15000
2555,VISA,,8000
2556,VISA,,
2558,Mastercard,,10000
2563,,,
2565,Mastercard,,19000
2565,BC,,19000
2566,Mastercard,,20000
2566,AMEX,,20000
2567,VISA,,15000
2568,Mastercard,,
2569,VISA,,20000
2570,Mastercard,,
2571,VISA,,15000
2572,UnionPay,,20000
2583,VISA,,15000
2585,VISA,,
2586,,,
2587,Mastercard,,12000
2588,Mastercard,,
2589,VISA,,
2590,Mastercard,,19000
2590,BC,,19000
2592,Mastercard,,250000
2594,AMEX,,45000
2595,VISA,,15000
2596,Mastercard,,20000
2597,Mastercard,,
2598,Mastercard,,23000
2602,VISA,,18000
2603,Mastercard,,30000
2604,Mastercard,,
2605,VISA,,15000
2606,VISA,,18000
2608,VISA,,33000
2609,VISA,,20000
2611,VISA,,15000
2612,VISA,,150000
2613,VISA,,500000
2614,,,
2618,VISA,,49000
2619,Mastercard,,15000
2619,BC,,15000
2623,AMEX,,19000
2624,AMEX,,19000
2625,Mastercard,,
2627,VISA,,2500000
2629,VISA,,20000
2630,UnionPay,,12000
2631,Mastercard,,10000
2632,Mastercard,,20000
2632,AMEX,,20000
2633,VISA,,20000
2633,Mastercard,,20000
2633,AMEX,,20000
2634,Mastercard,,125000
2635,Mastercard,,20000
2635,AMEX,,20000
2636,Mastercard,,300000
2637,VISA,,
2638,VISA,,
2639,Mastercard,,
2640,VISA,,20000
2641,Mastercard,,15000
2642,VISA,,30000
2643,VISA,,
2645,Mastercard,,15000
2645,BC,,15000
2646,VISA,,15000
2646,AMEX,,15000
2647,VISA,,15000
2647,AMEX,,15000
2651,VISA,,10000
2652,Mastercard,,20000
2653,Mastercard,,12000
2654,VISA,,19900
2654,Mastercard,,19900
2654,AMEX,,19900
2655,Mastercard,,12000
2656,AMEX,,20000
2657,VISA,,120000
2657,Mastercard,,120000
2658,Mastercard,,15000
2658,BC,,15000
2659,Mastercard,,20000
2659,AMEX,,20000
2661,Mastercard,,20000
2662,AMEX,,150000
2663,AMEX,,300000
2664,AMEX,,1000000
2665,UnionPay,,
2666,VISA,,23000
2667,Mastercard,,
2668,BC,,
2669,VISA,,30000
2669,AMEX,,30000
2670,VISA,,70000
2670,AMEX,,70000
2671,Mastercard,,19900
2673,VISA,,
2676,Mastercard,,20000
2677,Mastercard,,150000
2678,Mastercard,,150000
2679,VISA,,50000
2679,AMEX,,50000
2680,VISA,,20000
2680,AMEX,,20000
2681,Mastercard,,17000
2682,VISA,,
2683,VISA,,20000
2683,AMEX,,20000
2684,VISA,,20000
2684,AMEX,,20000
2685,Mastercard,,25000
2686,Mastercard,,12000
2687,VISA,,12000
2687,Mastercard,,12000
2687,UnionPay,,12000
2688,Mastercard,,12000
2689,VISA,,12000
2689,Mastercard,,12000
2690,Mastercard,,10000
2691,Mastercard,,
2692,VISA,,200000
2693,Mastercard,,
2694,Mastercard,,18000
2697,VISA,,200000
2699,Mastercard,,12000
2700,Mastercard,,
2701,VISA,,20000
2702,VISA,,30000
2703,VISA,,300000
2704,VISA,,600000
2705,VISA,,1000000
2707,VISA,,20000
2707,Mastercard,,20000
2707,AMEX,,20000
2708,Mastercard,,15000
2708,JCB,,15000
2709,VISA,,60000
2710,VISA,,120000
2711,VISA,,300000
2712,VISA,,800000
2713,Mastercard,,30000
2713,AMEX,,30000
2714,Mastercard,,30000
2714,AMEX,,30000
2715,VISA,,30000
2715,Mastercard,,30000
2715,AMEX,,30000
2716,Mastercard,,30000
2716,AMEX,,30000
2717,Mastercard,,30000
2717,AMEX,,30000
2718,Mastercard,,20000
2719,Mastercard,,12000
2721,Mastercard,,
2722,Mastercard,,30000
2723,Mastercard,,20000
2725,Mastercard,,10000
2726,Mastercard,,30000
2729,Mastercard,,48000
2730,Mastercard,,150000
2731,VISA,,33000
2732,Mastercard,,20000
2733,VISA,,19900
2733,Mastercard,,19900
2733,AMEX,,19900
2734,Mastercard,,15000
2734,UnionPay,,15000
2734,BC,,15000
2735,Mastercard,,43000
2736,VISA,,10000
2737,VISA,,300000
2738,VISA,,30000
2739,VISA,,150000
2740,VISA,,
2741,Mastercard,,25000
2742,Mastercard,,
2743,VISA,,300000
2744,Mastercard,,20000
2746,VISA,,50000
2746,Mastercard,,50000
2746,JCB,,50000
2747,Mastercard,,23000
2748,Mastercard,,203000
2750,VISA,,
2750,Mastercard,,
2751,VISA,,300000
2752,VISA,,150000
2753,VISA,,150000
2755,VISA,,500000
2756,VISA,,1000000
2757,VISA,,3000000
2759,Mastercard,,18000
2760,VISA,,
2760,Mastercard,,
2761,Mastercard,,15000
2761,AMEX,,15000
2762,VISA,,700000
2763,Mastercard,,19000
2764,VISA,,30000
2764,AMEX,,30000
2765,Mastercard,,10000
2765,AMEX,,10000
2766,Mastercard,,12000
2767,Mastercard,,
2768,,,
2769,,,
2770,,,
2771,Mastercard,,7000
2775,Mastercard,,
2776,Mastercard,,30000
2777,Mastercard,,20000
2779,VISA,,22000
2779,Mastercard,,22000
2780,Mastercard,,127000
2780,JCB,,127000
2781,VISA,,157000
2781,Mastercard,,157000
2782,,,
2784,,,
2785,AMEX,,250000
2786,AMEX,,500000
2787,Mastercard,,28000
2788,VISA,,700000
2788,UnionPay,,700000
2789,Mastercard,,20000
2790,VISA,,80000
2790,AMEX,,80000
2791,VISA,,80000
2791,AMEX,,80000
2792,VISA,,80000
2792,AMEX,,80000
2793,VISA,,80000
2793,AMEX,,80000
2794,VISA,,20000
2795,Mastercard,,15000
2795,JCB,,15000
2799,Mastercard,,20000
2799,AMEX,,20000
2805,,,
2806,,,
2807,Mastercard,,300000
2809,Mastercard,,
2810,Mastercard,,
2811,Mastercard,,25000
2814,Mastercard,,
2817,BC,,
2820,VISA,,19900
2820,Mastercard,,19900
2820,AMEX,,19900
2821,VISA,,19900
2821,Mastercard,,19900
2821,AMEX,,19900
2822,Mastercard,,20000
2823,Mastercard,,30000
2824,Mastercard,,150000
2825,BC,,
2826,BC,,
2827,Mastercard,,15000
2828,Mastercard,,15000
2830,VISA,,
2831,Mastercard,,19000
2832,Mastercard,,
2835,Mastercard,,50000
2836,Mastercard,,15000
2837,Mastercard,,55000
2840,VISA,,15000
2840,Mastercard,,15000
2841,VISA,,15000
2841,Mastercard,,15000
2842,VISA,,30000
2842,AMEX,,30000
2843,VISA,,30000
2843,AMEX,,30000
2844,VISA,,30000
2844,AMEX,,30000
2845,Mastercard,,50000
2847,Mastercard,,
2848,Mastercard,,22000
2851,Mastercard,,50000
2852,Mastercard,,
2853,Mastercard,,20000
2855,JCB,,30000
2856,AMEX,,120000
2857,,,
2858,Mastercard,,18000
2859,Mastercard,,20000
2861,VISA,,20000
2862,Mastercard,,17000
2863,AMEX,,20000
2864,AMEX,,100000
2865,VISA,,20000
2867,VISA,,30000
2868,Mastercard,,
2869,Mastercard,,20000
2870,VISA,,18000
2872,VISA,,18000
2873,Mastercard,,20000
2875,Mastercard,,20000
2876,VISA,,12000
2877,VISA,,120000
2878,VISA,,15000
2878,AMEX,,15000
2879,VISA,,15000
2879,AMEX,,15000
2880,VISA,,15000
2880,AMEX,,15000
2881,VISA,,15000
2881,AMEX,,15000
2882,VISA,,15000
2883,VISA,,20000
2883,AMEX,,20000
2884,VISA,,15000
2885,Mastercard,,20000
2886,Mastercard,,20000
2887,Mastercard,,
2888,Mastercard,,20000
2888,AMEX,,20000
2889,Mastercard,,
2890,VISA,,
2891,VISA,,
2892,Mastercard,,
2893,Mastercard,,
2894,Mastercard,,15000
2896,Mastercard,,20000
2897,Mastercard,,30000
2898,Mastercard,,75000
2899,Mastercard,,33000
2902,Mastercard,,150000
2903,,,
2904,Mastercard,,20000
2905,Mastercard,,
2906,UnionPay,,27000
2907,Mastercard,,
2908,VISA,,20000
2909,Mastercard,,19000
2912,Mastercard,,25000
2913,Mastercard,,12000
2914,Mastercard,,20000
2915,Mastercard,,150000
2916,Mastercard,,120000
2918,Mastercard,,18000
2919,,,
2921,VISA,,
2922,VISA,,
2923,Mastercard,,18000
2924,UnionPay,,33000
2929,Mastercard,,
2930,Mastercard,,30000
2930,JCB,,30000
2931,VISA,,26000
2933,VISA,,
2934,VISA,,
2935,VISA,,
2936,VISA,,30000
2937,Mastercard,,30000
2938,VISA,,50000
2938,AMEX,,50000
2939,VISA,,50000
2939,AMEX,,50000
2940,VISA,,50000
2940,AMEX,,50000
2942,VISA,,10000
2942,AMEX,,10000
2943,VISA,,15000
2944,VISA,,200000
2947,Mastercard,,20000
2947,AMEX,,20000
2948,Mastercard,,20000
2948,AMEX,,20000
2950,Mastercard,,50000
2951,Mastercard,,18000
2952,VISA,,15000
2953,VISA,,28000
2954,VISA,,
2955,Mastercard,,20000
2956,Mastercard,,15000
2957,Mastercard,,23000
2960,Mastercard,,21000
2961,Mastercard,,20000
2962,Mastercard,,18000
2963,Mastercard,,100000
2964,Mastercard,,19000
2967,VISA,,15000
2967,AMEX,,15000
2968,VISA,,15000
2968,AMEX,,15000
2969,VISA,,15000
2969,AMEX,,15000
2970,Mastercard,,15000
2970,AMEX,,15000
2971,Mastercard,,10000
2972,VISA,,5000
2973,VISA,,5000
2974,VISA,,5000
2975,Mastercard,,10000
2975,AMEX,,10000
2977,JCB,,
2978,VISA,,28000
2978,Mastercard,,28000
2979,VISA,,23000
2980,Mastercard,,30000
2981,Mastercard,,30000
2982,VISA,,5000
2983,VISA,,5000
2984,VISA,,5000
2985,VISA,,30000
2985,AMEX,,30000
2986,VISA,,18000
2987,Mastercard,,20000
2987,AMEX,,20000
2988,VISA,,15000
2989,VISA,,50000
2989,AMEX,,50000
2990,VISA,,50000
2990,AMEX,,50000
2991,AMEX,,50000
2992,Mastercard,,25000
2993,Mastercard,,28000
2994,Mastercard,,25000
2997,Mastercard,,20000
2998,Mastercard,,20000
3000,VISA,,
3016,VISA,,30000
