source_url,condition_id,category_name,group_name,rate,fixed_amount,raw_text
https://www.card-gorilla.com/card/detail/1,1,적립,쇼핑,5.0,,백화점/할인점/홈쇼핑·온라인몰 1.0~5.0% 적립
https://www.card-gorilla.com/card/detail/1,1,적립,모든가맹점,2.0,,"전국 가맹점 0.2~2.0% 적립
해외 가맹점 1~5% 적립"
https://www.card-gorilla.com/card/detail/1,1,적립,주유,,60,"S-OIL, 에이치디현대오일뱅크 주유 시 리터 당 60원 적립"
https://www.card-gorilla.com/card/detail/1,1,적립,금융,0.2,,"신한투자증권 CMA 결제계좌 0.2% 추가 적립
마이신한포인트 가맹점 추가 적립"
https://www.card-gorilla.com/card/detail/1,1,적립,통신,5.0,,SK텔레콤/KT/LG U+ 이동통신요금 1.0~5.0% 적립
https://www.card-gorilla.com/card/detail/1,1,무이자할부,기타,,,무이자/영화/테마파크
https://www.card-gorilla.com/card/detail/1,1,적립,적립,,,포인트 적립상세 및 포인트 사용 안내
https://www.card-gorilla.com/card/detail/2,2,할인,백화점,5.0,,"국내 유명 백화점, 할인점, 온라인 쇼핑몰 최대 5% 할인"
https://www.card-gorilla.com/card/detail/2,2,할인,패밀리레스토랑,30.0,,"국내 유명 패밀리레스토랑, 커피 20~30% 할인"
https://www.card-gorilla.com/card/detail/2,2,할인,주유소,,60,GS칼텍스 리터당 60원 할인
https://www.card-gorilla.com/card/detail/2,2,할인,영화,,7000,"CGV, YES24 영화 예매시 최대 7,000원 할인"
https://www.card-gorilla.com/card/detail/2,2,적립,적립,,,신한카드 Love포인트 적립 및 사용
https://www.card-gorilla.com/card/detail/2,2,할인,테마파크,50.0,,주요 놀이공원 30~50% 할인 및 스포츠 할인 서비스
https://www.card-gorilla.com/card/detail/2,2,할인,경기관람,,,"프로야구, 프로농구 할인 서비스"
https://www.card-gorilla.com/card/detail/2,2,할인,기타,,,통합할인한도
https://www.card-gorilla.com/card/detail/3,3,할인,쇼핑,5.0,,"3대 백화점(롯데,신세계,현대) 및 롯데마트 5% 결제일 할인"
https://www.card-gorilla.com/card/detail/3,3,할인,푸드,20.0,,국내 유명 패밀리 레스토랑 및 커피 최대 20% 할인
https://www.card-gorilla.com/card/detail/3,3,할인,영화,,1500,"맥스무비, 인터파크 YES24 예매시 1,500원 할인"
https://www.card-gorilla.com/card/detail/3,3,적립,주유소,,60,S-OIL 주유 시 리터 당 60원 적립
https://www.card-gorilla.com/card/detail/8,4,기타,선택형,,,Gift Option Service - 매년 1회 옵션 품목 중 한 가지를 선택하여 이용
https://www.card-gorilla.com/card/detail/8,4,적립,국내외가맹점,0.7,,"일시불/할부 이용금액의 0.7% 마이신한포인트 적립
해외, 명품 아울렛(신세계/롯데), 면세점, 골프 업종 이용 시 5% 마이신한포인트 적립"
https://www.card-gorilla.com/card/detail/8,4,무료서비스,공연/전시,,,오디오 가이드 및 오페라 글라스 무료 이용 서비스
https://www.card-gorilla.com/card/detail/8,4,기타,프리미엄,,,국제브랜드사 서비스 공통사항 안내
https://www.card-gorilla.com/card/detail/10,5,기타,영화,,,"CGV, 메가박스"
https://www.card-gorilla.com/card/detail/10,5,캐시백,캐시백,5.0,,"전기요금, 통신요금, 해외이용금액 5% 캐시백 제공 (전년도 1천만원 이상)"
https://www.card-gorilla.com/card/detail/11,6,캐시백,모든가맹점,0.7,,"전가맹점 0.7% 캐시백, 이동통신요금 자동이체 건 추가 0.7% 캐시백"
https://www.card-gorilla.com/card/detail/12,7,마일리지,항공마일리지,0.0667,,"대한항공 1,500원당 1마일/아시아나항공 1,000원당 1마일"
https://www.card-gorilla.com/card/detail/12,7,적립,생활,,,마이신한포인트 추가 적립
https://www.card-gorilla.com/card/detail/12,7,기타,프리미엄,,,특급 호텔 발렛파킹/면세점 우대 서비스 (전월실적 30만원 이상)
https://www.card-gorilla.com/card/detail/14,9,기타,카페,,,"스타벅스, 커피빈"
https://www.card-gorilla.com/card/detail/14,9,기타,편의점,,,"GS25, 세븐일레븐, CU"
https://www.card-gorilla.com/card/detail/14,9,기타,소셜커머스,,,소셜커머스
https://www.card-gorilla.com/card/detail/14,9,기타,택시,,,택시
https://www.card-gorilla.com/card/detail/14,9,기타,베이커리,,,"파리바게트, 뚜레쥬르"
https://www.card-gorilla.com/card/detail/14,9,기타,영화,,,"CGV, 롯데시네마"
https://www.card-gorilla.com/card/detail/15,10,마일리지,항공마일리지,,,항공 마일리지 적립 서비스
https://www.card-gorilla.com/card/detail/15,10,무료서비스,공항라운지,,,더라운지
https://www.card-gorilla.com/card/detail/18,12,캐시백,해외,5.0,,[해외이용 캐시백] 해외이용금액 5% 캐시백 (연간실적 1천만원 이상)
https://www.card-gorilla.com/card/detail/21,13,캐시백,국내외가맹점,1.0,,"국내외 가맹점 1%, 생활밀착 가맹점 추가 0.7% 캐시백"
https://www.card-gorilla.com/card/detail/26,14,캐시백,교육/육아,,,"일반전문학원, 학습지, 유치원 업종 캐시백 (전월실적 50만원 이상)"
https://www.card-gorilla.com/card/detail/26,14,캐시백,공과금,,5000,"아파트 관리비 자동이체 매월 5,000원 캐시백 (전월실적 50만원 이상)"
https://www.card-gorilla.com/card/detail/26,14,캐시백,생활,1.0,,주요 생활업종 이용시 1% 캐시백 (전월실적 50만원 이상)
https://www.card-gorilla.com/card/detail/28,15,캐시백,해외,5.0,,해외 매출 5% 캐시백
https://www.card-gorilla.com/card/detail/37,18,마일리지,선택형,,,"캐시백(캐시백형 선택 시)
마일리지 적립(마일리지 적립형 선택 시)"
https://www.card-gorilla.com/card/detail/37,18,무료서비스,공항라운지,,,공항라운지
https://www.card-gorilla.com/card/detail/46,25,무료서비스,자동차/하이패스,,,프라이버시콜(안심 주자번호서비스) 무료 제공
https://www.card-gorilla.com/card/detail/49,26,마일리지,대한항공,0.1,,"국내외 가맹점 이용금액 1,000원당 1마일리지 기본적립"
https://www.card-gorilla.com/card/detail/49,26,마일리지,백화점,0.1,,"(특별적립) 국내형: 백화점 이용금액 1,000원당 (스카이패스) 1 마일리지 추가 적립"
https://www.card-gorilla.com/card/detail/49,26,마일리지,주유소,0.1,,"(특별적립) 국내형: 주유 이용금액 1,000원당 (스카이패스) 1 마일리지 추가 적립"
https://www.card-gorilla.com/card/detail/49,26,마일리지,카페,0.1,,"(특별적립) 국내형: 커피 이용금액 1,000원당 (스카이패스) 1 마일리지 추가 적립"
https://www.card-gorilla.com/card/detail/49,26,마일리지,편의점,0.1,,"(특별적립) 국내형: 편의점 이용금액 1,000원당 (스카이패스) 1 마일리지 추가 적립"
https://www.card-gorilla.com/card/detail/49,26,마일리지,택시,0.1,,"(특별적립) 국내형: 택시 이용금액 1,000원당 (스카이패스) 1 마일리지 추가 적립"
https://www.card-gorilla.com/card/detail/49,26,마일리지,해외,0.1,,"(특별적립) 해외형: 해외 가맹점 및 해외 직접구매 이용건 1,000원당 (스카이패스) 1 마일리지 추가 적립"
https://www.card-gorilla.com/card/detail/49,26,무료서비스,공항라운지,,,인천공항 라운지 본인 무료 이용
https://www.card-gorilla.com/card/detail/49,26,무료서비스,공항,,,인천공항 발렛파킹 무료 이용
https://www.card-gorilla.com/card/detail/50,27,무이자할부,무이자할부,,,백화점·할인점 2~3개월 무이자할부
https://www.card-gorilla.com/card/detail/50,27,무이자할부,무이자할부,,,의료점 2~3개월 무이자할부
https://www.card-gorilla.com/card/detail/59,36,무료서비스,더라운지,,,여가패키지: 해외 공항 라운지(Lounge Key) 본인 이용 무료
https://www.card-gorilla.com/card/detail/59,36,캐시백,캐시백,0.2,,"국내외 연간 누적 이용금액 1,500만원당 30,000원 캐시백"
https://www.card-gorilla.com/card/detail/64,40,무이자할부,무이자할부,,,주말 5만원 이상 결제 시 2~3개월 무이자할부
https://www.card-gorilla.com/card/detail/73,42,무이자할부,무이자할부,,,할부전환서비스 / 무이자할부
https://www.card-gorilla.com/card/detail/82,47,무료서비스,프리미엄,,,프리미엄 골프/라이프 서비스 제공
https://www.card-gorilla.com/card/detail/87,52,무료서비스,공항라운지/PP,,,인천/김포/김해공항라운지 무료 이용 서비스 (MasterCard 브랜드로 발급 시 제공)
https://www.card-gorilla.com/card/detail/89,54,무료서비스,자동차,,2000,"CLUB Most 멤버십 서비스 제공 및 주차장 2,000원 청구할인"
https://www.card-gorilla.com/card/detail/91,56,바우처,바우처,,,"프리미엄 기프트 서비스(연 1회, 택1)"
https://www.card-gorilla.com/card/detail/92,57,바우처,바우처,,,"프리미엄 기프트 서비스(연 1회, 택1)"
https://www.card-gorilla.com/card/detail/93,58,바우처,바우처,,,"프리미엄 기프트 서비스(연 1회, 택1)"
https://www.card-gorilla.com/card/detail/107,61,무이자할부,무이자할부,,,"백화점, 대형마트, 정비, 손해보험 업종 2~3개월 무이자할부 서비스"
https://www.card-gorilla.com/card/detail/115,67,캐시백,해외,5.0,,해외이용(해외직구) 5% 할인 캐시백 (전월실적 30만원 이상)
https://www.card-gorilla.com/card/detail/140,84,무이자할부,무이자할부,,,"백화점, 대형마트, 정비, 손해보험 업종 2~3개월 무이자할부 서비스"
https://www.card-gorilla.com/card/detail/174,99,바우처,바우처,,,각종 바우처 제공
https://www.card-gorilla.com/card/detail/194,107,무이자할부,무이자할부,,,6개월 슬림할부(부분 무이자할부) 서비스
https://www.card-gorilla.com/card/detail/392,210,바우처,국민행복,,,국민행복 바우처 서비스
https://www.card-gorilla.com/card/detail/410,220,무이자할부,무이자할부,,,무이자할부 서비스
https://www.card-gorilla.com/card/detail/422,227,바우처,바우처,,,"M포인트로 여행, 면세점, 호텔에서 사용 가능한 the Green 바우처 교환"
https://www.card-gorilla.com/card/detail/423,228,바우처,바우처,,,최대 50만원 상당의 바우처 제공(연 1회)
https://www.card-gorilla.com/card/detail/424,229,바우처,바우처,,,"[공통 제공 혜택]
연 1회, 여행과 쇼핑을 위한 바우처"
https://www.card-gorilla.com/card/detail/425,230,바우처,바우처,,,코스트코 리워드 포인트 매년 1회 바우처 교환
https://www.card-gorilla.com/card/detail/455,245,바우처,국민행복,,,국가바우처
https://www.card-gorilla.com/card/detail/539,286,무이자할부,병원,,,의료업종 2~3개월 무이자 할부
