source_url,brand_name
https://www.card-gorilla.com/card/detail/1,VISA
https://www.card-gorilla.com/card/detail/1,Mastercard
https://www.card-gorilla.com/card/detail/1,JCB
https://www.card-gorilla.com/card/detail/2,VISA
https://www.card-gorilla.com/card/detail/2,Mastercard
https://www.card-gorilla.com/card/detail/2,UnionPay
https://www.card-gorilla.com/card/detail/2,AMEX
https://www.card-gorilla.com/card/detail/3,VISA
https://www.card-gorilla.com/card/detail/3,Mastercard
https://www.card-gorilla.com/card/detail/3,UnionPay
https://www.card-gorilla.com/card/detail/8,VISA
https://www.card-gorilla.com/card/detail/8,Mastercard
https://www.card-gorilla.com/card/detail/8,UnionPay
https://www.card-gorilla.com/card/detail/10,VISA
https://www.card-gorilla.com/card/detail/10,UnionPay
https://www.card-gorilla.com/card/detail/11,VISA
https://www.card-gorilla.com/card/detail/11,Mastercard
https://www.card-gorilla.com/card/detail/12,VISA
https://www.card-gorilla.com/card/detail/12,Mastercard
https://www.card-gorilla.com/card/detail/13,VISA
https://www.card-gorilla.com/card/detail/14,VISA
https://www.card-gorilla.com/card/detail/15,AMEX
https://www.card-gorilla.com/card/detail/16,VISA
https://www.card-gorilla.com/card/detail/16,UnionPay
https://www.card-gorilla.com/card/detail/18,VISA
https://www.card-gorilla.com/card/detail/21,VISA
https://www.card-gorilla.com/card/detail/21,UnionPay
https://www.card-gorilla.com/card/detail/21,JCB
https://www.card-gorilla.com/card/detail/26,Mastercard
https://www.card-gorilla.com/card/detail/28,Mastercard
https://www.card-gorilla.com/card/detail/28,UnionPay
https://www.card-gorilla.com/card/detail/35,VISA
https://www.card-gorilla.com/card/detail/35,Mastercard
https://www.card-gorilla.com/card/detail/36,VISA
https://www.card-gorilla.com/card/detail/36,Mastercard
https://www.card-gorilla.com/card/detail/36,AMEX
https://www.card-gorilla.com/card/detail/37,VISA
https://www.card-gorilla.com/card/detail/38,AMEX
https://www.card-gorilla.com/card/detail/39,Mastercard
https://www.card-gorilla.com/card/detail/41,Mastercard
https://www.card-gorilla.com/card/detail/41,UnionPay
https://www.card-gorilla.com/card/detail/42,VISA
https://www.card-gorilla.com/card/detail/43,Mastercard
https://www.card-gorilla.com/card/detail/45,AMEX
https://www.card-gorilla.com/card/detail/46,Mastercard
https://www.card-gorilla.com/card/detail/49,AMEX
https://www.card-gorilla.com/card/detail/50,Mastercard
https://www.card-gorilla.com/card/detail/51,Mastercard
https://www.card-gorilla.com/card/detail/52,Mastercard
https://www.card-gorilla.com/card/detail/53,Mastercard
https://www.card-gorilla.com/card/detail/54,AMEX
https://www.card-gorilla.com/card/detail/55,Mastercard
https://www.card-gorilla.com/card/detail/56,Mastercard
https://www.card-gorilla.com/card/detail/56,UnionPay
https://www.card-gorilla.com/card/detail/57,Mastercard
https://www.card-gorilla.com/card/detail/57,UnionPay
https://www.card-gorilla.com/card/detail/58,Mastercard
https://www.card-gorilla.com/card/detail/59,Mastercard
https://www.card-gorilla.com/card/detail/61,AMEX
https://www.card-gorilla.com/card/detail/62,Mastercard
https://www.card-gorilla.com/card/detail/63,Mastercard
https://www.card-gorilla.com/card/detail/64,Mastercard
https://www.card-gorilla.com/card/detail/72,Mastercard
https://www.card-gorilla.com/card/detail/73,VISA
https://www.card-gorilla.com/card/detail/73,Mastercard
https://www.card-gorilla.com/card/detail/73,UnionPay
https://www.card-gorilla.com/card/detail/73,BC
https://www.card-gorilla.com/card/detail/74,VISA
https://www.card-gorilla.com/card/detail/74,Mastercard
https://www.card-gorilla.com/card/detail/74,UnionPay
https://www.card-gorilla.com/card/detail/77,Mastercard
https://www.card-gorilla.com/card/detail/77,BC
https://www.card-gorilla.com/card/detail/80,Mastercard
https://www.card-gorilla.com/card/detail/80,UnionPay
https://www.card-gorilla.com/card/detail/81,Mastercard
https://www.card-gorilla.com/card/detail/81,UnionPay
https://www.card-gorilla.com/card/detail/81,BC
https://www.card-gorilla.com/card/detail/82,Mastercard
https://www.card-gorilla.com/card/detail/82,BC
https://www.card-gorilla.com/card/detail/83,Mastercard
https://www.card-gorilla.com/card/detail/83,BC
https://www.card-gorilla.com/card/detail/84,VISA
https://www.card-gorilla.com/card/detail/84,Mastercard
https://www.card-gorilla.com/card/detail/84,BC
https://www.card-gorilla.com/card/detail/85,VISA
https://www.card-gorilla.com/card/detail/85,Mastercard
https://www.card-gorilla.com/card/detail/85,UnionPay
https://www.card-gorilla.com/card/detail/86,VISA
https://www.card-gorilla.com/card/detail/86,Mastercard
https://www.card-gorilla.com/card/detail/86,UnionPay
https://www.card-gorilla.com/card/detail/87,Mastercard
https://www.card-gorilla.com/card/detail/87,BC
https://www.card-gorilla.com/card/detail/88,Mastercard
https://www.card-gorilla.com/card/detail/88,BC
https://www.card-gorilla.com/card/detail/89,VISA
https://www.card-gorilla.com/card/detail/89,UnionPay
https://www.card-gorilla.com/card/detail/89,BC
https://www.card-gorilla.com/card/detail/90,Mastercard
https://www.card-gorilla.com/card/detail/90,BC
https://www.card-gorilla.com/card/detail/91,Mastercard
https://www.card-gorilla.com/card/detail/91,BC
https://www.card-gorilla.com/card/detail/92,Mastercard
https://www.card-gorilla.com/card/detail/92,BC
https://www.card-gorilla.com/card/detail/93,Mastercard
https://www.card-gorilla.com/card/detail/93,BC
https://www.card-gorilla.com/card/detail/94,VISA
https://www.card-gorilla.com/card/detail/94,Mastercard
https://www.card-gorilla.com/card/detail/94,UnionPay
https://www.card-gorilla.com/card/detail/106,VISA
https://www.card-gorilla.com/card/detail/106,Mastercard
https://www.card-gorilla.com/card/detail/106,UnionPay
https://www.card-gorilla.com/card/detail/106,JCB
https://www.card-gorilla.com/card/detail/106,AMEX
https://www.card-gorilla.com/card/detail/107,VISA
https://www.card-gorilla.com/card/detail/107,Mastercard
https://www.card-gorilla.com/card/detail/108,VISA
https://www.card-gorilla.com/card/detail/108,Mastercard
https://www.card-gorilla.com/card/detail/108,UnionPay
https://www.card-gorilla.com/card/detail/108,JCB
https://www.card-gorilla.com/card/detail/108,AMEX
https://www.card-gorilla.com/card/detail/109,Mastercard
https://www.card-gorilla.com/card/detail/109,JCB
https://www.card-gorilla.com/card/detail/112,Mastercard
https://www.card-gorilla.com/card/detail/112,AMEX
https://www.card-gorilla.com/card/detail/113,Mastercard
https://www.card-gorilla.com/card/detail/114,Mastercard
https://www.card-gorilla.com/card/detail/115,VISA
https://www.card-gorilla.com/card/detail/115,Mastercard
https://www.card-gorilla.com/card/detail/115,AMEX
https://www.card-gorilla.com/card/detail/116,Mastercard
https://www.card-gorilla.com/card/detail/120,Mastercard
https://www.card-gorilla.com/card/detail/121,VISA
https://www.card-gorilla.com/card/detail/121,Mastercard
https://www.card-gorilla.com/card/detail/121,UnionPay
https://www.card-gorilla.com/card/detail/122,VISA
https://www.card-gorilla.com/card/detail/122,Mastercard
https://www.card-gorilla.com/card/detail/125,Mastercard
https://www.card-gorilla.com/card/detail/126,Mastercard
https://www.card-gorilla.com/card/detail/127,Mastercard
https://www.card-gorilla.com/card/detail/127,UnionPay
https://www.card-gorilla.com/card/detail/129,Mastercard
https://www.card-gorilla.com/card/detail/129,JCB
https://www.card-gorilla.com/card/detail/130,Mastercard
https://www.card-gorilla.com/card/detail/130,UnionPay
https://www.card-gorilla.com/card/detail/131,Mastercard
https://www.card-gorilla.com/card/detail/131,UnionPay
https://www.card-gorilla.com/card/detail/132,Mastercard
https://www.card-gorilla.com/card/detail/133,Mastercard
https://www.card-gorilla.com/card/detail/133,UnionPay
https://www.card-gorilla.com/card/detail/134,Mastercard
https://www.card-gorilla.com/card/detail/136,Mastercard
https://www.card-gorilla.com/card/detail/138,VISA
https://www.card-gorilla.com/card/detail/138,Mastercard
https://www.card-gorilla.com/card/detail/138,JCB
https://www.card-gorilla.com/card/detail/139,VISA
https://www.card-gorilla.com/card/detail/139,Mastercard
https://www.card-gorilla.com/card/detail/140,VISA
https://www.card-gorilla.com/card/detail/140,Mastercard
https://www.card-gorilla.com/card/detail/141,Mastercard
https://www.card-gorilla.com/card/detail/142,Mastercard
https://www.card-gorilla.com/card/detail/143,Mastercard
https://www.card-gorilla.com/card/detail/144,Mastercard
https://www.card-gorilla.com/card/detail/145,Mastercard
https://www.card-gorilla.com/card/detail/146,Mastercard
https://www.card-gorilla.com/card/detail/148,Mastercard
https://www.card-gorilla.com/card/detail/152,Mastercard
https://www.card-gorilla.com/card/detail/156,VISA
https://www.card-gorilla.com/card/detail/156,Mastercard
https://www.card-gorilla.com/card/detail/162,Mastercard
https://www.card-gorilla.com/card/detail/163,Mastercard
https://www.card-gorilla.com/card/detail/164,Mastercard
https://www.card-gorilla.com/card/detail/166,Mastercard
https://www.card-gorilla.com/card/detail/166,JCB
https://www.card-gorilla.com/card/detail/167,Mastercard
https://www.card-gorilla.com/card/detail/174,UnionPay
https://www.card-gorilla.com/card/detail/175,Mastercard
https://www.card-gorilla.com/card/detail/176,VISA
https://www.card-gorilla.com/card/detail/176,UnionPay
https://www.card-gorilla.com/card/detail/176,BC
https://www.card-gorilla.com/card/detail/185,Mastercard
https://www.card-gorilla.com/card/detail/185,UnionPay
https://www.card-gorilla.com/card/detail/186,VISA
https://www.card-gorilla.com/card/detail/186,Mastercard
https://www.card-gorilla.com/card/detail/186,JCB
https://www.card-gorilla.com/card/detail/191,VISA
https://www.card-gorilla.com/card/detail/191,JCB
https://www.card-gorilla.com/card/detail/192,UnionPay
https://www.card-gorilla.com/card/detail/193,Mastercard
https://www.card-gorilla.com/card/detail/193,JCB
https://www.card-gorilla.com/card/detail/194,VISA
https://www.card-gorilla.com/card/detail/194,Mastercard
https://www.card-gorilla.com/card/detail/194,UnionPay
https://www.card-gorilla.com/card/detail/194,JCB
https://www.card-gorilla.com/card/detail/194,AMEX
https://www.card-gorilla.com/card/detail/197,Mastercard
https://www.card-gorilla.com/card/detail/198,Mastercard
https://www.card-gorilla.com/card/detail/199,Mastercard
https://www.card-gorilla.com/card/detail/200,Mastercard
https://www.card-gorilla.com/card/detail/201,VISA
https://www.card-gorilla.com/card/detail/201,Mastercard
https://www.card-gorilla.com/card/detail/203,VISA
https://www.card-gorilla.com/card/detail/203,Mastercard
https://www.card-gorilla.com/card/detail/203,AMEX
https://www.card-gorilla.com/card/detail/204,VISA
https://www.card-gorilla.com/card/detail/204,Mastercard
https://www.card-gorilla.com/card/detail/204,AMEX
https://www.card-gorilla.com/card/detail/205,VISA
https://www.card-gorilla.com/card/detail/205,Mastercard
https://www.card-gorilla.com/card/detail/205,AMEX
https://www.card-gorilla.com/card/detail/206,VISA
https://www.card-gorilla.com/card/detail/206,Mastercard
https://www.card-gorilla.com/card/detail/206,AMEX
https://www.card-gorilla.com/card/detail/207,Mastercard
https://www.card-gorilla.com/card/detail/214,VISA
https://www.card-gorilla.com/card/detail/214,Mastercard
https://www.card-gorilla.com/card/detail/215,VISA
https://www.card-gorilla.com/card/detail/215,Mastercard
https://www.card-gorilla.com/card/detail/217,VISA
https://www.card-gorilla.com/card/detail/217,Mastercard
https://www.card-gorilla.com/card/detail/227,VISA
https://www.card-gorilla.com/card/detail/227,Mastercard
https://www.card-gorilla.com/card/detail/227,UnionPay
https://www.card-gorilla.com/card/detail/227,JCB
https://www.card-gorilla.com/card/detail/227,AMEX
https://www.card-gorilla.com/card/detail/228,VISA
https://www.card-gorilla.com/card/detail/228,Mastercard
https://www.card-gorilla.com/card/detail/228,UnionPay
https://www.card-gorilla.com/card/detail/231,VISA
https://www.card-gorilla.com/card/detail/231,Mastercard
https://www.card-gorilla.com/card/detail/232,VISA
https://www.card-gorilla.com/card/detail/232,Mastercard
https://www.card-gorilla.com/card/detail/232,JCB
https://www.card-gorilla.com/card/detail/234,VISA
https://www.card-gorilla.com/card/detail/234,Mastercard
https://www.card-gorilla.com/card/detail/237,VISA
https://www.card-gorilla.com/card/detail/237,JCB
https://www.card-gorilla.com/card/detail/238,VISA
https://www.card-gorilla.com/card/detail/238,Mastercard
https://www.card-gorilla.com/card/detail/238,JCB
https://www.card-gorilla.com/card/detail/239,VISA
https://www.card-gorilla.com/card/detail/239,Mastercard
https://www.card-gorilla.com/card/detail/239,JCB
https://www.card-gorilla.com/card/detail/240,VISA
https://www.card-gorilla.com/card/detail/240,Mastercard
https://www.card-gorilla.com/card/detail/240,JCB
https://www.card-gorilla.com/card/detail/241,VISA
https://www.card-gorilla.com/card/detail/241,Mastercard
https://www.card-gorilla.com/card/detail/241,JCB
https://www.card-gorilla.com/card/detail/242,AMEX
https://www.card-gorilla.com/card/detail/243,AMEX
https://www.card-gorilla.com/card/detail/244,AMEX
https://www.card-gorilla.com/card/detail/245,AMEX
https://www.card-gorilla.com/card/detail/246,VISA
https://www.card-gorilla.com/card/detail/246,JCB
https://www.card-gorilla.com/card/detail/247,Mastercard
https://www.card-gorilla.com/card/detail/247,UnionPay
https://www.card-gorilla.com/card/detail/248,Mastercard
https://www.card-gorilla.com/card/detail/248,UnionPay
https://www.card-gorilla.com/card/detail/250,Mastercard
https://www.card-gorilla.com/card/detail/250,UnionPay
https://www.card-gorilla.com/card/detail/251,Mastercard
https://www.card-gorilla.com/card/detail/252,VISA
https://www.card-gorilla.com/card/detail/252,Mastercard
https://www.card-gorilla.com/card/detail/252,UnionPay
https://www.card-gorilla.com/card/detail/252,JCB
https://www.card-gorilla.com/card/detail/252,AMEX
https://www.card-gorilla.com/card/detail/254,VISA
https://www.card-gorilla.com/card/detail/254,Mastercard
https://www.card-gorilla.com/card/detail/270,VISA
https://www.card-gorilla.com/card/detail/270,UnionPay
https://www.card-gorilla.com/card/detail/279,Mastercard
https://www.card-gorilla.com/card/detail/279,UnionPay
https://www.card-gorilla.com/card/detail/281,VISA
https://www.card-gorilla.com/card/detail/281,UnionPay
https://www.card-gorilla.com/card/detail/282,Mastercard
https://www.card-gorilla.com/card/detail/282,UnionPay
https://www.card-gorilla.com/card/detail/284,VISA
https://www.card-gorilla.com/card/detail/284,UnionPay
https://www.card-gorilla.com/card/detail/286,Mastercard
https://www.card-gorilla.com/card/detail/294,VISA
https://www.card-gorilla.com/card/detail/296,VISA
https://www.card-gorilla.com/card/detail/296,Mastercard
https://www.card-gorilla.com/card/detail/300,VISA
https://www.card-gorilla.com/card/detail/300,UnionPay
https://www.card-gorilla.com/card/detail/306,VISA
https://www.card-gorilla.com/card/detail/306,UnionPay
https://www.card-gorilla.com/card/detail/307,VISA
https://www.card-gorilla.com/card/detail/309,Mastercard
https://www.card-gorilla.com/card/detail/309,UnionPay
https://www.card-gorilla.com/card/detail/311,Mastercard
https://www.card-gorilla.com/card/detail/312,Mastercard
https://www.card-gorilla.com/card/detail/312,BC
https://www.card-gorilla.com/card/detail/313,Mastercard
https://www.card-gorilla.com/card/detail/313,BC
https://www.card-gorilla.com/card/detail/315,VISA
https://www.card-gorilla.com/card/detail/315,BC
https://www.card-gorilla.com/card/detail/316,Mastercard
https://www.card-gorilla.com/card/detail/316,BC
https://www.card-gorilla.com/card/detail/317,VISA
https://www.card-gorilla.com/card/detail/317,Mastercard
https://www.card-gorilla.com/card/detail/317,BC
https://www.card-gorilla.com/card/detail/318,Mastercard
https://www.card-gorilla.com/card/detail/318,UnionPay
https://www.card-gorilla.com/card/detail/318,BC
https://www.card-gorilla.com/card/detail/320,Mastercard
https://www.card-gorilla.com/card/detail/320,UnionPay
https://www.card-gorilla.com/card/detail/322,Mastercard
https://www.card-gorilla.com/card/detail/322,UnionPay
https://www.card-gorilla.com/card/detail/323,BC
https://www.card-gorilla.com/card/detail/324,UnionPay
https://www.card-gorilla.com/card/detail/325,Mastercard
https://www.card-gorilla.com/card/detail/325,BC
https://www.card-gorilla.com/card/detail/326,BC
https://www.card-gorilla.com/card/detail/328,BC
https://www.card-gorilla.com/card/detail/329,VISA
https://www.card-gorilla.com/card/detail/329,UnionPay
https://www.card-gorilla.com/card/detail/330,BC
https://www.card-gorilla.com/card/detail/331,Mastercard
https://www.card-gorilla.com/card/detail/331,BC
https://www.card-gorilla.com/card/detail/332,Mastercard
https://www.card-gorilla.com/card/detail/334,Mastercard
https://www.card-gorilla.com/card/detail/335,Mastercard
https://www.card-gorilla.com/card/detail/335,UnionPay
https://www.card-gorilla.com/card/detail/336,Mastercard
https://www.card-gorilla.com/card/detail/338,Mastercard
https://www.card-gorilla.com/card/detail/339,VISA
https://www.card-gorilla.com/card/detail/339,Mastercard
https://www.card-gorilla.com/card/detail/340,VISA
https://www.card-gorilla.com/card/detail/340,UnionPay
https://www.card-gorilla.com/card/detail/341,VISA
https://www.card-gorilla.com/card/detail/341,Mastercard
https://www.card-gorilla.com/card/detail/342,VISA
https://www.card-gorilla.com/card/detail/342,Mastercard
https://www.card-gorilla.com/card/detail/342,UnionPay
https://www.card-gorilla.com/card/detail/343,VISA
https://www.card-gorilla.com/card/detail/344,Mastercard
https://www.card-gorilla.com/card/detail/345,VISA
https://www.card-gorilla.com/card/detail/345,Mastercard
https://www.card-gorilla.com/card/detail/346,VISA
https://www.card-gorilla.com/card/detail/346,Mastercard
https://www.card-gorilla.com/card/detail/347,VISA
https://www.card-gorilla.com/card/detail/347,Mastercard
https://www.card-gorilla.com/card/detail/348,VISA
https://www.card-gorilla.com/card/detail/348,Mastercard
https://www.card-gorilla.com/card/detail/348,UnionPay
https://www.card-gorilla.com/card/detail/349,Mastercard
https://www.card-gorilla.com/card/detail/350,VISA
https://www.card-gorilla.com/card/detail/350,Mastercard
https://www.card-gorilla.com/card/detail/351,VISA
https://www.card-gorilla.com/card/detail/351,Mastercard
https://www.card-gorilla.com/card/detail/353,VISA
https://www.card-gorilla.com/card/detail/353,Mastercard
https://www.card-gorilla.com/card/detail/354,Mastercard
https://www.card-gorilla.com/card/detail/355,Mastercard
https://www.card-gorilla.com/card/detail/357,Mastercard
https://www.card-gorilla.com/card/detail/359,Mastercard
https://www.card-gorilla.com/card/detail/364,UnionPay
https://www.card-gorilla.com/card/detail/366,UnionPay
https://www.card-gorilla.com/card/detail/369,UnionPay
https://www.card-gorilla.com/card/detail/372,VISA
https://www.card-gorilla.com/card/detail/378,VISA
https://www.card-gorilla.com/card/detail/380,VISA
https://www.card-gorilla.com/card/detail/380,Mastercard
https://www.card-gorilla.com/card/detail/382,VISA
https://www.card-gorilla.com/card/detail/388,VISA
https://www.card-gorilla.com/card/detail/389,VISA
https://www.card-gorilla.com/card/detail/389,UnionPay
https://www.card-gorilla.com/card/detail/390,VISA
https://www.card-gorilla.com/card/detail/392,Mastercard
https://www.card-gorilla.com/card/detail/392,UnionPay
https://www.card-gorilla.com/card/detail/402,VISA
https://www.card-gorilla.com/card/detail/403,VISA
https://www.card-gorilla.com/card/detail/406,Mastercard
https://www.card-gorilla.com/card/detail/406,UnionPay
https://www.card-gorilla.com/card/detail/410,VISA
https://www.card-gorilla.com/card/detail/410,UnionPay
https://www.card-gorilla.com/card/detail/418,VISA
https://www.card-gorilla.com/card/detail/418,UnionPay
https://www.card-gorilla.com/card/detail/419,VISA
https://www.card-gorilla.com/card/detail/419,UnionPay
https://www.card-gorilla.com/card/detail/420,VISA
https://www.card-gorilla.com/card/detail/420,UnionPay
https://www.card-gorilla.com/card/detail/422,VISA
https://www.card-gorilla.com/card/detail/422,Mastercard
https://www.card-gorilla.com/card/detail/423,VISA
https://www.card-gorilla.com/card/detail/423,Mastercard
https://www.card-gorilla.com/card/detail/424,VISA
https://www.card-gorilla.com/card/detail/424,Mastercard
https://www.card-gorilla.com/card/detail/425,VISA
https://www.card-gorilla.com/card/detail/426,Mastercard
https://www.card-gorilla.com/card/detail/430,VISA
https://www.card-gorilla.com/card/detail/430,Mastercard
https://www.card-gorilla.com/card/detail/432,AMEX
https://www.card-gorilla.com/card/detail/432,BC
https://www.card-gorilla.com/card/detail/434,Mastercard
https://www.card-gorilla.com/card/detail/444,VISA
https://www.card-gorilla.com/card/detail/444,Mastercard
https://www.card-gorilla.com/card/detail/444,BC
https://www.card-gorilla.com/card/detail/447,VISA
https://www.card-gorilla.com/card/detail/447,JCB
https://www.card-gorilla.com/card/detail/448,VISA
https://www.card-gorilla.com/card/detail/448,JCB
https://www.card-gorilla.com/card/detail/449,VISA
https://www.card-gorilla.com/card/detail/449,UnionPay
https://www.card-gorilla.com/card/detail/450,VISA
https://www.card-gorilla.com/card/detail/450,UnionPay
https://www.card-gorilla.com/card/detail/451,VISA
https://www.card-gorilla.com/card/detail/451,Mastercard
https://www.card-gorilla.com/card/detail/452,VISA
https://www.card-gorilla.com/card/detail/452,Mastercard
https://www.card-gorilla.com/card/detail/453,VISA
https://www.card-gorilla.com/card/detail/453,Mastercard
https://www.card-gorilla.com/card/detail/454,Mastercard
https://www.card-gorilla.com/card/detail/455,Mastercard
https://www.card-gorilla.com/card/detail/457,Mastercard
https://www.card-gorilla.com/card/detail/457,BC
https://www.card-gorilla.com/card/detail/458,Mastercard
https://www.card-gorilla.com/card/detail/459,VISA
https://www.card-gorilla.com/card/detail/459,Mastercard
https://www.card-gorilla.com/card/detail/459,BC
https://www.card-gorilla.com/card/detail/465,Mastercard
https://www.card-gorilla.com/card/detail/466,AMEX
https://www.card-gorilla.com/card/detail/469,Mastercard
https://www.card-gorilla.com/card/detail/469,JCB
https://www.card-gorilla.com/card/detail/470,Mastercard
https://www.card-gorilla.com/card/detail/470,UnionPay
https://www.card-gorilla.com/card/detail/471,Mastercard
https://www.card-gorilla.com/card/detail/473,UnionPay
https://www.card-gorilla.com/card/detail/473,BC
https://www.card-gorilla.com/card/detail/476,VISA
https://www.card-gorilla.com/card/detail/477,VISA
https://www.card-gorilla.com/card/detail/478,VISA
https://www.card-gorilla.com/card/detail/479,VISA
https://www.card-gorilla.com/card/detail/480,Mastercard
https://www.card-gorilla.com/card/detail/480,BC
https://www.card-gorilla.com/card/detail/481,VISA
https://www.card-gorilla.com/card/detail/481,Mastercard
https://www.card-gorilla.com/card/detail/481,UnionPay
https://www.card-gorilla.com/card/detail/482,VISA
https://www.card-gorilla.com/card/detail/482,Mastercard
https://www.card-gorilla.com/card/detail/482,UnionPay
https://www.card-gorilla.com/card/detail/486,Mastercard
https://www.card-gorilla.com/card/detail/486,BC
https://www.card-gorilla.com/card/detail/487,VISA
https://www.card-gorilla.com/card/detail/488,Mastercard
https://www.card-gorilla.com/card/detail/488,JCB
https://www.card-gorilla.com/card/detail/489,Mastercard
https://www.card-gorilla.com/card/detail/489,UnionPay
https://www.card-gorilla.com/card/detail/490,Mastercard
https://www.card-gorilla.com/card/detail/491,Mastercard
https://www.card-gorilla.com/card/detail/498,Mastercard
https://www.card-gorilla.com/card/detail/500,Mastercard
https://www.card-gorilla.com/card/detail/501,Mastercard
https://www.card-gorilla.com/card/detail/502,VISA
https://www.card-gorilla.com/card/detail/502,Mastercard
https://www.card-gorilla.com/card/detail/507,Mastercard
https://www.card-gorilla.com/card/detail/507,BC
https://www.card-gorilla.com/card/detail/508,VISA
https://www.card-gorilla.com/card/detail/516,Mastercard
https://www.card-gorilla.com/card/detail/516,JCB
https://www.card-gorilla.com/card/detail/517,Mastercard
https://www.card-gorilla.com/card/detail/521,VISA
https://www.card-gorilla.com/card/detail/521,Mastercard
https://www.card-gorilla.com/card/detail/521,UnionPay
https://www.card-gorilla.com/card/detail/522,Mastercard
https://www.card-gorilla.com/card/detail/523,VISA
https://www.card-gorilla.com/card/detail/529,VISA
https://www.card-gorilla.com/card/detail/529,Mastercard
https://www.card-gorilla.com/card/detail/533,VISA
https://www.card-gorilla.com/card/detail/533,Mastercard
https://www.card-gorilla.com/card/detail/533,AMEX
https://www.card-gorilla.com/card/detail/534,Mastercard
https://www.card-gorilla.com/card/detail/535,AMEX
https://www.card-gorilla.com/card/detail/536,Mastercard
https://www.card-gorilla.com/card/detail/537,Mastercard
https://www.card-gorilla.com/card/detail/538,Mastercard
https://www.card-gorilla.com/card/detail/539,Mastercard
https://www.card-gorilla.com/card/detail/540,Mastercard
https://www.card-gorilla.com/card/detail/540,AMEX
https://www.card-gorilla.com/card/detail/541,Mastercard
https://www.card-gorilla.com/card/detail/541,AMEX
https://www.card-gorilla.com/card/detail/542,VISA
https://www.card-gorilla.com/card/detail/542,Mastercard
https://www.card-gorilla.com/card/detail/542,UnionPay
https://www.card-gorilla.com/card/detail/543,Mastercard
https://www.card-gorilla.com/card/detail/543,BC
https://www.card-gorilla.com/card/detail/544,Mastercard
https://www.card-gorilla.com/card/detail/544,BC
https://www.card-gorilla.com/card/detail/545,Mastercard
https://www.card-gorilla.com/card/detail/545,BC
https://www.card-gorilla.com/card/detail/546,VISA
https://www.card-gorilla.com/card/detail/548,VISA
https://www.card-gorilla.com/card/detail/548,Mastercard
https://www.card-gorilla.com/card/detail/548,BC
https://www.card-gorilla.com/card/detail/551,Mastercard
https://www.card-gorilla.com/card/detail/551,UnionPay
https://www.card-gorilla.com/card/detail/558,VISA
https://www.card-gorilla.com/card/detail/558,Mastercard
https://www.card-gorilla.com/card/detail/558,BC
https://www.card-gorilla.com/card/detail/559,VISA
https://www.card-gorilla.com/card/detail/559,Mastercard
https://www.card-gorilla.com/card/detail/561,Mastercard
https://www.card-gorilla.com/card/detail/561,UnionPay
https://www.card-gorilla.com/card/detail/568,Mastercard
https://www.card-gorilla.com/card/detail/569,VISA
https://www.card-gorilla.com/card/detail/578,VISA
https://www.card-gorilla.com/card/detail/578,Mastercard
https://www.card-gorilla.com/card/detail/578,UnionPay
https://www.card-gorilla.com/card/detail/579,Mastercard
https://www.card-gorilla.com/card/detail/580,Mastercard
https://www.card-gorilla.com/card/detail/581,Mastercard
https://www.card-gorilla.com/card/detail/581,AMEX
https://www.card-gorilla.com/card/detail/582,Mastercard
https://www.card-gorilla.com/card/detail/583,Mastercard
https://www.card-gorilla.com/card/detail/583,BC
https://www.card-gorilla.com/card/detail/584,Mastercard
https://www.card-gorilla.com/card/detail/587,Mastercard
https://www.card-gorilla.com/card/detail/588,Mastercard
https://www.card-gorilla.com/card/detail/588,BC
https://www.card-gorilla.com/card/detail/589,VISA
https://www.card-gorilla.com/card/detail/591,Mastercard
https://www.card-gorilla.com/card/detail/592,VISA
https://www.card-gorilla.com/card/detail/592,Mastercard
https://www.card-gorilla.com/card/detail/594,VISA
https://www.card-gorilla.com/card/detail/594,BC
https://www.card-gorilla.com/card/detail/595,VISA
https://www.card-gorilla.com/card/detail/595,BC
https://www.card-gorilla.com/card/detail/596,VISA
https://www.card-gorilla.com/card/detail/596,BC
https://www.card-gorilla.com/card/detail/597,VISA
https://www.card-gorilla.com/card/detail/597,Mastercard
https://www.card-gorilla.com/card/detail/597,UnionPay
https://www.card-gorilla.com/card/detail/597,BC
https://www.card-gorilla.com/card/detail/598,VISA
https://www.card-gorilla.com/card/detail/598,Mastercard
https://www.card-gorilla.com/card/detail/598,UnionPay
https://www.card-gorilla.com/card/detail/599,VISA
https://www.card-gorilla.com/card/detail/599,Mastercard
https://www.card-gorilla.com/card/detail/599,UnionPay
https://www.card-gorilla.com/card/detail/599,BC
https://www.card-gorilla.com/card/detail/600,Mastercard
https://www.card-gorilla.com/card/detail/601,Mastercard
https://www.card-gorilla.com/card/detail/602,Mastercard
https://www.card-gorilla.com/card/detail/603,Mastercard
https://www.card-gorilla.com/card/detail/606,Mastercard
https://www.card-gorilla.com/card/detail/606,BC
https://www.card-gorilla.com/card/detail/607,Mastercard
https://www.card-gorilla.com/card/detail/607,BC
https://www.card-gorilla.com/card/detail/608,VISA
https://www.card-gorilla.com/card/detail/609,VISA
https://www.card-gorilla.com/card/detail/610,VISA
https://www.card-gorilla.com/card/detail/611,VISA
https://www.card-gorilla.com/card/detail/613,VISA
https://www.card-gorilla.com/card/detail/614,VISA
https://www.card-gorilla.com/card/detail/615,Mastercard
https://www.card-gorilla.com/card/detail/616,VISA
https://www.card-gorilla.com/card/detail/617,UnionPay
https://www.card-gorilla.com/card/detail/617,BC
https://www.card-gorilla.com/card/detail/618,VISA
https://www.card-gorilla.com/card/detail/620,Mastercard
https://www.card-gorilla.com/card/detail/621,Mastercard
https://www.card-gorilla.com/card/detail/623,Mastercard
https://www.card-gorilla.com/card/detail/624,Mastercard
https://www.card-gorilla.com/card/detail/625,Mastercard
https://www.card-gorilla.com/card/detail/626,Mastercard
https://www.card-gorilla.com/card/detail/627,Mastercard
https://www.card-gorilla.com/card/detail/628,VISA
https://www.card-gorilla.com/card/detail/628,Mastercard
https://www.card-gorilla.com/card/detail/628,BC
https://www.card-gorilla.com/card/detail/630,VISA
https://www.card-gorilla.com/card/detail/630,UnionPay
https://www.card-gorilla.com/card/detail/634,VISA
https://www.card-gorilla.com/card/detail/634,UnionPay
https://www.card-gorilla.com/card/detail/638,Mastercard
https://www.card-gorilla.com/card/detail/644,Mastercard
https://www.card-gorilla.com/card/detail/645,VISA
https://www.card-gorilla.com/card/detail/646,VISA
https://www.card-gorilla.com/card/detail/647,VISA
https://www.card-gorilla.com/card/detail/649,Mastercard
https://www.card-gorilla.com/card/detail/650,Mastercard
https://www.card-gorilla.com/card/detail/651,VISA
https://www.card-gorilla.com/card/detail/652,Mastercard
https://www.card-gorilla.com/card/detail/656,Mastercard
https://www.card-gorilla.com/card/detail/656,BC
https://www.card-gorilla.com/card/detail/657,Mastercard
https://www.card-gorilla.com/card/detail/658,VISA
https://www.card-gorilla.com/card/detail/659,Mastercard
https://www.card-gorilla.com/card/detail/661,Mastercard
https://www.card-gorilla.com/card/detail/661,BC
https://www.card-gorilla.com/card/detail/662,Mastercard
https://www.card-gorilla.com/card/detail/663,Mastercard
https://www.card-gorilla.com/card/detail/664,VISA
https://www.card-gorilla.com/card/detail/664,Mastercard
https://www.card-gorilla.com/card/detail/664,UnionPay
https://www.card-gorilla.com/card/detail/667,VISA
https://www.card-gorilla.com/card/detail/673,VISA
https://www.card-gorilla.com/card/detail/673,Mastercard
https://www.card-gorilla.com/card/detail/677,VISA
https://www.card-gorilla.com/card/detail/677,BC
https://www.card-gorilla.com/card/detail/679,UnionPay
https://www.card-gorilla.com/card/detail/680,UnionPay
https://www.card-gorilla.com/card/detail/681,Mastercard
https://www.card-gorilla.com/card/detail/684,VISA
https://www.card-gorilla.com/card/detail/685,BC
https://www.card-gorilla.com/card/detail/687,AMEX
https://www.card-gorilla.com/card/detail/688,VISA
https://www.card-gorilla.com/card/detail/688,Mastercard
https://www.card-gorilla.com/card/detail/688,BC
https://www.card-gorilla.com/card/detail/689,Mastercard
https://www.card-gorilla.com/card/detail/690,Mastercard
https://www.card-gorilla.com/card/detail/691,Mastercard
https://www.card-gorilla.com/card/detail/692,Mastercard
https://www.card-gorilla.com/card/detail/693,Mastercard
https://www.card-gorilla.com/card/detail/694,Mastercard
https://www.card-gorilla.com/card/detail/695,Mastercard
https://www.card-gorilla.com/card/detail/696,Mastercard
https://www.card-gorilla.com/card/detail/696,BC
https://www.card-gorilla.com/card/detail/697,Mastercard
https://www.card-gorilla.com/card/detail/697,JCB
https://www.card-gorilla.com/card/detail/699,VISA
https://www.card-gorilla.com/card/detail/699,UnionPay
https://www.card-gorilla.com/card/detail/700,VISA
https://www.card-gorilla.com/card/detail/701,VISA
https://www.card-gorilla.com/card/detail/702,VISA
https://www.card-gorilla.com/card/detail/703,VISA
https://www.card-gorilla.com/card/detail/704,VISA
https://www.card-gorilla.com/card/detail/705,VISA
https://www.card-gorilla.com/card/detail/706,VISA
https://www.card-gorilla.com/card/detail/706,Mastercard
https://www.card-gorilla.com/card/detail/706,AMEX
https://www.card-gorilla.com/card/detail/707,VISA
https://www.card-gorilla.com/card/detail/707,Mastercard
https://www.card-gorilla.com/card/detail/707,AMEX
https://www.card-gorilla.com/card/detail/708,VISA
https://www.card-gorilla.com/card/detail/712,VISA
https://www.card-gorilla.com/card/detail/713,VISA
https://www.card-gorilla.com/card/detail/716,VISA
https://www.card-gorilla.com/card/detail/717,Mastercard
https://www.card-gorilla.com/card/detail/717,BC
https://www.card-gorilla.com/card/detail/718,Mastercard
https://www.card-gorilla.com/card/detail/719,Mastercard
https://www.card-gorilla.com/card/detail/719,BC
https://www.card-gorilla.com/card/detail/720,VISA
https://www.card-gorilla.com/card/detail/720,Mastercard
https://www.card-gorilla.com/card/detail/720,BC
https://www.card-gorilla.com/card/detail/721,Mastercard
https://www.card-gorilla.com/card/detail/721,BC
https://www.card-gorilla.com/card/detail/722,Mastercard
https://www.card-gorilla.com/card/detail/722,BC
https://www.card-gorilla.com/card/detail/724,VISA
https://www.card-gorilla.com/card/detail/724,Mastercard
https://www.card-gorilla.com/card/detail/725,UnionPay
https://www.card-gorilla.com/card/detail/726,UnionPay
https://www.card-gorilla.com/card/detail/727,Mastercard
https://www.card-gorilla.com/card/detail/727,JCB
https://www.card-gorilla.com/card/detail/728,AMEX
https://www.card-gorilla.com/card/detail/728,BC
https://www.card-gorilla.com/card/detail/729,Mastercard
https://www.card-gorilla.com/card/detail/730,VISA
https://www.card-gorilla.com/card/detail/731,VISA
https://www.card-gorilla.com/card/detail/732,VISA
https://www.card-gorilla.com/card/detail/733,Mastercard
https://www.card-gorilla.com/card/detail/735,VISA
https://www.card-gorilla.com/card/detail/735,UnionPay
https://www.card-gorilla.com/card/detail/736,AMEX
https://www.card-gorilla.com/card/detail/738,VISA
https://www.card-gorilla.com/card/detail/740,VISA
https://www.card-gorilla.com/card/detail/740,Mastercard
https://www.card-gorilla.com/card/detail/741,VISA
https://www.card-gorilla.com/card/detail/744,VISA
https://www.card-gorilla.com/card/detail/745,Mastercard
https://www.card-gorilla.com/card/detail/745,UnionPay
https://www.card-gorilla.com/card/detail/745,BC
https://www.card-gorilla.com/card/detail/746,VISA
https://www.card-gorilla.com/card/detail/747,Mastercard
https://www.card-gorilla.com/card/detail/747,JCB
https://www.card-gorilla.com/card/detail/749,Mastercard
https://www.card-gorilla.com/card/detail/750,VISA
https://www.card-gorilla.com/card/detail/750,Mastercard
https://www.card-gorilla.com/card/detail/753,VISA
https://www.card-gorilla.com/card/detail/754,Mastercard
https://www.card-gorilla.com/card/detail/758,VISA
https://www.card-gorilla.com/card/detail/760,Mastercard
https://www.card-gorilla.com/card/detail/761,Mastercard
https://www.card-gorilla.com/card/detail/761,BC
https://www.card-gorilla.com/card/detail/762,Mastercard
https://www.card-gorilla.com/card/detail/762,BC
https://www.card-gorilla.com/card/detail/763,VISA
https://www.card-gorilla.com/card/detail/764,VISA
https://www.card-gorilla.com/card/detail/768,Mastercard
https://www.card-gorilla.com/card/detail/768,UnionPay
https://www.card-gorilla.com/card/detail/769,VISA
https://www.card-gorilla.com/card/detail/769,Mastercard
https://www.card-gorilla.com/card/detail/769,UnionPay
https://www.card-gorilla.com/card/detail/770,VISA
https://www.card-gorilla.com/card/detail/771,VISA
https://www.card-gorilla.com/card/detail/771,Mastercard
https://www.card-gorilla.com/card/detail/774,VISA
https://www.card-gorilla.com/card/detail/774,UnionPay
https://www.card-gorilla.com/card/detail/775,VISA
https://www.card-gorilla.com/card/detail/776,VISA
https://www.card-gorilla.com/card/detail/777,Mastercard
https://www.card-gorilla.com/card/detail/777,BC
https://www.card-gorilla.com/card/detail/778,VISA
https://www.card-gorilla.com/card/detail/778,UnionPay
https://www.card-gorilla.com/card/detail/779,Mastercard
https://www.card-gorilla.com/card/detail/779,JCB
https://www.card-gorilla.com/card/detail/780,Mastercard
https://www.card-gorilla.com/card/detail/783,VISA
https://www.card-gorilla.com/card/detail/784,VISA
https://www.card-gorilla.com/card/detail/785,Mastercard
https://www.card-gorilla.com/card/detail/785,BC
https://www.card-gorilla.com/card/detail/788,VISA
https://www.card-gorilla.com/card/detail/789,Mastercard
https://www.card-gorilla.com/card/detail/791,VISA
https://www.card-gorilla.com/card/detail/816,UnionPay
https://www.card-gorilla.com/card/detail/852,VISA
https://www.card-gorilla.com/card/detail/853,VISA
https://www.card-gorilla.com/card/detail/865,VISA
https://www.card-gorilla.com/card/detail/881,Mastercard
https://www.card-gorilla.com/card/detail/881,UnionPay
https://www.card-gorilla.com/card/detail/889,VISA
https://www.card-gorilla.com/card/detail/890,VISA
https://www.card-gorilla.com/card/detail/895,VISA
https://www.card-gorilla.com/card/detail/895,UnionPay
https://www.card-gorilla.com/card/detail/905,Mastercard
https://www.card-gorilla.com/card/detail/905,BC
https://www.card-gorilla.com/card/detail/906,Mastercard
https://www.card-gorilla.com/card/detail/912,Mastercard
https://www.card-gorilla.com/card/detail/912,JCB
https://www.card-gorilla.com/card/detail/916,Mastercard
https://www.card-gorilla.com/card/detail/916,UnionPay
https://www.card-gorilla.com/card/detail/940,Mastercard
https://www.card-gorilla.com/card/detail/940,JCB
https://www.card-gorilla.com/card/detail/942,Mastercard
https://www.card-gorilla.com/card/detail/942,JCB
https://www.card-gorilla.com/card/detail/945,VISA
https://www.card-gorilla.com/card/detail/945,Mastercard
https://www.card-gorilla.com/card/detail/949,VISA
https://www.card-gorilla.com/card/detail/949,Mastercard
https://www.card-gorilla.com/card/detail/951,VISA
https://www.card-gorilla.com/card/detail/951,UnionPay
https://www.card-gorilla.com/card/detail/952,Mastercard
https://www.card-gorilla.com/card/detail/952,UnionPay
https://www.card-gorilla.com/card/detail/953,VISA
https://www.card-gorilla.com/card/detail/953,Mastercard
https://www.card-gorilla.com/card/detail/953,UnionPay
https://www.card-gorilla.com/card/detail/993,VISA
https://www.card-gorilla.com/card/detail/993,Mastercard
https://www.card-gorilla.com/card/detail/993,JCB
https://www.card-gorilla.com/card/detail/1002,Mastercard
https://www.card-gorilla.com/card/detail/1002,AMEX
https://www.card-gorilla.com/card/detail/1003,Mastercard
https://www.card-gorilla.com/card/detail/1006,Mastercard
https://www.card-gorilla.com/card/detail/1007,Mastercard
https://www.card-gorilla.com/card/detail/1007,JCB
https://www.card-gorilla.com/card/detail/1010,Mastercard
https://www.card-gorilla.com/card/detail/1010,UnionPay
https://www.card-gorilla.com/card/detail/1018,VISA
https://www.card-gorilla.com/card/detail/1019,VISA
https://www.card-gorilla.com/card/detail/1035,Mastercard
https://www.card-gorilla.com/card/detail/1073,Mastercard
https://www.card-gorilla.com/card/detail/1073,BC
https://www.card-gorilla.com/card/detail/1155,Mastercard
https://www.card-gorilla.com/card/detail/1155,JCB
https://www.card-gorilla.com/card/detail/1165,Mastercard
https://www.card-gorilla.com/card/detail/1171,Mastercard
https://www.card-gorilla.com/card/detail/1171,JCB
https://www.card-gorilla.com/card/detail/1172,VISA
https://www.card-gorilla.com/card/detail/1172,JCB
https://www.card-gorilla.com/card/detail/1174,VISA
https://www.card-gorilla.com/card/detail/1174,BC
https://www.card-gorilla.com/card/detail/1180,Mastercard
https://www.card-gorilla.com/card/detail/1184,Mastercard
https://www.card-gorilla.com/card/detail/1186,Mastercard
https://www.card-gorilla.com/card/detail/1188,VISA
https://www.card-gorilla.com/card/detail/1198,VISA
https://www.card-gorilla.com/card/detail/1202,BC
https://www.card-gorilla.com/card/detail/1213,Mastercard
https://www.card-gorilla.com/card/detail/1213,BC
https://www.card-gorilla.com/card/detail/1215,VISA
https://www.card-gorilla.com/card/detail/1225,Mastercard
https://www.card-gorilla.com/card/detail/1229,Mastercard
https://www.card-gorilla.com/card/detail/1229,JCB
https://www.card-gorilla.com/card/detail/1233,Mastercard
https://www.card-gorilla.com/card/detail/1233,JCB
https://www.card-gorilla.com/card/detail/1243,Mastercard
https://www.card-gorilla.com/card/detail/1243,JCB
https://www.card-gorilla.com/card/detail/1246,JCB
https://www.card-gorilla.com/card/detail/1246,AMEX
https://www.card-gorilla.com/card/detail/1248,JCB
https://www.card-gorilla.com/card/detail/1253,Mastercard
https://www.card-gorilla.com/card/detail/1253,UnionPay
https://www.card-gorilla.com/card/detail/1256,VISA
https://www.card-gorilla.com/card/detail/1256,BC
https://www.card-gorilla.com/card/detail/1258,Mastercard
https://www.card-gorilla.com/card/detail/1258,BC
https://www.card-gorilla.com/card/detail/1259,Mastercard
https://www.card-gorilla.com/card/detail/1260,VISA
https://www.card-gorilla.com/card/detail/1260,Mastercard
https://www.card-gorilla.com/card/detail/1278,BC
https://www.card-gorilla.com/card/detail/1285,VISA
https://www.card-gorilla.com/card/detail/1285,BC
https://www.card-gorilla.com/card/detail/1286,VISA
https://www.card-gorilla.com/card/detail/1286,Mastercard
https://www.card-gorilla.com/card/detail/1286,JCB
https://www.card-gorilla.com/card/detail/1288,Mastercard
https://www.card-gorilla.com/card/detail/1289,Mastercard
https://www.card-gorilla.com/card/detail/1289,JCB
https://www.card-gorilla.com/card/detail/1290,VISA
https://www.card-gorilla.com/card/detail/1290,BC
https://www.card-gorilla.com/card/detail/1294,VISA
https://www.card-gorilla.com/card/detail/1294,UnionPay
https://www.card-gorilla.com/card/detail/1298,BC
https://www.card-gorilla.com/card/detail/1299,Mastercard
https://www.card-gorilla.com/card/detail/1309,Mastercard
https://www.card-gorilla.com/card/detail/1311,Mastercard
https://www.card-gorilla.com/card/detail/1311,BC
https://www.card-gorilla.com/card/detail/1315,VISA
https://www.card-gorilla.com/card/detail/1323,BC
https://www.card-gorilla.com/card/detail/1339,VISA
https://www.card-gorilla.com/card/detail/1340,VISA
https://www.card-gorilla.com/card/detail/1360,VISA
https://www.card-gorilla.com/card/detail/1379,VISA
https://www.card-gorilla.com/card/detail/1379,Mastercard
https://www.card-gorilla.com/card/detail/1379,AMEX
https://www.card-gorilla.com/card/detail/1381,JCB
https://www.card-gorilla.com/card/detail/1382,Mastercard
https://www.card-gorilla.com/card/detail/1383,Mastercard
https://www.card-gorilla.com/card/detail/1383,JCB
https://www.card-gorilla.com/card/detail/1390,Mastercard
https://www.card-gorilla.com/card/detail/1394,BC
https://www.card-gorilla.com/card/detail/1433,BC
https://www.card-gorilla.com/card/detail/1438,BC
https://www.card-gorilla.com/card/detail/1443,UnionPay
https://www.card-gorilla.com/card/detail/1443,JCB
https://www.card-gorilla.com/card/detail/1446,Mastercard
https://www.card-gorilla.com/card/detail/1446,JCB
https://www.card-gorilla.com/card/detail/1451,BC
https://www.card-gorilla.com/card/detail/1468,JCB
https://www.card-gorilla.com/card/detail/1519,VISA
https://www.card-gorilla.com/card/detail/1519,Mastercard
https://www.card-gorilla.com/card/detail/1519,UnionPay
https://www.card-gorilla.com/card/detail/1523,UnionPay
https://www.card-gorilla.com/card/detail/1526,Mastercard
https://www.card-gorilla.com/card/detail/1529,VISA
https://www.card-gorilla.com/card/detail/1529,JCB
https://www.card-gorilla.com/card/detail/1529,BC
https://www.card-gorilla.com/card/detail/1532,Mastercard
https://www.card-gorilla.com/card/detail/1532,BC
https://www.card-gorilla.com/card/detail/1544,VISA
https://www.card-gorilla.com/card/detail/1544,Mastercard
https://www.card-gorilla.com/card/detail/1544,JCB
https://www.card-gorilla.com/card/detail/1549,VISA
https://www.card-gorilla.com/card/detail/1549,Mastercard
https://www.card-gorilla.com/card/detail/1549,JCB
https://www.card-gorilla.com/card/detail/1555,Mastercard
https://www.card-gorilla.com/card/detail/1555,UnionPay
https://www.card-gorilla.com/card/detail/1558,Mastercard
https://www.card-gorilla.com/card/detail/1558,UnionPay
https://www.card-gorilla.com/card/detail/1573,VISA
https://www.card-gorilla.com/card/detail/1584,VISA
https://www.card-gorilla.com/card/detail/1584,Mastercard
https://www.card-gorilla.com/card/detail/1584,JCB
https://www.card-gorilla.com/card/detail/1586,VISA
https://www.card-gorilla.com/card/detail/1592,VISA
https://www.card-gorilla.com/card/detail/1592,UnionPay
https://www.card-gorilla.com/card/detail/1593,VISA
https://www.card-gorilla.com/card/detail/1593,UnionPay
https://www.card-gorilla.com/card/detail/1595,Mastercard
https://www.card-gorilla.com/card/detail/1597,AMEX
https://www.card-gorilla.com/card/detail/1599,AMEX
https://www.card-gorilla.com/card/detail/1608,Mastercard
https://www.card-gorilla.com/card/detail/1608,JCB
https://www.card-gorilla.com/card/detail/1611,VISA
https://www.card-gorilla.com/card/detail/1630,Mastercard
https://www.card-gorilla.com/card/detail/1630,BC
https://www.card-gorilla.com/card/detail/1648,VISA
https://www.card-gorilla.com/card/detail/1673,Mastercard
https://www.card-gorilla.com/card/detail/1695,Mastercard
https://www.card-gorilla.com/card/detail/1695,BC
https://www.card-gorilla.com/card/detail/1699,BC
https://www.card-gorilla.com/card/detail/1702,Mastercard
https://www.card-gorilla.com/card/detail/1702,BC
https://www.card-gorilla.com/card/detail/1710,VISA
https://www.card-gorilla.com/card/detail/1710,BC
https://www.card-gorilla.com/card/detail/1714,VISA
https://www.card-gorilla.com/card/detail/1731,VISA
https://www.card-gorilla.com/card/detail/1741,VISA
https://www.card-gorilla.com/card/detail/1741,Mastercard
https://www.card-gorilla.com/card/detail/1741,BC
https://www.card-gorilla.com/card/detail/1754,VISA
https://www.card-gorilla.com/card/detail/1758,Mastercard
https://www.card-gorilla.com/card/detail/1759,Mastercard
https://www.card-gorilla.com/card/detail/1759,BC
https://www.card-gorilla.com/card/detail/1763,Mastercard
https://www.card-gorilla.com/card/detail/1768,VISA
https://www.card-gorilla.com/card/detail/1768,Mastercard
https://www.card-gorilla.com/card/detail/1768,BC
https://www.card-gorilla.com/card/detail/1787,BC
https://www.card-gorilla.com/card/detail/1807,Mastercard
https://www.card-gorilla.com/card/detail/1809,UnionPay
https://www.card-gorilla.com/card/detail/1809,BC
https://www.card-gorilla.com/card/detail/1816,Mastercard
https://www.card-gorilla.com/card/detail/1816,BC
https://www.card-gorilla.com/card/detail/1818,JCB
https://www.card-gorilla.com/card/detail/1818,BC
https://www.card-gorilla.com/card/detail/1829,Mastercard
https://www.card-gorilla.com/card/detail/1829,BC
https://www.card-gorilla.com/card/detail/1854,VISA
https://www.card-gorilla.com/card/detail/1854,Mastercard
https://www.card-gorilla.com/card/detail/1854,BC
https://www.card-gorilla.com/card/detail/1856,Mastercard
https://www.card-gorilla.com/card/detail/1856,BC
https://www.card-gorilla.com/card/detail/1859,Mastercard
https://www.card-gorilla.com/card/detail/1859,BC
https://www.card-gorilla.com/card/detail/1860,Mastercard
https://www.card-gorilla.com/card/detail/1861,Mastercard
https://www.card-gorilla.com/card/detail/1865,Mastercard
https://www.card-gorilla.com/card/detail/1866,Mastercard
https://www.card-gorilla.com/card/detail/1868,Mastercard
https://www.card-gorilla.com/card/detail/1868,UnionPay
https://www.card-gorilla.com/card/detail/1882,Mastercard
https://www.card-gorilla.com/card/detail/1884,Mastercard
https://www.card-gorilla.com/card/detail/1887,Mastercard
https://www.card-gorilla.com/card/detail/1889,Mastercard
https://www.card-gorilla.com/card/detail/1899,Mastercard
https://www.card-gorilla.com/card/detail/1906,UnionPay
https://www.card-gorilla.com/card/detail/1909,AMEX
https://www.card-gorilla.com/card/detail/1944,UnionPay
https://www.card-gorilla.com/card/detail/1977,BC
https://www.card-gorilla.com/card/detail/1980,Mastercard
https://www.card-gorilla.com/card/detail/1980,BC
https://www.card-gorilla.com/card/detail/1984,Mastercard
https://www.card-gorilla.com/card/detail/1984,BC
https://www.card-gorilla.com/card/detail/1987,VISA
https://www.card-gorilla.com/card/detail/1990,Mastercard
https://www.card-gorilla.com/card/detail/1990,BC
https://www.card-gorilla.com/card/detail/1991,VISA
https://www.card-gorilla.com/card/detail/1993,Mastercard
https://www.card-gorilla.com/card/detail/1996,Mastercard
https://www.card-gorilla.com/card/detail/1996,JCB
https://www.card-gorilla.com/card/detail/2005,Mastercard
https://www.card-gorilla.com/card/detail/2007,Mastercard
https://www.card-gorilla.com/card/detail/2007,UnionPay
https://www.card-gorilla.com/card/detail/2016,JCB
https://www.card-gorilla.com/card/detail/2019,Mastercard
https://www.card-gorilla.com/card/detail/2021,Mastercard
https://www.card-gorilla.com/card/detail/2023,Mastercard
https://www.card-gorilla.com/card/detail/2026,BC
https://www.card-gorilla.com/card/detail/2070,VISA
https://www.card-gorilla.com/card/detail/2070,Mastercard
https://www.card-gorilla.com/card/detail/2070,AMEX
https://www.card-gorilla.com/card/detail/2071,BC
https://www.card-gorilla.com/card/detail/2090,VISA
https://www.card-gorilla.com/card/detail/2090,UnionPay
https://www.card-gorilla.com/card/detail/2091,Mastercard
https://www.card-gorilla.com/card/detail/2093,Mastercard
https://www.card-gorilla.com/card/detail/2097,VISA
https://www.card-gorilla.com/card/detail/2097,UnionPay
https://www.card-gorilla.com/card/detail/2104,Mastercard
https://www.card-gorilla.com/card/detail/2106,Mastercard
https://www.card-gorilla.com/card/detail/2132,VISA
https://www.card-gorilla.com/card/detail/2132,BC
https://www.card-gorilla.com/card/detail/2140,VISA
https://www.card-gorilla.com/card/detail/2147,VISA
https://www.card-gorilla.com/card/detail/2149,Mastercard
https://www.card-gorilla.com/card/detail/2172,BC
https://www.card-gorilla.com/card/detail/2175,Mastercard
https://www.card-gorilla.com/card/detail/2175,BC
https://www.card-gorilla.com/card/detail/2189,Mastercard
https://www.card-gorilla.com/card/detail/2190,Mastercard
https://www.card-gorilla.com/card/detail/2191,Mastercard
https://www.card-gorilla.com/card/detail/2195,VISA
https://www.card-gorilla.com/card/detail/2195,Mastercard
https://www.card-gorilla.com/card/detail/2196,VISA
https://www.card-gorilla.com/card/detail/2196,Mastercard
https://www.card-gorilla.com/card/detail/2198,VISA
https://www.card-gorilla.com/card/detail/2198,Mastercard
https://www.card-gorilla.com/card/detail/2198,BC
https://www.card-gorilla.com/card/detail/2199,Mastercard
https://www.card-gorilla.com/card/detail/2199,UnionPay
https://www.card-gorilla.com/card/detail/2199,BC
https://www.card-gorilla.com/card/detail/2215,BC
https://www.card-gorilla.com/card/detail/2226,VISA
https://www.card-gorilla.com/card/detail/2226,Mastercard
https://www.card-gorilla.com/card/detail/2228,Mastercard
https://www.card-gorilla.com/card/detail/2230,Mastercard
https://www.card-gorilla.com/card/detail/2230,AMEX
https://www.card-gorilla.com/card/detail/2232,VISA
https://www.card-gorilla.com/card/detail/2232,Mastercard
https://www.card-gorilla.com/card/detail/2232,JCB
https://www.card-gorilla.com/card/detail/2233,VISA
https://www.card-gorilla.com/card/detail/2234,VISA
https://www.card-gorilla.com/card/detail/2234,Mastercard
https://www.card-gorilla.com/card/detail/2235,Mastercard
https://www.card-gorilla.com/card/detail/2237,AMEX
https://www.card-gorilla.com/card/detail/2238,VISA
https://www.card-gorilla.com/card/detail/2240,AMEX
https://www.card-gorilla.com/card/detail/2241,VISA
https://www.card-gorilla.com/card/detail/2242,VISA
https://www.card-gorilla.com/card/detail/2248,AMEX
https://www.card-gorilla.com/card/detail/2249,AMEX
https://www.card-gorilla.com/card/detail/2250,AMEX
https://www.card-gorilla.com/card/detail/2251,Mastercard
https://www.card-gorilla.com/card/detail/2251,BC
https://www.card-gorilla.com/card/detail/2255,Mastercard
https://www.card-gorilla.com/card/detail/2255,UnionPay
https://www.card-gorilla.com/card/detail/2255,BC
https://www.card-gorilla.com/card/detail/2256,Mastercard
https://www.card-gorilla.com/card/detail/2256,UnionPay
https://www.card-gorilla.com/card/detail/2257,Mastercard
https://www.card-gorilla.com/card/detail/2258,VISA
https://www.card-gorilla.com/card/detail/2259,VISA
https://www.card-gorilla.com/card/detail/2260,VISA
https://www.card-gorilla.com/card/detail/2261,Mastercard
https://www.card-gorilla.com/card/detail/2261,AMEX
https://www.card-gorilla.com/card/detail/2262,Mastercard
https://www.card-gorilla.com/card/detail/2262,AMEX
https://www.card-gorilla.com/card/detail/2263,Mastercard
https://www.card-gorilla.com/card/detail/2263,AMEX
https://www.card-gorilla.com/card/detail/2264,Mastercard
https://www.card-gorilla.com/card/detail/2264,AMEX
https://www.card-gorilla.com/card/detail/2265,Mastercard
https://www.card-gorilla.com/card/detail/2267,VISA
https://www.card-gorilla.com/card/detail/2270,VISA
https://www.card-gorilla.com/card/detail/2277,Mastercard
https://www.card-gorilla.com/card/detail/2277,JCB
https://www.card-gorilla.com/card/detail/2278,Mastercard
https://www.card-gorilla.com/card/detail/2279,Mastercard
https://www.card-gorilla.com/card/detail/2280,AMEX
https://www.card-gorilla.com/card/detail/2281,AMEX
https://www.card-gorilla.com/card/detail/2282,AMEX
https://www.card-gorilla.com/card/detail/2283,Mastercard
https://www.card-gorilla.com/card/detail/2283,BC
https://www.card-gorilla.com/card/detail/2285,Mastercard
https://www.card-gorilla.com/card/detail/2286,Mastercard
https://www.card-gorilla.com/card/detail/2286,BC
https://www.card-gorilla.com/card/detail/2287,VISA
https://www.card-gorilla.com/card/detail/2287,Mastercard
https://www.card-gorilla.com/card/detail/2288,VISA
https://www.card-gorilla.com/card/detail/2289,Mastercard
https://www.card-gorilla.com/card/detail/2290,VISA
https://www.card-gorilla.com/card/detail/2291,VISA
https://www.card-gorilla.com/card/detail/2292,VISA
https://www.card-gorilla.com/card/detail/2292,Mastercard
https://www.card-gorilla.com/card/detail/2293,VISA
https://www.card-gorilla.com/card/detail/2293,Mastercard
https://www.card-gorilla.com/card/detail/2294,VISA
https://www.card-gorilla.com/card/detail/2294,Mastercard
https://www.card-gorilla.com/card/detail/2296,Mastercard
https://www.card-gorilla.com/card/detail/2296,AMEX
https://www.card-gorilla.com/card/detail/2297,Mastercard
https://www.card-gorilla.com/card/detail/2297,AMEX
https://www.card-gorilla.com/card/detail/2298,Mastercard
https://www.card-gorilla.com/card/detail/2298,AMEX
https://www.card-gorilla.com/card/detail/2299,Mastercard
https://www.card-gorilla.com/card/detail/2299,AMEX
https://www.card-gorilla.com/card/detail/2300,Mastercard
https://www.card-gorilla.com/card/detail/2301,Mastercard
https://www.card-gorilla.com/card/detail/2302,Mastercard
https://www.card-gorilla.com/card/detail/2304,VISA
https://www.card-gorilla.com/card/detail/2306,Mastercard
https://www.card-gorilla.com/card/detail/2308,VISA
https://www.card-gorilla.com/card/detail/2308,BC
https://www.card-gorilla.com/card/detail/2309,Mastercard
https://www.card-gorilla.com/card/detail/2309,UnionPay
https://www.card-gorilla.com/card/detail/2315,VISA
https://www.card-gorilla.com/card/detail/2316,VISA
https://www.card-gorilla.com/card/detail/2317,Mastercard
https://www.card-gorilla.com/card/detail/2324,Mastercard
https://www.card-gorilla.com/card/detail/2324,UnionPay
https://www.card-gorilla.com/card/detail/2325,VISA
https://www.card-gorilla.com/card/detail/2326,Mastercard
https://www.card-gorilla.com/card/detail/2327,Mastercard
https://www.card-gorilla.com/card/detail/2329,VISA
https://www.card-gorilla.com/card/detail/2329,BC
https://www.card-gorilla.com/card/detail/2330,VISA
https://www.card-gorilla.com/card/detail/2330,Mastercard
https://www.card-gorilla.com/card/detail/2330,AMEX
https://www.card-gorilla.com/card/detail/2331,VISA
https://www.card-gorilla.com/card/detail/2332,VISA
https://www.card-gorilla.com/card/detail/2332,UnionPay
https://www.card-gorilla.com/card/detail/2333,VISA
https://www.card-gorilla.com/card/detail/2333,BC
https://www.card-gorilla.com/card/detail/2334,VISA
https://www.card-gorilla.com/card/detail/2335,VISA
https://www.card-gorilla.com/card/detail/2338,VISA
https://www.card-gorilla.com/card/detail/2340,BC
https://www.card-gorilla.com/card/detail/2342,Mastercard
https://www.card-gorilla.com/card/detail/2343,VISA
https://www.card-gorilla.com/card/detail/2349,Mastercard
https://www.card-gorilla.com/card/detail/2352,VISA
https://www.card-gorilla.com/card/detail/2352,UnionPay
https://www.card-gorilla.com/card/detail/2352,BC
https://www.card-gorilla.com/card/detail/2353,Mastercard
https://www.card-gorilla.com/card/detail/2353,BC
https://www.card-gorilla.com/card/detail/2354,Mastercard
https://www.card-gorilla.com/card/detail/2354,BC
https://www.card-gorilla.com/card/detail/2355,Mastercard
https://www.card-gorilla.com/card/detail/2356,Mastercard
https://www.card-gorilla.com/card/detail/2357,Mastercard
https://www.card-gorilla.com/card/detail/2358,VISA
https://www.card-gorilla.com/card/detail/2359,VISA
https://www.card-gorilla.com/card/detail/2359,Mastercard
https://www.card-gorilla.com/card/detail/2359,AMEX
https://www.card-gorilla.com/card/detail/2360,Mastercard
https://www.card-gorilla.com/card/detail/2361,Mastercard
https://www.card-gorilla.com/card/detail/2361,AMEX
https://www.card-gorilla.com/card/detail/2363,VISA
https://www.card-gorilla.com/card/detail/2363,UnionPay
https://www.card-gorilla.com/card/detail/2364,Mastercard
https://www.card-gorilla.com/card/detail/2365,AMEX
https://www.card-gorilla.com/card/detail/2369,VISA
https://www.card-gorilla.com/card/detail/2369,Mastercard
https://www.card-gorilla.com/card/detail/2370,Mastercard
https://www.card-gorilla.com/card/detail/2370,BC
https://www.card-gorilla.com/card/detail/2372,Mastercard
https://www.card-gorilla.com/card/detail/2373,VISA
https://www.card-gorilla.com/card/detail/2374,VISA
https://www.card-gorilla.com/card/detail/2376,Mastercard
https://www.card-gorilla.com/card/detail/2376,UnionPay
https://www.card-gorilla.com/card/detail/2377,Mastercard
https://www.card-gorilla.com/card/detail/2378,Mastercard
https://www.card-gorilla.com/card/detail/2379,VISA
https://www.card-gorilla.com/card/detail/2385,Mastercard
https://www.card-gorilla.com/card/detail/2386,Mastercard
https://www.card-gorilla.com/card/detail/2386,BC
https://www.card-gorilla.com/card/detail/2388,Mastercard
https://www.card-gorilla.com/card/detail/2389,Mastercard
https://www.card-gorilla.com/card/detail/2389,AMEX
https://www.card-gorilla.com/card/detail/2390,BC
https://www.card-gorilla.com/card/detail/2392,Mastercard
https://www.card-gorilla.com/card/detail/2393,VISA
https://www.card-gorilla.com/card/detail/2394,Mastercard
https://www.card-gorilla.com/card/detail/2394,UnionPay
https://www.card-gorilla.com/card/detail/2395,Mastercard
https://www.card-gorilla.com/card/detail/2395,AMEX
https://www.card-gorilla.com/card/detail/2398,Mastercard
https://www.card-gorilla.com/card/detail/2400,BC
https://www.card-gorilla.com/card/detail/2401,Mastercard
https://www.card-gorilla.com/card/detail/2401,BC
https://www.card-gorilla.com/card/detail/2402,Mastercard
https://www.card-gorilla.com/card/detail/2403,Mastercard
https://www.card-gorilla.com/card/detail/2403,BC
https://www.card-gorilla.com/card/detail/2404,Mastercard
https://www.card-gorilla.com/card/detail/2404,BC
https://www.card-gorilla.com/card/detail/2405,VISA
https://www.card-gorilla.com/card/detail/2405,UnionPay
https://www.card-gorilla.com/card/detail/2406,AMEX
https://www.card-gorilla.com/card/detail/2407,Mastercard
https://www.card-gorilla.com/card/detail/2409,VISA
https://www.card-gorilla.com/card/detail/2410,VISA
https://www.card-gorilla.com/card/detail/2411,Mastercard
https://www.card-gorilla.com/card/detail/2412,AMEX
https://www.card-gorilla.com/card/detail/2414,VISA
https://www.card-gorilla.com/card/detail/2416,VISA
https://www.card-gorilla.com/card/detail/2418,VISA
https://www.card-gorilla.com/card/detail/2418,BC
https://www.card-gorilla.com/card/detail/2420,Mastercard
https://www.card-gorilla.com/card/detail/2421,Mastercard
https://www.card-gorilla.com/card/detail/2422,VISA
https://www.card-gorilla.com/card/detail/2422,Mastercard
https://www.card-gorilla.com/card/detail/2423,Mastercard
https://www.card-gorilla.com/card/detail/2424,Mastercard
https://www.card-gorilla.com/card/detail/2424,AMEX
https://www.card-gorilla.com/card/detail/2429,VISA
https://www.card-gorilla.com/card/detail/2430,VISA
https://www.card-gorilla.com/card/detail/2431,VISA
https://www.card-gorilla.com/card/detail/2432,Mastercard
https://www.card-gorilla.com/card/detail/2433,Mastercard
https://www.card-gorilla.com/card/detail/2433,AMEX
https://www.card-gorilla.com/card/detail/2434,VISA
https://www.card-gorilla.com/card/detail/2435,VISA
https://www.card-gorilla.com/card/detail/2436,VISA
https://www.card-gorilla.com/card/detail/2437,Mastercard
https://www.card-gorilla.com/card/detail/2440,VISA
https://www.card-gorilla.com/card/detail/2441,Mastercard
https://www.card-gorilla.com/card/detail/2441,AMEX
https://www.card-gorilla.com/card/detail/2442,Mastercard
https://www.card-gorilla.com/card/detail/2443,VISA
https://www.card-gorilla.com/card/detail/2444,Mastercard
https://www.card-gorilla.com/card/detail/2445,VISA
https://www.card-gorilla.com/card/detail/2445,Mastercard
https://www.card-gorilla.com/card/detail/2445,AMEX
https://www.card-gorilla.com/card/detail/2446,Mastercard
https://www.card-gorilla.com/card/detail/2447,VISA
https://www.card-gorilla.com/card/detail/2447,Mastercard
https://www.card-gorilla.com/card/detail/2447,AMEX
https://www.card-gorilla.com/card/detail/2448,Mastercard
https://www.card-gorilla.com/card/detail/2449,VISA
https://www.card-gorilla.com/card/detail/2449,Mastercard
https://www.card-gorilla.com/card/detail/2449,AMEX
https://www.card-gorilla.com/card/detail/2450,Mastercard
https://www.card-gorilla.com/card/detail/2451,Mastercard
https://www.card-gorilla.com/card/detail/2452,VISA
https://www.card-gorilla.com/card/detail/2452,UnionPay
https://www.card-gorilla.com/card/detail/2453,VISA
https://www.card-gorilla.com/card/detail/2455,VISA
https://www.card-gorilla.com/card/detail/2457,Mastercard
https://www.card-gorilla.com/card/detail/2457,AMEX
https://www.card-gorilla.com/card/detail/2459,Mastercard
https://www.card-gorilla.com/card/detail/2460,Mastercard
https://www.card-gorilla.com/card/detail/2461,VISA
https://www.card-gorilla.com/card/detail/2463,Mastercard
https://www.card-gorilla.com/card/detail/2463,AMEX
https://www.card-gorilla.com/card/detail/2465,VISA
https://www.card-gorilla.com/card/detail/2466,VISA
https://www.card-gorilla.com/card/detail/2467,VISA
https://www.card-gorilla.com/card/detail/2468,Mastercard
https://www.card-gorilla.com/card/detail/2468,JCB
https://www.card-gorilla.com/card/detail/2469,Mastercard
https://www.card-gorilla.com/card/detail/2469,AMEX
https://www.card-gorilla.com/card/detail/2470,Mastercard
https://www.card-gorilla.com/card/detail/2471,VISA
https://www.card-gorilla.com/card/detail/2472,VISA
https://www.card-gorilla.com/card/detail/2472,Mastercard
https://www.card-gorilla.com/card/detail/2472,AMEX
https://www.card-gorilla.com/card/detail/2473,Mastercard
https://www.card-gorilla.com/card/detail/2474,Mastercard
https://www.card-gorilla.com/card/detail/2474,JCB
https://www.card-gorilla.com/card/detail/2476,Mastercard
https://www.card-gorilla.com/card/detail/2476,BC
https://www.card-gorilla.com/card/detail/2477,Mastercard
https://www.card-gorilla.com/card/detail/2479,VISA
https://www.card-gorilla.com/card/detail/2483,Mastercard
https://www.card-gorilla.com/card/detail/2484,VISA
https://www.card-gorilla.com/card/detail/2484,BC
https://www.card-gorilla.com/card/detail/2486,Mastercard
https://www.card-gorilla.com/card/detail/2487,Mastercard
https://www.card-gorilla.com/card/detail/2487,BC
https://www.card-gorilla.com/card/detail/2488,VISA
https://www.card-gorilla.com/card/detail/2489,VISA
https://www.card-gorilla.com/card/detail/2489,UnionPay
https://www.card-gorilla.com/card/detail/2489,BC
https://www.card-gorilla.com/card/detail/2491,Mastercard
https://www.card-gorilla.com/card/detail/2492,Mastercard
https://www.card-gorilla.com/card/detail/2494,Mastercard
https://www.card-gorilla.com/card/detail/2494,BC
https://www.card-gorilla.com/card/detail/2495,Mastercard
https://www.card-gorilla.com/card/detail/2495,BC
https://www.card-gorilla.com/card/detail/2496,Mastercard
https://www.card-gorilla.com/card/detail/2497,Mastercard
https://www.card-gorilla.com/card/detail/2511,Mastercard
https://www.card-gorilla.com/card/detail/2512,Mastercard
https://www.card-gorilla.com/card/detail/2514,VISA
https://www.card-gorilla.com/card/detail/2515,VISA
https://www.card-gorilla.com/card/detail/2516,VISA
https://www.card-gorilla.com/card/detail/2517,Mastercard
https://www.card-gorilla.com/card/detail/2519,VISA
https://www.card-gorilla.com/card/detail/2521,VISA
https://www.card-gorilla.com/card/detail/2521,AMEX
https://www.card-gorilla.com/card/detail/2522,Mastercard
https://www.card-gorilla.com/card/detail/2522,BC
https://www.card-gorilla.com/card/detail/2523,Mastercard
https://www.card-gorilla.com/card/detail/2523,BC
https://www.card-gorilla.com/card/detail/2525,VISA
https://www.card-gorilla.com/card/detail/2525,BC
https://www.card-gorilla.com/card/detail/2526,VISA
https://www.card-gorilla.com/card/detail/2527,Mastercard
https://www.card-gorilla.com/card/detail/2528,Mastercard
https://www.card-gorilla.com/card/detail/2529,Mastercard
https://www.card-gorilla.com/card/detail/2532,Mastercard
https://www.card-gorilla.com/card/detail/2533,Mastercard
https://www.card-gorilla.com/card/detail/2534,Mastercard
https://www.card-gorilla.com/card/detail/2534,UnionPay
https://www.card-gorilla.com/card/detail/2537,Mastercard
https://www.card-gorilla.com/card/detail/2538,Mastercard
https://www.card-gorilla.com/card/detail/2539,VISA
https://www.card-gorilla.com/card/detail/2540,VISA
https://www.card-gorilla.com/card/detail/2541,AMEX
https://www.card-gorilla.com/card/detail/2542,AMEX
https://www.card-gorilla.com/card/detail/2543,Mastercard
https://www.card-gorilla.com/card/detail/2543,UnionPay
https://www.card-gorilla.com/card/detail/2546,Mastercard
https://www.card-gorilla.com/card/detail/2547,Mastercard
https://www.card-gorilla.com/card/detail/2549,VISA
https://www.card-gorilla.com/card/detail/2549,BC
https://www.card-gorilla.com/card/detail/2550,Mastercard
https://www.card-gorilla.com/card/detail/2551,Mastercard
https://www.card-gorilla.com/card/detail/2552,Mastercard
https://www.card-gorilla.com/card/detail/2553,Mastercard
https://www.card-gorilla.com/card/detail/2553,BC
https://www.card-gorilla.com/card/detail/2554,VISA
https://www.card-gorilla.com/card/detail/2555,VISA
https://www.card-gorilla.com/card/detail/2555,BC
https://www.card-gorilla.com/card/detail/2556,VISA
https://www.card-gorilla.com/card/detail/2558,Mastercard
https://www.card-gorilla.com/card/detail/2558,BC
https://www.card-gorilla.com/card/detail/2565,Mastercard
https://www.card-gorilla.com/card/detail/2565,BC
https://www.card-gorilla.com/card/detail/2566,Mastercard
https://www.card-gorilla.com/card/detail/2566,AMEX
https://www.card-gorilla.com/card/detail/2567,VISA
https://www.card-gorilla.com/card/detail/2568,Mastercard
https://www.card-gorilla.com/card/detail/2569,VISA
https://www.card-gorilla.com/card/detail/2570,Mastercard
https://www.card-gorilla.com/card/detail/2571,VISA
https://www.card-gorilla.com/card/detail/2572,UnionPay
https://www.card-gorilla.com/card/detail/2583,VISA
https://www.card-gorilla.com/card/detail/2585,VISA
https://www.card-gorilla.com/card/detail/2587,Mastercard
https://www.card-gorilla.com/card/detail/2588,Mastercard
https://www.card-gorilla.com/card/detail/2589,VISA
https://www.card-gorilla.com/card/detail/2590,Mastercard
https://www.card-gorilla.com/card/detail/2590,BC
https://www.card-gorilla.com/card/detail/2592,Mastercard
https://www.card-gorilla.com/card/detail/2594,AMEX
https://www.card-gorilla.com/card/detail/2595,VISA
https://www.card-gorilla.com/card/detail/2596,Mastercard
https://www.card-gorilla.com/card/detail/2597,Mastercard
https://www.card-gorilla.com/card/detail/2598,Mastercard
https://www.card-gorilla.com/card/detail/2602,VISA
https://www.card-gorilla.com/card/detail/2603,Mastercard
https://www.card-gorilla.com/card/detail/2604,Mastercard
https://www.card-gorilla.com/card/detail/2605,VISA
https://www.card-gorilla.com/card/detail/2606,VISA
https://www.card-gorilla.com/card/detail/2608,VISA
https://www.card-gorilla.com/card/detail/2609,VISA
https://www.card-gorilla.com/card/detail/2611,VISA
https://www.card-gorilla.com/card/detail/2612,VISA
https://www.card-gorilla.com/card/detail/2613,VISA
https://www.card-gorilla.com/card/detail/2618,VISA
https://www.card-gorilla.com/card/detail/2619,Mastercard
https://www.card-gorilla.com/card/detail/2619,BC
https://www.card-gorilla.com/card/detail/2623,AMEX
https://www.card-gorilla.com/card/detail/2624,AMEX
https://www.card-gorilla.com/card/detail/2625,Mastercard
https://www.card-gorilla.com/card/detail/2627,VISA
https://www.card-gorilla.com/card/detail/2629,VISA
https://www.card-gorilla.com/card/detail/2630,UnionPay
https://www.card-gorilla.com/card/detail/2631,Mastercard
https://www.card-gorilla.com/card/detail/2632,Mastercard
https://www.card-gorilla.com/card/detail/2632,AMEX
https://www.card-gorilla.com/card/detail/2633,VISA
https://www.card-gorilla.com/card/detail/2633,Mastercard
https://www.card-gorilla.com/card/detail/2633,AMEX
https://www.card-gorilla.com/card/detail/2634,Mastercard
https://www.card-gorilla.com/card/detail/2635,Mastercard
https://www.card-gorilla.com/card/detail/2635,AMEX
https://www.card-gorilla.com/card/detail/2636,Mastercard
https://www.card-gorilla.com/card/detail/2637,VISA
https://www.card-gorilla.com/card/detail/2638,VISA
https://www.card-gorilla.com/card/detail/2639,Mastercard
https://www.card-gorilla.com/card/detail/2640,VISA
https://www.card-gorilla.com/card/detail/2641,Mastercard
https://www.card-gorilla.com/card/detail/2642,VISA
https://www.card-gorilla.com/card/detail/2643,VISA
https://www.card-gorilla.com/card/detail/2645,Mastercard
https://www.card-gorilla.com/card/detail/2645,BC
https://www.card-gorilla.com/card/detail/2646,VISA
https://www.card-gorilla.com/card/detail/2646,AMEX
https://www.card-gorilla.com/card/detail/2647,VISA
https://www.card-gorilla.com/card/detail/2647,AMEX
https://www.card-gorilla.com/card/detail/2651,VISA
https://www.card-gorilla.com/card/detail/2652,Mastercard
https://www.card-gorilla.com/card/detail/2653,Mastercard
https://www.card-gorilla.com/card/detail/2654,VISA
https://www.card-gorilla.com/card/detail/2654,Mastercard
https://www.card-gorilla.com/card/detail/2654,AMEX
https://www.card-gorilla.com/card/detail/2655,Mastercard
https://www.card-gorilla.com/card/detail/2655,BC
https://www.card-gorilla.com/card/detail/2656,AMEX
https://www.card-gorilla.com/card/detail/2657,VISA
https://www.card-gorilla.com/card/detail/2657,Mastercard
https://www.card-gorilla.com/card/detail/2658,Mastercard
https://www.card-gorilla.com/card/detail/2658,BC
https://www.card-gorilla.com/card/detail/2659,Mastercard
https://www.card-gorilla.com/card/detail/2659,AMEX
https://www.card-gorilla.com/card/detail/2661,Mastercard
https://www.card-gorilla.com/card/detail/2662,AMEX
https://www.card-gorilla.com/card/detail/2663,AMEX
https://www.card-gorilla.com/card/detail/2664,AMEX
https://www.card-gorilla.com/card/detail/2665,UnionPay
https://www.card-gorilla.com/card/detail/2666,VISA
https://www.card-gorilla.com/card/detail/2667,Mastercard
https://www.card-gorilla.com/card/detail/2668,BC
https://www.card-gorilla.com/card/detail/2669,VISA
https://www.card-gorilla.com/card/detail/2669,AMEX
https://www.card-gorilla.com/card/detail/2670,VISA
https://www.card-gorilla.com/card/detail/2670,AMEX
https://www.card-gorilla.com/card/detail/2671,Mastercard
https://www.card-gorilla.com/card/detail/2673,VISA
https://www.card-gorilla.com/card/detail/2676,Mastercard
https://www.card-gorilla.com/card/detail/2677,Mastercard
https://www.card-gorilla.com/card/detail/2678,Mastercard
https://www.card-gorilla.com/card/detail/2679,VISA
https://www.card-gorilla.com/card/detail/2679,AMEX
https://www.card-gorilla.com/card/detail/2680,VISA
https://www.card-gorilla.com/card/detail/2680,AMEX
https://www.card-gorilla.com/card/detail/2681,Mastercard
https://www.card-gorilla.com/card/detail/2681,BC
https://www.card-gorilla.com/card/detail/2682,VISA
https://www.card-gorilla.com/card/detail/2683,VISA
https://www.card-gorilla.com/card/detail/2683,AMEX
https://www.card-gorilla.com/card/detail/2684,VISA
https://www.card-gorilla.com/card/detail/2684,AMEX
https://www.card-gorilla.com/card/detail/2685,Mastercard
https://www.card-gorilla.com/card/detail/2686,Mastercard
https://www.card-gorilla.com/card/detail/2687,VISA
https://www.card-gorilla.com/card/detail/2687,Mastercard
https://www.card-gorilla.com/card/detail/2687,UnionPay
https://www.card-gorilla.com/card/detail/2688,Mastercard
https://www.card-gorilla.com/card/detail/2689,VISA
https://www.card-gorilla.com/card/detail/2689,Mastercard
https://www.card-gorilla.com/card/detail/2690,Mastercard
https://www.card-gorilla.com/card/detail/2690,BC
https://www.card-gorilla.com/card/detail/2691,Mastercard
https://www.card-gorilla.com/card/detail/2692,VISA
https://www.card-gorilla.com/card/detail/2693,Mastercard
https://www.card-gorilla.com/card/detail/2694,Mastercard
https://www.card-gorilla.com/card/detail/2697,VISA
https://www.card-gorilla.com/card/detail/2699,Mastercard
https://www.card-gorilla.com/card/detail/2700,Mastercard
https://www.card-gorilla.com/card/detail/2701,VISA
https://www.card-gorilla.com/card/detail/2702,VISA
https://www.card-gorilla.com/card/detail/2703,VISA
https://www.card-gorilla.com/card/detail/2704,VISA
https://www.card-gorilla.com/card/detail/2705,VISA
https://www.card-gorilla.com/card/detail/2707,VISA
https://www.card-gorilla.com/card/detail/2707,Mastercard
https://www.card-gorilla.com/card/detail/2707,AMEX
https://www.card-gorilla.com/card/detail/2708,Mastercard
https://www.card-gorilla.com/card/detail/2708,JCB
https://www.card-gorilla.com/card/detail/2709,VISA
https://www.card-gorilla.com/card/detail/2710,VISA
https://www.card-gorilla.com/card/detail/2711,VISA
https://www.card-gorilla.com/card/detail/2712,VISA
https://www.card-gorilla.com/card/detail/2713,Mastercard
https://www.card-gorilla.com/card/detail/2713,AMEX
https://www.card-gorilla.com/card/detail/2714,Mastercard
https://www.card-gorilla.com/card/detail/2714,AMEX
https://www.card-gorilla.com/card/detail/2715,VISA
https://www.card-gorilla.com/card/detail/2715,Mastercard
https://www.card-gorilla.com/card/detail/2715,AMEX
https://www.card-gorilla.com/card/detail/2716,Mastercard
https://www.card-gorilla.com/card/detail/2716,AMEX
https://www.card-gorilla.com/card/detail/2717,Mastercard
https://www.card-gorilla.com/card/detail/2717,AMEX
https://www.card-gorilla.com/card/detail/2718,Mastercard
https://www.card-gorilla.com/card/detail/2719,Mastercard
https://www.card-gorilla.com/card/detail/2721,Mastercard
https://www.card-gorilla.com/card/detail/2722,Mastercard
https://www.card-gorilla.com/card/detail/2723,Mastercard
https://www.card-gorilla.com/card/detail/2725,Mastercard
https://www.card-gorilla.com/card/detail/2726,Mastercard
https://www.card-gorilla.com/card/detail/2729,Mastercard
https://www.card-gorilla.com/card/detail/2730,Mastercard
https://www.card-gorilla.com/card/detail/2731,VISA
https://www.card-gorilla.com/card/detail/2732,Mastercard
https://www.card-gorilla.com/card/detail/2732,BC
https://www.card-gorilla.com/card/detail/2733,VISA
https://www.card-gorilla.com/card/detail/2733,Mastercard
https://www.card-gorilla.com/card/detail/2733,AMEX
https://www.card-gorilla.com/card/detail/2734,Mastercard
https://www.card-gorilla.com/card/detail/2734,UnionPay
https://www.card-gorilla.com/card/detail/2734,BC
https://www.card-gorilla.com/card/detail/2735,Mastercard
https://www.card-gorilla.com/card/detail/2736,VISA
https://www.card-gorilla.com/card/detail/2737,VISA
https://www.card-gorilla.com/card/detail/2738,VISA
https://www.card-gorilla.com/card/detail/2739,VISA
https://www.card-gorilla.com/card/detail/2740,VISA
https://www.card-gorilla.com/card/detail/2741,Mastercard
https://www.card-gorilla.com/card/detail/2741,BC
https://www.card-gorilla.com/card/detail/2742,Mastercard
https://www.card-gorilla.com/card/detail/2743,VISA
https://www.card-gorilla.com/card/detail/2744,Mastercard
https://www.card-gorilla.com/card/detail/2746,VISA
https://www.card-gorilla.com/card/detail/2746,Mastercard
https://www.card-gorilla.com/card/detail/2746,JCB
https://www.card-gorilla.com/card/detail/2747,Mastercard
https://www.card-gorilla.com/card/detail/2748,Mastercard
https://www.card-gorilla.com/card/detail/2750,VISA
https://www.card-gorilla.com/card/detail/2750,Mastercard
https://www.card-gorilla.com/card/detail/2751,VISA
https://www.card-gorilla.com/card/detail/2752,VISA
https://www.card-gorilla.com/card/detail/2753,VISA
https://www.card-gorilla.com/card/detail/2755,VISA
https://www.card-gorilla.com/card/detail/2756,VISA
https://www.card-gorilla.com/card/detail/2757,VISA
https://www.card-gorilla.com/card/detail/2759,Mastercard
https://www.card-gorilla.com/card/detail/2760,VISA
https://www.card-gorilla.com/card/detail/2760,Mastercard
https://www.card-gorilla.com/card/detail/2761,Mastercard
https://www.card-gorilla.com/card/detail/2761,AMEX
https://www.card-gorilla.com/card/detail/2761,BC
https://www.card-gorilla.com/card/detail/2762,VISA
https://www.card-gorilla.com/card/detail/2763,Mastercard
https://www.card-gorilla.com/card/detail/2764,VISA
https://www.card-gorilla.com/card/detail/2764,AMEX
https://www.card-gorilla.com/card/detail/2765,Mastercard
https://www.card-gorilla.com/card/detail/2765,AMEX
https://www.card-gorilla.com/card/detail/2765,BC
https://www.card-gorilla.com/card/detail/2766,Mastercard
https://www.card-gorilla.com/card/detail/2766,BC
https://www.card-gorilla.com/card/detail/2767,Mastercard
https://www.card-gorilla.com/card/detail/2771,Mastercard
https://www.card-gorilla.com/card/detail/2771,BC
https://www.card-gorilla.com/card/detail/2775,Mastercard
https://www.card-gorilla.com/card/detail/2776,Mastercard
https://www.card-gorilla.com/card/detail/2777,Mastercard
https://www.card-gorilla.com/card/detail/2779,VISA
https://www.card-gorilla.com/card/detail/2779,Mastercard
https://www.card-gorilla.com/card/detail/2780,Mastercard
https://www.card-gorilla.com/card/detail/2780,JCB
https://www.card-gorilla.com/card/detail/2781,VISA
https://www.card-gorilla.com/card/detail/2781,Mastercard
https://www.card-gorilla.com/card/detail/2785,AMEX
https://www.card-gorilla.com/card/detail/2786,AMEX
https://www.card-gorilla.com/card/detail/2787,Mastercard
https://www.card-gorilla.com/card/detail/2788,VISA
https://www.card-gorilla.com/card/detail/2788,UnionPay
https://www.card-gorilla.com/card/detail/2789,Mastercard
https://www.card-gorilla.com/card/detail/2790,VISA
https://www.card-gorilla.com/card/detail/2790,AMEX
https://www.card-gorilla.com/card/detail/2791,VISA
https://www.card-gorilla.com/card/detail/2791,AMEX
https://www.card-gorilla.com/card/detail/2792,VISA
https://www.card-gorilla.com/card/detail/2792,AMEX
https://www.card-gorilla.com/card/detail/2793,VISA
https://www.card-gorilla.com/card/detail/2793,AMEX
https://www.card-gorilla.com/card/detail/2794,VISA
https://www.card-gorilla.com/card/detail/2795,Mastercard
https://www.card-gorilla.com/card/detail/2795,JCB
https://www.card-gorilla.com/card/detail/2799,Mastercard
https://www.card-gorilla.com/card/detail/2799,AMEX
https://www.card-gorilla.com/card/detail/2799,BC
https://www.card-gorilla.com/card/detail/2807,Mastercard
https://www.card-gorilla.com/card/detail/2809,Mastercard
https://www.card-gorilla.com/card/detail/2810,Mastercard
https://www.card-gorilla.com/card/detail/2811,Mastercard
https://www.card-gorilla.com/card/detail/2814,Mastercard
https://www.card-gorilla.com/card/detail/2817,BC
https://www.card-gorilla.com/card/detail/2820,VISA
https://www.card-gorilla.com/card/detail/2820,Mastercard
https://www.card-gorilla.com/card/detail/2820,AMEX
https://www.card-gorilla.com/card/detail/2821,VISA
https://www.card-gorilla.com/card/detail/2821,Mastercard
https://www.card-gorilla.com/card/detail/2821,AMEX
https://www.card-gorilla.com/card/detail/2822,Mastercard
https://www.card-gorilla.com/card/detail/2823,Mastercard
https://www.card-gorilla.com/card/detail/2824,Mastercard
https://www.card-gorilla.com/card/detail/2825,BC
https://www.card-gorilla.com/card/detail/2826,BC
https://www.card-gorilla.com/card/detail/2827,Mastercard
https://www.card-gorilla.com/card/detail/2828,Mastercard
https://www.card-gorilla.com/card/detail/2830,VISA
https://www.card-gorilla.com/card/detail/2831,Mastercard
https://www.card-gorilla.com/card/detail/2831,BC
https://www.card-gorilla.com/card/detail/2832,Mastercard
https://www.card-gorilla.com/card/detail/2835,Mastercard
https://www.card-gorilla.com/card/detail/2836,Mastercard
https://www.card-gorilla.com/card/detail/2837,Mastercard
https://www.card-gorilla.com/card/detail/2840,VISA
https://www.card-gorilla.com/card/detail/2840,Mastercard
https://www.card-gorilla.com/card/detail/2841,VISA
https://www.card-gorilla.com/card/detail/2841,Mastercard
https://www.card-gorilla.com/card/detail/2842,VISA
https://www.card-gorilla.com/card/detail/2842,AMEX
https://www.card-gorilla.com/card/detail/2843,VISA
https://www.card-gorilla.com/card/detail/2843,AMEX
https://www.card-gorilla.com/card/detail/2844,VISA
https://www.card-gorilla.com/card/detail/2844,AMEX
https://www.card-gorilla.com/card/detail/2845,Mastercard
https://www.card-gorilla.com/card/detail/2847,Mastercard
https://www.card-gorilla.com/card/detail/2848,Mastercard
https://www.card-gorilla.com/card/detail/2851,Mastercard
https://www.card-gorilla.com/card/detail/2852,Mastercard
https://www.card-gorilla.com/card/detail/2853,Mastercard
https://www.card-gorilla.com/card/detail/2855,JCB
https://www.card-gorilla.com/card/detail/2856,AMEX
https://www.card-gorilla.com/card/detail/2858,Mastercard
https://www.card-gorilla.com/card/detail/2858,BC
https://www.card-gorilla.com/card/detail/2859,Mastercard
https://www.card-gorilla.com/card/detail/2861,VISA
https://www.card-gorilla.com/card/detail/2862,Mastercard
https://www.card-gorilla.com/card/detail/2863,AMEX
https://www.card-gorilla.com/card/detail/2864,AMEX
https://www.card-gorilla.com/card/detail/2865,VISA
https://www.card-gorilla.com/card/detail/2867,VISA
https://www.card-gorilla.com/card/detail/2868,Mastercard
https://www.card-gorilla.com/card/detail/2869,Mastercard
https://www.card-gorilla.com/card/detail/2870,VISA
https://www.card-gorilla.com/card/detail/2872,VISA
https://www.card-gorilla.com/card/detail/2873,Mastercard
https://www.card-gorilla.com/card/detail/2875,Mastercard
https://www.card-gorilla.com/card/detail/2876,VISA
https://www.card-gorilla.com/card/detail/2877,VISA
https://www.card-gorilla.com/card/detail/2878,VISA
https://www.card-gorilla.com/card/detail/2878,AMEX
https://www.card-gorilla.com/card/detail/2879,VISA
https://www.card-gorilla.com/card/detail/2879,AMEX
https://www.card-gorilla.com/card/detail/2880,VISA
https://www.card-gorilla.com/card/detail/2880,AMEX
https://www.card-gorilla.com/card/detail/2881,VISA
https://www.card-gorilla.com/card/detail/2881,AMEX
https://www.card-gorilla.com/card/detail/2882,VISA
https://www.card-gorilla.com/card/detail/2883,VISA
https://www.card-gorilla.com/card/detail/2883,AMEX
https://www.card-gorilla.com/card/detail/2884,VISA
https://www.card-gorilla.com/card/detail/2885,Mastercard
https://www.card-gorilla.com/card/detail/2886,Mastercard
https://www.card-gorilla.com/card/detail/2887,Mastercard
https://www.card-gorilla.com/card/detail/2888,Mastercard
https://www.card-gorilla.com/card/detail/2888,AMEX
https://www.card-gorilla.com/card/detail/2889,Mastercard
https://www.card-gorilla.com/card/detail/2890,VISA
https://www.card-gorilla.com/card/detail/2891,VISA
https://www.card-gorilla.com/card/detail/2892,Mastercard
https://www.card-gorilla.com/card/detail/2893,Mastercard
https://www.card-gorilla.com/card/detail/2894,Mastercard
https://www.card-gorilla.com/card/detail/2896,Mastercard
https://www.card-gorilla.com/card/detail/2897,Mastercard
https://www.card-gorilla.com/card/detail/2898,Mastercard
https://www.card-gorilla.com/card/detail/2899,Mastercard
https://www.card-gorilla.com/card/detail/2902,Mastercard
https://www.card-gorilla.com/card/detail/2904,Mastercard
https://www.card-gorilla.com/card/detail/2905,Mastercard
https://www.card-gorilla.com/card/detail/2906,UnionPay
https://www.card-gorilla.com/card/detail/2907,Mastercard
https://www.card-gorilla.com/card/detail/2908,VISA
https://www.card-gorilla.com/card/detail/2909,Mastercard
https://www.card-gorilla.com/card/detail/2912,Mastercard
https://www.card-gorilla.com/card/detail/2913,Mastercard
https://www.card-gorilla.com/card/detail/2914,Mastercard
https://www.card-gorilla.com/card/detail/2915,Mastercard
https://www.card-gorilla.com/card/detail/2916,Mastercard
https://www.card-gorilla.com/card/detail/2918,Mastercard
https://www.card-gorilla.com/card/detail/2921,VISA
https://www.card-gorilla.com/card/detail/2922,VISA
https://www.card-gorilla.com/card/detail/2923,Mastercard
https://www.card-gorilla.com/card/detail/2924,UnionPay
https://www.card-gorilla.com/card/detail/2929,Mastercard
https://www.card-gorilla.com/card/detail/2930,Mastercard
https://www.card-gorilla.com/card/detail/2930,JCB
https://www.card-gorilla.com/card/detail/2931,VISA
https://www.card-gorilla.com/card/detail/2933,VISA
https://www.card-gorilla.com/card/detail/2934,VISA
https://www.card-gorilla.com/card/detail/2935,VISA
https://www.card-gorilla.com/card/detail/2936,VISA
https://www.card-gorilla.com/card/detail/2937,Mastercard
https://www.card-gorilla.com/card/detail/2938,VISA
https://www.card-gorilla.com/card/detail/2938,AMEX
https://www.card-gorilla.com/card/detail/2939,VISA
https://www.card-gorilla.com/card/detail/2939,AMEX
https://www.card-gorilla.com/card/detail/2940,VISA
https://www.card-gorilla.com/card/detail/2940,AMEX
https://www.card-gorilla.com/card/detail/2942,VISA
https://www.card-gorilla.com/card/detail/2942,AMEX
https://www.card-gorilla.com/card/detail/2943,VISA
https://www.card-gorilla.com/card/detail/2944,VISA
https://www.card-gorilla.com/card/detail/2947,Mastercard
https://www.card-gorilla.com/card/detail/2947,AMEX
https://www.card-gorilla.com/card/detail/2948,Mastercard
https://www.card-gorilla.com/card/detail/2948,AMEX
https://www.card-gorilla.com/card/detail/2950,Mastercard
https://www.card-gorilla.com/card/detail/2951,Mastercard
https://www.card-gorilla.com/card/detail/2952,VISA
https://www.card-gorilla.com/card/detail/2953,VISA
https://www.card-gorilla.com/card/detail/2954,VISA
https://www.card-gorilla.com/card/detail/2955,Mastercard
https://www.card-gorilla.com/card/detail/2956,Mastercard
https://www.card-gorilla.com/card/detail/2956,BC
https://www.card-gorilla.com/card/detail/2957,Mastercard
https://www.card-gorilla.com/card/detail/2960,Mastercard
https://www.card-gorilla.com/card/detail/2961,Mastercard
https://www.card-gorilla.com/card/detail/2962,Mastercard
https://www.card-gorilla.com/card/detail/2963,Mastercard
https://www.card-gorilla.com/card/detail/2964,Mastercard
https://www.card-gorilla.com/card/detail/2967,VISA
https://www.card-gorilla.com/card/detail/2967,AMEX
https://www.card-gorilla.com/card/detail/2968,VISA
https://www.card-gorilla.com/card/detail/2968,AMEX
https://www.card-gorilla.com/card/detail/2969,VISA
https://www.card-gorilla.com/card/detail/2969,AMEX
https://www.card-gorilla.com/card/detail/2970,Mastercard
https://www.card-gorilla.com/card/detail/2970,AMEX
https://www.card-gorilla.com/card/detail/2971,Mastercard
https://www.card-gorilla.com/card/detail/2972,VISA
https://www.card-gorilla.com/card/detail/2973,VISA
https://www.card-gorilla.com/card/detail/2974,VISA
https://www.card-gorilla.com/card/detail/2975,Mastercard
https://www.card-gorilla.com/card/detail/2975,AMEX
https://www.card-gorilla.com/card/detail/2977,JCB
https://www.card-gorilla.com/card/detail/2978,VISA
https://www.card-gorilla.com/card/detail/2978,Mastercard
https://www.card-gorilla.com/card/detail/2979,VISA
https://www.card-gorilla.com/card/detail/2980,Mastercard
https://www.card-gorilla.com/card/detail/2981,Mastercard
https://www.card-gorilla.com/card/detail/2982,VISA
https://www.card-gorilla.com/card/detail/2983,VISA
https://www.card-gorilla.com/card/detail/2984,VISA
https://www.card-gorilla.com/card/detail/2985,VISA
https://www.card-gorilla.com/card/detail/2985,AMEX
https://www.card-gorilla.com/card/detail/2986,VISA
https://www.card-gorilla.com/card/detail/2987,Mastercard
https://www.card-gorilla.com/card/detail/2987,AMEX
https://www.card-gorilla.com/card/detail/2988,VISA
https://www.card-gorilla.com/card/detail/2989,VISA
https://www.card-gorilla.com/card/detail/2989,AMEX
https://www.card-gorilla.com/card/detail/2990,VISA
https://www.card-gorilla.com/card/detail/2990,AMEX
https://www.card-gorilla.com/card/detail/2991,AMEX
https://www.card-gorilla.com/card/detail/2992,Mastercard
https://www.card-gorilla.com/card/detail/2993,Mastercard
https://www.card-gorilla.com/card/detail/2994,Mastercard
https://www.card-gorilla.com/card/detail/2997,Mastercard
https://www.card-gorilla.com/card/detail/2998,Mastercard
https://www.card-gorilla.com/card/detail/3000,VISA
https://www.card-gorilla.com/card/detail/3016,VISA
