source_url,condition_id,group_name,raw_text,original_category,new_category,action
https://www.card-gorilla.com/card/detail/8,4,선택형,Gift Option Service - 매년 1회 옵션 품목 중 한 가지를 선택하여 이용,기타,기타,KEPT_AS_GITA_NO_KEYWORD_MATCH
https://www.card-gorilla.com/card/detail/8,4,프리미엄,국제브랜드사 서비스 공통사항 안내,기타,기타,KEPT_AS_GITA_NO_KEYWORD_MATCH
https://www.card-gorilla.com/card/detail/10,5,영화,"CGV, 메가박스",기타,기타,KEPT_AS_GITA_NO_KEYWORD_MATCH
https://www.card-gorilla.com/card/detail/12,7,프리미엄,특급 호텔 발렛파킹/면세점 우대 서비스 (전월실적 30만원 이상),기타,무료서비스,RECLASSIFIED
https://www.card-gorilla.com/card/detail/14,9,카페,"스타벅스, 커피빈",기타,기타,KEPT_AS_GITA_NO_KEYWORD_MATCH
https://www.card-gorilla.com/card/detail/14,9,편의점,"GS25, 세븐일레븐, CU",기타,기타,KEPT_AS_GITA_NO_KEYWORD_MATCH
https://www.card-gorilla.com/card/detail/14,9,소셜커머스,소셜커머스,기타,기타,KEPT_AS_GITA_NO_KEYWORD_MATCH
https://www.card-gorilla.com/card/detail/14,9,택시,택시,기타,기타,KEPT_AS_GITA_NO_KEYWORD_MATCH
https://www.card-gorilla.com/card/detail/14,9,베이커리,"파리바게트, 뚜레쥬르",기타,기타,KEPT_AS_GITA_NO_KEYWORD_MATCH
https://www.card-gorilla.com/card/detail/14,9,영화,"CGV, 롯데시네마",기타,기타,KEPT_AS_GITA_NO_KEYWORD_MATCH
https://www.card-gorilla.com/card/detail/14,9,카페,스타벅스 모바일쿠폰 보너스 리워드 (분기별 실적 250만원 이상),기타,기타,KEPT_AS_GITA_NO_KEYWORD_MATCH
https://www.card-gorilla.com/card/detail/15,10,바우처,Gift Option,기타,기타,KEPT_AS_GITA_NO_KEYWORD_MATCH
https://www.card-gorilla.com/card/detail/16,11,프리미엄,Platinum # 서비스(전월실적 30만원 이상),기타,기타,KEPT_AS_GITA_NO_KEYWORD_MATCH
https://www.card-gorilla.com/card/detail/21,13,프리미엄,Platinum# 서비스 및 국제브랜드사 서비스 (전월실적 30만원 이상),기타,기타,KEPT_AS_GITA_NO_KEYWORD_MATCH
https://www.card-gorilla.com/card/detail/36,17,프리미엄 서비스,Platinum# 서비스 및 국제브랜드사 서비스,기타,기타,KEPT_AS_GITA_NO_KEYWORD_MATCH
https://www.card-gorilla.com/card/detail/36,17,[2020 소비 트렌드] 국내 할인 한도 1위 '10만 원'에 주목하라,신한카드 Mr.Life,기타,기타,KEPT_AS_GITA_NO_KEYWORD_MATCH
https://www.card-gorilla.com/card/detail/37,18,바우처,Gift Option Service,기타,기타,KEPT_AS_GITA_NO_KEYWORD_MATCH
https://www.card-gorilla.com/card/detail/38,19,프리미엄,Platinum# 서비스 및 국제브랜드사 서비스,기타,기타,KEPT_AS_GITA_NO_KEYWORD_MATCH
https://www.card-gorilla.com/card/detail/49,26,공항,공항 커피 서비스,기타,기타,KEPT_AS_GITA_NO_KEYWORD_MATCH
https://www.card-gorilla.com/card/detail/49,26,프리미엄 서비스,아멕스 PLATINUM 등급 서비스,기타,기타,KEPT_AS_GITA_NO_KEYWORD_MATCH
https://www.card-gorilla.com/card/detail/50,27,정비,닥터카서비스,기타,기타,KEPT_AS_GITA_NO_KEYWORD_MATCH
https://www.card-gorilla.com/card/detail/50,27,경기관람,프로스포츠 프로모션 서비스,기타,기타,KEPT_AS_GITA_NO_KEYWORD_MATCH
https://www.card-gorilla.com/card/detail/51,28,선택형,라이프스타일 패키지 선택,기타,기타,KEPT_AS_GITA_NO_KEYWORD_MATCH
https://www.card-gorilla.com/card/detail/54,31,프리미엄 서비스,아멕스 PLATINUM 등급 서비스 [전월 실적 30만원 이상],기타,기타,KEPT_AS_GITA_NO_KEYWORD_MATCH
https://www.card-gorilla.com/card/detail/56,33,정비,닥터카 서비스,기타,기타,KEPT_AS_GITA_NO_KEYWORD_MATCH
https://www.card-gorilla.com/card/detail/56,33,프리미엄,브랜드사 서비스,기타,기타,KEPT_AS_GITA_NO_KEYWORD_MATCH
https://www.card-gorilla.com/card/detail/57,34,프리미엄,MASTER/UnionPay 서비스,기타,기타,KEPT_AS_GITA_NO_KEYWORD_MATCH
https://www.card-gorilla.com/card/detail/58,35,프리미엄,(해외겸용카드 전용) MASTER PLATINUM 등급 서비스,기타,기타,KEPT_AS_GITA_NO_KEYWORD_MATCH
https://www.card-gorilla.com/card/detail/59,36,선택형,라이프스타일 패키지(옵션 패키지 중 택1),기타,기타,KEPT_AS_GITA_NO_KEYWORD_MATCH
https://www.card-gorilla.com/card/detail/59,36,프리미엄,mastercard PLATINUM 등급 서비스,기타,기타,KEPT_AS_GITA_NO_KEYWORD_MATCH
https://www.card-gorilla.com/card/detail/61,37,프리미엄,American Express Selects 서비스,기타,기타,KEPT_AS_GITA_NO_KEYWORD_MATCH
https://www.card-gorilla.com/card/detail/62,38,수수료우대,국제브랜드수수료 면제,기타,기타,KEPT_AS_GITA_NO_KEYWORD_MATCH
https://www.card-gorilla.com/card/detail/64,40,쇼핑,신세계백화점·이마트 제휴 혜택,기타,기타,KEPT_AS_GITA_NO_KEYWORD_MATCH
https://www.card-gorilla.com/card/detail/72,41,백화점,신세계백화점 제휴 서비스,기타,기타,KEPT_AS_GITA_NO_KEYWORD_MATCH
https://www.card-gorilla.com/card/detail/73,42,금융,우리은행 수수료 면제서비스,기타,기타,KEPT_AS_GITA_NO_KEYWORD_MATCH
https://www.card-gorilla.com/card/detail/77,44,여행/숙박,프리미엄 투어 서비스,기타,기타,KEPT_AS_GITA_NO_KEYWORD_MATCH
https://www.card-gorilla.com/card/detail/77,44,멤버십포인트,위비멤버스 서비스,기타,기타,KEPT_AS_GITA_NO_KEYWORD_MATCH
https://www.card-gorilla.com/card/detail/80,45,기타,"카드 ""Touching"" 서비스 안내",기타,기타,KEPT_AS_GITA_NO_KEYWORD_MATCH
https://www.card-gorilla.com/card/detail/80,45,해외,해외이용 시 이용수수료 면제,기타,기타,KEPT_AS_GITA_NO_KEYWORD_MATCH
https://www.card-gorilla.com/card/detail/85,50,금융,Two-in-One 결제서비스,기타,기타,KEPT_AS_GITA_NO_KEYWORD_MATCH
https://www.card-gorilla.com/card/detail/86,51,금융,Two-in-One 결제서비스,기타,기타,KEPT_AS_GITA_NO_KEYWORD_MATCH
https://www.card-gorilla.com/card/detail/91,56,프리미엄,프리미엄 투어 서비스,기타,기타,KEPT_AS_GITA_NO_KEYWORD_MATCH
https://www.card-gorilla.com/card/detail/92,57,프리미엄,프리미엄 투어 서비스,기타,기타,KEPT_AS_GITA_NO_KEYWORD_MATCH
https://www.card-gorilla.com/card/detail/93,58,프리미엄,프리미엄 투어 서비스,기타,기타,KEPT_AS_GITA_NO_KEYWORD_MATCH
https://www.card-gorilla.com/card/detail/116,68,선택형,홀릭's Choice (쇼핑홀릭 또는 푸드홀릭 중 택1),기타,기타,KEPT_AS_GITA_NO_KEYWORD_MATCH
https://www.card-gorilla.com/card/detail/121,70,기타,"연간 이용에 따른 다담리워드 서비스,
함께하는 기부 서비스",기타,기타,KEPT_AS_GITA_NO_KEYWORD_MATCH
https://www.card-gorilla.com/card/detail/130,76,바우처,"쿠폰서비스
(카드 발급 첫해:100만원이상 이용 시, 다음해 이후:전년도 1000만원 이상 이용 시)",기타,기타,KEPT_AS_GITA_NO_KEYWORD_MATCH
https://www.card-gorilla.com/card/detail/130,76,프리미엄,BeV Ⅴ카드 공통 서비스,기타,기타,KEPT_AS_GITA_NO_KEYWORD_MATCH
https://www.card-gorilla.com/card/detail/131,77,바우처,"쿠폰서비스
(카드 발급 첫해:100만원이상 이용 시, 다음해 이후:전년도 1000만원 이상 이용 시)",기타,기타,KEPT_AS_GITA_NO_KEYWORD_MATCH
https://www.card-gorilla.com/card/detail/131,77,프리미엄,BeV Ⅴ카드 공통 서비스,기타,기타,KEPT_AS_GITA_NO_KEYWORD_MATCH
https://www.card-gorilla.com/card/detail/133,79,바우처,쿠폰서비스,기타,기타,KEPT_AS_GITA_NO_KEYWORD_MATCH
https://www.card-gorilla.com/card/detail/133,79,프리미엄,BeV Ⅲ카드 우대 서비스,기타,무료서비스,RECLASSIFIED
https://www.card-gorilla.com/card/detail/143,87,APP,실물 없는 모바일 단독카드,기타,기타,KEPT_AS_GITA_NO_KEYWORD_MATCH
https://www.card-gorilla.com/card/detail/144,88,APP,실물 없는 모바일 단독카드,기타,기타,KEPT_AS_GITA_NO_KEYWORD_MATCH
https://www.card-gorilla.com/card/detail/145,89,APP,실물 없는 모바일 단독카드,기타,기타,KEPT_AS_GITA_NO_KEYWORD_MATCH
https://www.card-gorilla.com/card/detail/156,93,은행사,금융 수수료 면제,기타,기타,KEPT_AS_GITA_NO_KEYWORD_MATCH
https://www.card-gorilla.com/card/detail/156,93,기타,기타서비스,기타,기타,KEPT_AS_GITA_NO_KEYWORD_MATCH
https://www.card-gorilla.com/card/detail/167,98,프리미엄,프리미엄 서비스,기타,기타,KEPT_AS_GITA_NO_KEYWORD_MATCH
https://www.card-gorilla.com/card/detail/174,99,국민행복,"임신출산, 보육료/유아학비 등 지원",기타,기타,KEPT_AS_GITA_NO_KEYWORD_MATCH
https://www.card-gorilla.com/card/detail/174,99,멤버십포인트,그린카드 멤버십 서비스 (공통 서비스),기타,기타,KEPT_AS_GITA_NO_KEYWORD_MATCH
https://www.card-gorilla.com/card/detail/174,99,기타,공통서비스,기타,기타,KEPT_AS_GITA_NO_KEYWORD_MATCH
https://www.card-gorilla.com/card/detail/175,100,멤버십포인트,"제휴서비스(OK Cashbag, GS&Point, POP)",기타,기타,KEPT_AS_GITA_NO_KEYWORD_MATCH
https://www.card-gorilla.com/card/detail/199,110,NEW 씨티 클리어,씨티카드,기타,기타,KEPT_AS_GITA_NO_KEYWORD_MATCH
https://www.card-gorilla.com/card/detail/201,112,무이자할부,롯데백화점 12개월 할부서비스,기타,기타,KEPT_AS_GITA_NO_KEYWORD_MATCH
https://www.card-gorilla.com/card/detail/201,112,멤버십포인트,L.POINT,기타,기타,KEPT_AS_GITA_NO_KEYWORD_MATCH
https://www.card-gorilla.com/card/detail/207,117,기타,경차 유류세 환급,기타,기타,KEPT_AS_GITA_NO_KEYWORD_MATCH
https://www.card-gorilla.com/card/detail/227,121,멤버십포인트,SK멤버십 서비스,기타,기타,KEPT_AS_GITA_NO_KEYWORD_MATCH
https://www.card-gorilla.com/card/detail/227,121,프리미엄 서비스,브랜드 서비스,기타,기타,KEPT_AS_GITA_NO_KEYWORD_MATCH
https://www.card-gorilla.com/card/detail/227,121,기타,"면세점/여행 관련 서비스,
하나은행 결제 계좌 고객 우대 서비스",기타,무료서비스,RECLASSIFIED
https://www.card-gorilla.com/card/detail/231,123,기타,하나멤버스 서비스,기타,기타,KEPT_AS_GITA_NO_KEYWORD_MATCH
https://www.card-gorilla.com/card/detail/232,124,기타,하나멤버스 서비스,기타,기타,KEPT_AS_GITA_NO_KEYWORD_MATCH
https://www.card-gorilla.com/card/detail/234,125,기타,하나멤버스 서비스,기타,기타,KEPT_AS_GITA_NO_KEYWORD_MATCH
https://www.card-gorilla.com/card/detail/237,126,프리미엄 서비스,옵션서비스(프리미엄 부가서비스),기타,기타,KEPT_AS_GITA_NO_KEYWORD_MATCH
https://www.card-gorilla.com/card/detail/281,144,금융,수수료 우대,기타,기타,KEPT_AS_GITA_NO_KEYWORD_MATCH
https://www.card-gorilla.com/card/detail/284,146,은행사,주거래Package,기타,기타,KEPT_AS_GITA_NO_KEYWORD_MATCH
https://www.card-gorilla.com/card/detail/286,147,선택형,플레이트 디자인 선택 가능,기타,기타,KEPT_AS_GITA_NO_KEYWORD_MATCH
https://www.card-gorilla.com/card/detail/286,147,프리미엄 서비스,Master 플래티늄 서비스,기타,기타,KEPT_AS_GITA_NO_KEYWORD_MATCH
https://www.card-gorilla.com/card/detail/294,148,금융,금융 우대 서비스,기타,무료서비스,RECLASSIFIED
https://www.card-gorilla.com/card/detail/303,153,자동차,경차 유류세 환급 서비스,기타,기타,KEPT_AS_GITA_NO_KEYWORD_MATCH
https://www.card-gorilla.com/card/detail/309,156,NU 오하쳌(오늘하루체크),우리카드,기타,기타,KEPT_AS_GITA_NO_KEYWORD_MATCH
https://www.card-gorilla.com/card/detail/313,159,수수료우대,[해외서비스] 해외이용수수료 면제,기타,기타,KEPT_AS_GITA_NO_KEYWORD_MATCH
https://www.card-gorilla.com/card/detail/315,160,기타,월간 통합 캐쉬백 한도,기타,기타,KEPT_AS_GITA_NO_KEYWORD_MATCH
https://www.card-gorilla.com/card/detail/322,165,멤버십포인트,그린카드 멤버십 혜택,기타,기타,KEPT_AS_GITA_NO_KEYWORD_MATCH
https://www.card-gorilla.com/card/detail/323,166,국민행복,국민행복카드란?,기타,기타,KEPT_AS_GITA_NO_KEYWORD_MATCH
https://www.card-gorilla.com/card/detail/323,166,병원/약국,for Baby Service [ A-TYPE ],기타,기타,KEPT_AS_GITA_NO_KEYWORD_MATCH
https://www.card-gorilla.com/card/detail/323,166,학원,for Children Service [ B-Type ],기타,기타,KEPT_AS_GITA_NO_KEYWORD_MATCH
https://www.card-gorilla.com/card/detail/323,166,멤버십포인트,for Green Life Service [ C-Type ],기타,기타,KEPT_AS_GITA_NO_KEYWORD_MATCH
https://www.card-gorilla.com/card/detail/323,166,기타,공통서비스,기타,기타,KEPT_AS_GITA_NO_KEYWORD_MATCH
https://www.card-gorilla.com/card/detail/325,168,바우처,"GIFT VOUCHER (연 1회, 택1회)",기타,기타,KEPT_AS_GITA_NO_KEYWORD_MATCH
https://www.card-gorilla.com/card/detail/326,169,기타,공통서비스,기타,기타,KEPT_AS_GITA_NO_KEYWORD_MATCH
https://www.card-gorilla.com/card/detail/340,181,금융,금융수수료 면제 서비스,기타,기타,KEPT_AS_GITA_NO_KEYWORD_MATCH
https://www.card-gorilla.com/card/detail/342,183,은행사,금융수수료 면제 서비스,기타,기타,KEPT_AS_GITA_NO_KEYWORD_MATCH
https://www.card-gorilla.com/card/detail/344,185,아이행복,아이행복카드란?,기타,기타,KEPT_AS_GITA_NO_KEYWORD_MATCH
https://www.card-gorilla.com/card/detail/347,188,패밀리레스토랑,아웃백·VIPS·TGIF·세븐스프링스,기타,기타,KEPT_AS_GITA_NO_KEYWORD_MATCH
https://www.card-gorilla.com/card/detail/347,188,은행사,금융수수료 면제 서비스,기타,기타,KEPT_AS_GITA_NO_KEYWORD_MATCH
https://www.card-gorilla.com/card/detail/348,189,금융,금융수수료 면제 서비스,기타,기타,KEPT_AS_GITA_NO_KEYWORD_MATCH
https://www.card-gorilla.com/card/detail/349,190,은행사,금융수수료 면제 서비스,기타,기타,KEPT_AS_GITA_NO_KEYWORD_MATCH
https://www.card-gorilla.com/card/detail/357,196,백화점,AK특화 서비스,기타,기타,KEPT_AS_GITA_NO_KEYWORD_MATCH
https://www.card-gorilla.com/card/detail/359,197,기타,GS리테일POP서비스,기타,기타,KEPT_AS_GITA_NO_KEYWORD_MATCH
https://www.card-gorilla.com/card/detail/364,198,국민행복,국민행복카드란?,기타,기타,KEPT_AS_GITA_NO_KEYWORD_MATCH
https://www.card-gorilla.com/card/detail/364,198,선택형,"임신출산, 보육료/유아학비 등 지원",기타,기타,KEPT_AS_GITA_NO_KEYWORD_MATCH
https://www.card-gorilla.com/card/detail/364,198,멤버십포인트,그린카드 멤버십 서비스 (공통서비스),기타,기타,KEPT_AS_GITA_NO_KEYWORD_MATCH
https://www.card-gorilla.com/card/detail/364,198,기타,공통서비스,기타,기타,KEPT_AS_GITA_NO_KEYWORD_MATCH
https://www.card-gorilla.com/card/detail/369,200,기타,공통/제휴서비스,기타,기타,KEPT_AS_GITA_NO_KEYWORD_MATCH
https://www.card-gorilla.com/card/detail/372,201,기타,기타 서비스,기타,기타,KEPT_AS_GITA_NO_KEYWORD_MATCH
https://www.card-gorilla.com/card/detail/378,202,수수료우대,"해외 이용 수수료 면제 서비스
해외 인출 수수료 우대 서비스",기타,무료서비스,RECLASSIFIED
https://www.card-gorilla.com/card/detail/380,203,수수료우대,트래블로그 스위치 서비스,기타,기타,KEPT_AS_GITA_NO_KEYWORD_MATCH
https://www.card-gorilla.com/card/detail/382,204,선택형,카드플레이트 디자인 선택 가능,기타,기타,KEPT_AS_GITA_NO_KEYWORD_MATCH
https://www.card-gorilla.com/card/detail/389,207,선택형,카드 디자인 선택,기타,기타,KEPT_AS_GITA_NO_KEYWORD_MATCH
https://www.card-gorilla.com/card/detail/392,210,정비,닥터카서비스,기타,기타,KEPT_AS_GITA_NO_KEYWORD_MATCH
https://www.card-gorilla.com/card/detail/392,210,대형마트,이마트 맘키즈 서비스,기타,기타,KEPT_AS_GITA_NO_KEYWORD_MATCH
https://www.card-gorilla.com/card/detail/400,213,해외,해외이용 안내,기타,기타,KEPT_AS_GITA_NO_KEYWORD_MATCH
https://www.card-gorilla.com/card/detail/402,214,해외,해외이용 안내,기타,기타,KEPT_AS_GITA_NO_KEYWORD_MATCH
https://www.card-gorilla.com/card/detail/402,214,프리미엄 서비스,VISA Platinum 국제브랜드 서비스,기타,기타,KEPT_AS_GITA_NO_KEYWORD_MATCH
https://www.card-gorilla.com/card/detail/403,215,해외,해외이용 안내,기타,기타,KEPT_AS_GITA_NO_KEYWORD_MATCH
https://www.card-gorilla.com/card/detail/404,216,국민행복,국민행복카드란?,기타,기타,KEPT_AS_GITA_NO_KEYWORD_MATCH
https://www.card-gorilla.com/card/detail/404,216,교육/육아,행복 맞춤 서비스,기타,기타,KEPT_AS_GITA_NO_KEYWORD_MATCH
https://www.card-gorilla.com/card/detail/404,216,기타,출산육아 특별서비스,기타,기타,KEPT_AS_GITA_NO_KEYWORD_MATCH
https://www.card-gorilla.com/card/detail/414,221,하이브리드,체크결제와 신용결제 서비스를 한번에,기타,기타,KEPT_AS_GITA_NO_KEYWORD_MATCH
https://www.card-gorilla.com/card/detail/415,222,하이브리드,체크결제와 신용결제 서비스를 한번에,기타,기타,KEPT_AS_GITA_NO_KEYWORD_MATCH
https://www.card-gorilla.com/card/detail/421,226,주유,경차 유류세 환급 대상자 주유 및 충전(LPG) 시 유류세 환급,기타,기타,KEPT_AS_GITA_NO_KEYWORD_MATCH
https://www.card-gorilla.com/card/detail/422,227,프리미엄 서비스,Priority Pass카드 및 특수 소재 플레이트 제공,기타,기타,KEPT_AS_GITA_NO_KEYWORD_MATCH
https://www.card-gorilla.com/card/detail/422,227,기타,"VISA Signature 서비스
MasterCard World 서비스",기타,기타,KEPT_AS_GITA_NO_KEYWORD_MATCH
https://www.card-gorilla.com/card/detail/425,230,멤버십포인트,코스트코 연간 이용금액 30만원 이상 시 차년도 연회비 면제,기타,기타,KEPT_AS_GITA_NO_KEYWORD_MATCH
https://www.card-gorilla.com/card/detail/426,231,간편결제,한장의 대표카드로 보유 중인 모든 카드 사용이 가능한 All-in-One카드,기타,기타,KEPT_AS_GITA_NO_KEYWORD_MATCH
https://www.card-gorilla.com/card/detail/430,232,프리미엄 서비스,VISA/MASTER Platinum 서비스,기타,기타,KEPT_AS_GITA_NO_KEYWORD_MATCH
https://www.card-gorilla.com/card/detail/430,232,L.CLASS L20 (아시아나클럽형),롯데카드,기타,기타,KEPT_AS_GITA_NO_KEYWORD_MATCH
https://www.card-gorilla.com/card/detail/434,234,선택형,"네이비, 오렌지, 화이트 중 원하는 카드 색상 선택",기타,기타,KEPT_AS_GITA_NO_KEYWORD_MATCH
https://www.card-gorilla.com/card/detail/447,237,면세점,Daily Service,기타,기타,KEPT_AS_GITA_NO_KEYWORD_MATCH
https://www.card-gorilla.com/card/detail/447,237,카페,Daily Service,기타,기타,KEPT_AS_GITA_NO_KEYWORD_MATCH
https://www.card-gorilla.com/card/detail/447,237,택시,Daily Service,기타,기타,KEPT_AS_GITA_NO_KEYWORD_MATCH
https://www.card-gorilla.com/card/detail/449,239,바우처,Special Service 제공,기타,기타,KEPT_AS_GITA_NO_KEYWORD_MATCH
https://www.card-gorilla.com/card/detail/449,239,더라운지,LoungeKey 제공,기타,기타,KEPT_AS_GITA_NO_KEYWORD_MATCH
https://www.card-gorilla.com/card/detail/449,239,프리미엄 서비스,국제 브랜드 서비스,기타,기타,KEPT_AS_GITA_NO_KEYWORD_MATCH
https://www.card-gorilla.com/card/detail/450,240,바우처,Special Service 제공,기타,기타,KEPT_AS_GITA_NO_KEYWORD_MATCH
https://www.card-gorilla.com/card/detail/450,240,더라운지,LoungeKey 제공,기타,기타,KEPT_AS_GITA_NO_KEYWORD_MATCH
https://www.card-gorilla.com/card/detail/450,240,프리미엄 서비스,국제 브랜드 서비스,기타,기타,KEPT_AS_GITA_NO_KEYWORD_MATCH
https://www.card-gorilla.com/card/detail/451,241,바우처,"Free Package (연 1회, 택 1)",기타,기타,KEPT_AS_GITA_NO_KEYWORD_MATCH
https://www.card-gorilla.com/card/detail/451,241,프리미엄 서비스,프리머스카드 공통서비스,기타,기타,KEPT_AS_GITA_NO_KEYWORD_MATCH
https://www.card-gorilla.com/card/detail/452,242,바우처,"Free Package (연 1회, 택 1)",기타,기타,KEPT_AS_GITA_NO_KEYWORD_MATCH
https://www.card-gorilla.com/card/detail/452,242,프리미엄 서비스,프리머스카드 공통서비스,기타,기타,KEPT_AS_GITA_NO_KEYWORD_MATCH
https://www.card-gorilla.com/card/detail/453,243,바우처,"Free Package (연 1회, 택 1)",기타,기타,KEPT_AS_GITA_NO_KEYWORD_MATCH
https://www.card-gorilla.com/card/detail/453,243,프리미엄 서비스,프리머스카드 공통서비스,기타,기타,KEPT_AS_GITA_NO_KEYWORD_MATCH
https://www.card-gorilla.com/card/detail/455,245,교육/육아,롯데 국민행복카드 특화서비스,기타,기타,KEPT_AS_GITA_NO_KEYWORD_MATCH
https://www.card-gorilla.com/card/detail/457,246,수수료우대,[해외서비스] 해외이용수수료 면제,기타,기타,KEPT_AS_GITA_NO_KEYWORD_MATCH
https://www.card-gorilla.com/card/detail/458,247,선택형,라이프스타일 옵션 패키지,기타,기타,KEPT_AS_GITA_NO_KEYWORD_MATCH
https://www.card-gorilla.com/card/detail/473,254,여행/숙박,프리미엄 투어 서비스,기타,기타,KEPT_AS_GITA_NO_KEYWORD_MATCH
https://www.card-gorilla.com/card/detail/473,254,프리미엄 서비스,UnionPay Platinum 서비스,기타,기타,KEPT_AS_GITA_NO_KEYWORD_MATCH
https://www.card-gorilla.com/card/detail/488,264,프리미엄 서비스,Easy auto 티타늄 서비스,기타,기타,KEPT_AS_GITA_NO_KEYWORD_MATCH
https://www.card-gorilla.com/card/detail/489,265,생활,Easy fly+ 서비스,기타,기타,KEPT_AS_GITA_NO_KEYWORD_MATCH
https://www.card-gorilla.com/card/detail/489,265,프리미엄,Easy fly 티타늄 서비스,기타,기타,KEPT_AS_GITA_NO_KEYWORD_MATCH
https://www.card-gorilla.com/card/detail/489,265,", ‘여행족이 뽑은 여행 혜택 1위’ 설문조사 발표",탄탄대로 Miz&Mr 티타늄카드,기타,기타,KEPT_AS_GITA_NO_KEYWORD_MATCH
https://www.card-gorilla.com/card/detail/502,271,기타,"네이버에서 네이버투자통장(삼성증권 CMA계좌) 개설 후, 네이버에서만 카드신청 가능",기타,기타,KEPT_AS_GITA_NO_KEYWORD_MATCH
https://www.card-gorilla.com/card/detail/502,271,프리미엄 서비스,Platinum Service,기타,기타,KEPT_AS_GITA_NO_KEYWORD_MATCH
https://www.card-gorilla.com/card/detail/508,273,금융,전자금융 수수료 면제,기타,기타,KEPT_AS_GITA_NO_KEYWORD_MATCH
https://www.card-gorilla.com/card/detail/517,275,은행사,NH1934체크카드 & NH1934우대통장 교차이용 혜택,기타,기타,KEPT_AS_GITA_NO_KEYWORD_MATCH
https://www.card-gorilla.com/card/detail/522,277,프리미엄 서비스,Liiv M 마스터 티타늄 서비스,기타,기타,KEPT_AS_GITA_NO_KEYWORD_MATCH
https://www.card-gorilla.com/card/detail/529,279,기타,"연회비 감면
MasterCard/VISA 서비스",기타,기타,KEPT_AS_GITA_NO_KEYWORD_MATCH
https://www.card-gorilla.com/card/detail/535,282,생활,Be My Guest / Star Point / Life Support / Bonus Present,기타,기타,KEPT_AS_GITA_NO_KEYWORD_MATCH
https://www.card-gorilla.com/card/detail/535,282,프리미엄 서비스,AMEX Platinum 서비스,기타,기타,KEPT_AS_GITA_NO_KEYWORD_MATCH
https://www.card-gorilla.com/card/detail/538,285,프리미엄 서비스,Easy study 티타늄 서비스,기타,기타,KEPT_AS_GITA_NO_KEYWORD_MATCH
https://www.card-gorilla.com/card/detail/539,286,프리미엄 서비스,마스터 플래티넘 서비스,기타,기타,KEPT_AS_GITA_NO_KEYWORD_MATCH
https://www.card-gorilla.com/card/detail/539,286,기타,"라이프 매거진 매월 발송,
쇼핑/외식/여가문화 혜택",기타,기타,KEPT_AS_GITA_NO_KEYWORD_MATCH
https://www.card-gorilla.com/card/detail/542,289,백화점,갤러리아 관련 혜택,기타,기타,KEPT_AS_GITA_NO_KEYWORD_MATCH
https://www.card-gorilla.com/card/detail/551,295,선택형,Easy link 선택서비스(택1),기타,기타,KEPT_AS_GITA_NO_KEYWORD_MATCH
https://www.card-gorilla.com/card/detail/551,295,프리미엄 서비스,티타늄 서비스,기타,기타,KEPT_AS_GITA_NO_KEYWORD_MATCH
https://www.card-gorilla.com/card/detail/558,296,기타,프리미엄 투어 서비스,기타,기타,KEPT_AS_GITA_NO_KEYWORD_MATCH
https://www.card-gorilla.com/card/detail/559,297,금융,금융수수료 면제 서비스,기타,기타,KEPT_AS_GITA_NO_KEYWORD_MATCH
https://www.card-gorilla.com/card/detail/561,298,금융,금융수수료 면제 서비스,기타,기타,KEPT_AS_GITA_NO_KEYWORD_MATCH
https://www.card-gorilla.com/card/detail/569,300,선택형,서로 다른 매력이 있는 4종의 디자인 중에서 하나를 선택해 발급,기타,기타,KEPT_AS_GITA_NO_KEYWORD_MATCH
https://www.card-gorilla.com/card/detail/578,301,기타,다양한 KB금융 서비스 혜택,기타,기타,KEPT_AS_GITA_NO_KEYWORD_MATCH
https://www.card-gorilla.com/card/detail/579,302,프리미엄,Mastercard Platinum 서비스,기타,기타,KEPT_AS_GITA_NO_KEYWORD_MATCH
https://www.card-gorilla.com/card/detail/580,303,프리미엄,티타늄 서비스,기타,기타,KEPT_AS_GITA_NO_KEYWORD_MATCH
https://www.card-gorilla.com/card/detail/583,306,대중교통,K-패스 사업 지역 안내,기타,기타,KEPT_AS_GITA_NO_KEYWORD_MATCH
https://www.card-gorilla.com/card/detail/583,306,할인,생활 편의 서비스,기타,기타,KEPT_AS_GITA_NO_KEYWORD_MATCH
https://www.card-gorilla.com/card/detail/583,306,할인,생활 밀착 서비스,기타,기타,KEPT_AS_GITA_NO_KEYWORD_MATCH
https://www.card-gorilla.com/card/detail/584,307,대중교통,K-패스 사업 지역 안내,기타,기타,KEPT_AS_GITA_NO_KEYWORD_MATCH
https://www.card-gorilla.com/card/detail/584,307,해외,해외 서비스(Mastercard 브랜드 발급 시 제공),기타,기타,KEPT_AS_GITA_NO_KEYWORD_MATCH
https://www.card-gorilla.com/card/detail/584,307,캐시백,국내서비스,기타,기타,KEPT_AS_GITA_NO_KEYWORD_MATCH
https://www.card-gorilla.com/card/detail/588,309,수수료우대,해외이용수수료 면제,기타,기타,KEPT_AS_GITA_NO_KEYWORD_MATCH
https://www.card-gorilla.com/card/detail/589,310,해외이용,해외 인출 수수료 우대 서비스,기타,무료서비스,RECLASSIFIED
https://www.card-gorilla.com/card/detail/589,310,프리미엄 서비스,국제 브랜드 서비스,기타,기타,KEPT_AS_GITA_NO_KEYWORD_MATCH
https://www.card-gorilla.com/card/detail/594,313,프리미엄 서비스,VISA브랜드 제공 서비스,기타,기타,KEPT_AS_GITA_NO_KEYWORD_MATCH
https://www.card-gorilla.com/card/detail/600,319,프리미엄 서비스,MasterCard 플래티넘서비스,기타,기타,KEPT_AS_GITA_NO_KEYWORD_MATCH
https://www.card-gorilla.com/card/detail/601,320,프리미엄 서비스,MasterCard 플래티넘서비스,기타,기타,KEPT_AS_GITA_NO_KEYWORD_MATCH
https://www.card-gorilla.com/card/detail/602,321,기타,특수 소재 플레이트,기타,기타,KEPT_AS_GITA_NO_KEYWORD_MATCH
https://www.card-gorilla.com/card/detail/602,321,프리미엄 서비스,MasterCard World 서비스,기타,기타,KEPT_AS_GITA_NO_KEYWORD_MATCH
https://www.card-gorilla.com/card/detail/603,322,기타,특수 소재 플레이트,기타,기타,KEPT_AS_GITA_NO_KEYWORD_MATCH
https://www.card-gorilla.com/card/detail/603,322,프리미엄 서비스,MasterCard World 서비스,기타,기타,KEPT_AS_GITA_NO_KEYWORD_MATCH
https://www.card-gorilla.com/card/detail/607,324,기타,"쿠팡 로켓와우, 간편결제, 게임결제",기타,기타,KEPT_AS_GITA_NO_KEYWORD_MATCH
https://www.card-gorilla.com/card/detail/615,331,프리미엄 서비스,티타늄 서비스,기타,기타,KEPT_AS_GITA_NO_KEYWORD_MATCH
https://www.card-gorilla.com/card/detail/617,333,여행/숙박,제주여행 특화 서비스,기타,기타,KEPT_AS_GITA_NO_KEYWORD_MATCH
https://www.card-gorilla.com/card/detail/618,334,선택형,플레이트 디자인 선택 가능,기타,기타,KEPT_AS_GITA_NO_KEYWORD_MATCH
https://www.card-gorilla.com/card/detail/620,335,기타,두장의 혜택을 세트로 누리는 카드 LOCA,기타,기타,KEPT_AS_GITA_NO_KEYWORD_MATCH
https://www.card-gorilla.com/card/detail/626,341,기타,SPECIAL GIFT 서비스: 특급호텔 F&B 5만원 이용권,기타,기타,KEPT_AS_GITA_NO_KEYWORD_MATCH
https://www.card-gorilla.com/card/detail/626,341,프리미엄 서비스,Master Platinum 서비스(Master 플래티넘 카드 발급 시 제공),기타,기타,KEPT_AS_GITA_NO_KEYWORD_MATCH
https://www.card-gorilla.com/card/detail/627,342,기타,SPECIAL GIFT 서비스: 특급호텔 F&B 5만원 이용권,기타,기타,KEPT_AS_GITA_NO_KEYWORD_MATCH
https://www.card-gorilla.com/card/detail/627,342,프리미엄 서비스,Master Platinum 서비스(Master 플래티넘 카드 발급 시 제공),기타,기타,KEPT_AS_GITA_NO_KEYWORD_MATCH
https://www.card-gorilla.com/card/detail/630,344,선택형,Easy all 선택 서비스(택1),기타,기타,KEPT_AS_GITA_NO_KEYWORD_MATCH
https://www.card-gorilla.com/card/detail/630,344,프리미엄,Visa Young Premium 서비스,기타,기타,KEPT_AS_GITA_NO_KEYWORD_MATCH
https://www.card-gorilla.com/card/detail/634,345,선택형,Easy all 선택 서비스(택1),기타,기타,KEPT_AS_GITA_NO_KEYWORD_MATCH
https://www.card-gorilla.com/card/detail/634,345,프리미엄,티타늄 서비스,기타,기타,KEPT_AS_GITA_NO_KEYWORD_MATCH
https://www.card-gorilla.com/card/detail/647,350,금융,금융 우대 서비스,기타,무료서비스,RECLASSIFIED
https://www.card-gorilla.com/card/detail/650,352,", ‘첫 코로나 추석, 명절 선물은 어떻게?’ 설문조사 결과 발표",7월 신규카드 솔직리뷰! DIY카드/온라인혜택카드/신규체크카드/홈플러스제휴카드,기타,기타,KEPT_AS_GITA_NO_KEYWORD_MATCH
https://www.card-gorilla.com/card/detail/651,353,선택형,플레이트 디자인 선택 가능,기타,기타,KEPT_AS_GITA_NO_KEYWORD_MATCH
https://www.card-gorilla.com/card/detail/652,354,선택형,팩(PACK) 2종 중 1종 선택,기타,기타,KEPT_AS_GITA_NO_KEYWORD_MATCH
https://www.card-gorilla.com/card/detail/652,354,선택형,Best OIL 팩,기타,기타,KEPT_AS_GITA_NO_KEYWORD_MATCH
https://www.card-gorilla.com/card/detail/652,354,선택형,Smart PASS 팩,기타,기타,KEPT_AS_GITA_NO_KEYWORD_MATCH
https://www.card-gorilla.com/card/detail/661,359,기타,"UNTACT AIR 서비스,
UNTACT SPECIAL 서비스",기타,기타,KEPT_AS_GITA_NO_KEYWORD_MATCH
https://www.card-gorilla.com/card/detail/663,361,기타,"[플레이롤라] 커피, 자동차, 교육, 금융 등 일상생활혜택
[롤라박스] 롤라카드 회원만을 위한 더 특별한 혜택",기타,기타,KEPT_AS_GITA_NO_KEYWORD_MATCH
https://www.card-gorilla.com/card/detail/673,364,프리미엄 서비스,"VISA 플래티넘서비스
MasterCard 플래티넘서비스",기타,기타,KEPT_AS_GITA_NO_KEYWORD_MATCH
https://www.card-gorilla.com/card/detail/677,365,NU 오하쳌(오늘하루체크),우리카드,기타,기타,KEPT_AS_GITA_NO_KEYWORD_MATCH
https://www.card-gorilla.com/card/detail/681,368,프리미엄 서비스,Mastercard PLATINUM 등급서비스,기타,기타,KEPT_AS_GITA_NO_KEYWORD_MATCH
https://www.card-gorilla.com/card/detail/687,371,선택형,원하는 플레이트 디자인 선택 가능,기타,기타,KEPT_AS_GITA_NO_KEYWORD_MATCH
https://www.card-gorilla.com/card/detail/694,378,기타,배민 앱에서 배민페이 연간 이용금액 10만원 이상 시 차년도 연회비 면제,기타,기타,KEPT_AS_GITA_NO_KEYWORD_MATCH
https://www.card-gorilla.com/card/detail/695,379,프리미엄 서비스,Mastercard World 서비스,기타,기타,KEPT_AS_GITA_NO_KEYWORD_MATCH
https://www.card-gorilla.com/card/detail/697,381,기타,Biz Basic 서비스,기타,기타,KEPT_AS_GITA_NO_KEYWORD_MATCH
https://www.card-gorilla.com/card/detail/702,385,기타,현대카드 플래티넘서비스,기타,기타,KEPT_AS_GITA_NO_KEYWORD_MATCH
https://www.card-gorilla.com/card/detail/703,386,기타,현대카드 플래티넘서비스,기타,기타,KEPT_AS_GITA_NO_KEYWORD_MATCH
https://www.card-gorilla.com/card/detail/704,387,기타,현대카드 플래티넘서비스,기타,기타,KEPT_AS_GITA_NO_KEYWORD_MATCH
https://www.card-gorilla.com/card/detail/705,388,기타,현대카드 플래티넘서비스,기타,기타,KEPT_AS_GITA_NO_KEYWORD_MATCH
https://www.card-gorilla.com/card/detail/712,392,금융,신한카드 국민행복 금융서비스,기타,기타,KEPT_AS_GITA_NO_KEYWORD_MATCH
https://www.card-gorilla.com/card/detail/713,393,금융,신한카드 국민행복 금융서비스,기타,기타,KEPT_AS_GITA_NO_KEYWORD_MATCH
https://www.card-gorilla.com/card/detail/716,394,멤버십포인트,"메리어트 본보이 엘리트 멤버십 제공
메리어트 본보이™ 엘리트 숙박 크레딧 제공(연회비 주기 내 6천만원 이상)",기타,기타,KEPT_AS_GITA_NO_KEYWORD_MATCH
https://www.card-gorilla.com/card/detail/717,395,기타,개인사업자 Win-Tax 서비스,기타,기타,KEPT_AS_GITA_NO_KEYWORD_MATCH
https://www.card-gorilla.com/card/detail/721,399,여행/숙박,프리미엄 투어 서비스,기타,기타,KEPT_AS_GITA_NO_KEYWORD_MATCH
https://www.card-gorilla.com/card/detail/724,401,바우처,"[공통 제공 혜택]
트래블·호텔·쇼핑 영역별 최대 4매, 총 60만원까지 연 1회 선택 가능",기타,기타,KEPT_AS_GITA_NO_KEYWORD_MATCH
https://www.card-gorilla.com/card/detail/724,401,적립,"연간 이용실적 4,000만원 충족 시 로열티 보너스 제공(연 1회, 택 1)",기타,기타,KEPT_AS_GITA_NO_KEYWORD_MATCH
https://www.card-gorilla.com/card/detail/729,406,제휴/PLCC,"삼성스토어 24·36개월 라이트할부 제공,
삼성스토어 라이트할부 이용 시 10,000원~20,000원 결제대금 차감",기타,기타,KEPT_AS_GITA_NO_KEYWORD_MATCH
https://www.card-gorilla.com/card/detail/736,412,프리미엄 서비스,특수 소재 플레이트(Special Plate) 제공,기타,기타,KEPT_AS_GITA_NO_KEYWORD_MATCH
https://www.card-gorilla.com/card/detail/739,414,쇼핑,GS리테일 팝서비스,기타,기타,KEPT_AS_GITA_NO_KEYWORD_MATCH
https://www.card-gorilla.com/card/detail/740,415,멤버십포인트,Bluemembers 멤버십 서비스,기타,기타,KEPT_AS_GITA_NO_KEYWORD_MATCH
https://www.card-gorilla.com/card/detail/740,415,기타,플레이트,기타,기타,KEPT_AS_GITA_NO_KEYWORD_MATCH
https://www.card-gorilla.com/card/detail/741,416,멤버십포인트,Bluemembers 멤버십 서비스,기타,기타,KEPT_AS_GITA_NO_KEYWORD_MATCH
https://www.card-gorilla.com/card/detail/741,416,프리미엄,현대카드 플래티넘서비스,기타,기타,KEPT_AS_GITA_NO_KEYWORD_MATCH
https://www.card-gorilla.com/card/detail/741,416,프리미엄,VISA/MasterCard 플래티넘서비스,기타,기타,KEPT_AS_GITA_NO_KEYWORD_MATCH
https://www.card-gorilla.com/card/detail/741,416,기타,플레이트,기타,기타,KEPT_AS_GITA_NO_KEYWORD_MATCH
https://www.card-gorilla.com/card/detail/749,421,해외이용,해외 가맹점 이용 수수료 면제 서비스,기타,기타,KEPT_AS_GITA_NO_KEYWORD_MATCH
https://www.card-gorilla.com/card/detail/749,421,수수료우대,해외 ATM 인출 수수료 면제 서비스,기타,기타,KEPT_AS_GITA_NO_KEYWORD_MATCH
https://www.card-gorilla.com/card/detail/750,422,통신,휴대폰 요금 자동이체 3천원 캐쉬백,기타,기타,KEPT_AS_GITA_NO_KEYWORD_MATCH
https://www.card-gorilla.com/card/detail/750,422,KB국민 국민행복체크,KB국민카드,기타,기타,KEPT_AS_GITA_NO_KEYWORD_MATCH
https://www.card-gorilla.com/card/detail/754,426,기타,신세계백화점 제휴 서비스,기타,기타,KEPT_AS_GITA_NO_KEYWORD_MATCH
https://www.card-gorilla.com/card/detail/760,431,교통,티머니 서비스 소개,기타,기타,KEPT_AS_GITA_NO_KEYWORD_MATCH
https://www.card-gorilla.com/card/detail/761,432,프리미엄 서비스,MasterCard Platinum 서비스,기타,기타,KEPT_AS_GITA_NO_KEYWORD_MATCH
https://www.card-gorilla.com/card/detail/763,434,프리미엄 서비스,"VISA Signature 서비스
MasterCard World 서비스",기타,기타,KEPT_AS_GITA_NO_KEYWORD_MATCH
https://www.card-gorilla.com/card/detail/764,435,기타,플레이트 디자인 선택가능,기타,기타,KEPT_AS_GITA_NO_KEYWORD_MATCH
https://www.card-gorilla.com/card/detail/764,435,"귀여운 디자인에 그렇지 않은 혜택, 우리가 의 반전매력에 빠진 이유",카카오페이 신용카드 & 체크카드 추천 BEST 5┃카카오페이 카드 등록·결제 방법 총정리,기타,기타,KEPT_AS_GITA_NO_KEYWORD_MATCH
https://www.card-gorilla.com/card/detail/769,437,[추가 적립] 주말/공휴일 국내 가맹점 0.5% 추가적립 (전월실적 없음),푸드,기타,기타,KEPT_AS_GITA_NO_KEYWORD_MATCH
https://www.card-gorilla.com/card/detail/769,437,"[추가 적립] 음식점, 커피 전문점 업종 0.5% 추가적립 (전월실적 없음)",교통,기타,기타,KEPT_AS_GITA_NO_KEYWORD_MATCH
https://www.card-gorilla.com/card/detail/769,437,"[추가 적립] 버스/지하철, 택시 0.5% 추가적립 (전월실적 없음)",통신,기타,기타,KEPT_AS_GITA_NO_KEYWORD_MATCH
https://www.card-gorilla.com/card/detail/769,437,해외이용금액 1.7% 할인 캐시백 (전월실적 없음),영화,기타,기타,KEPT_AS_GITA_NO_KEYWORD_MATCH
https://www.card-gorilla.com/card/detail/769,437,CGV/메가박스 온라인 영화 예매 청구할인 (전월실적 30만원 이상),테마파크,기타,기타,KEPT_AS_GITA_NO_KEYWORD_MATCH
https://www.card-gorilla.com/card/detail/784,448,LGU+,LG U+ 24개월 라이트할부,기타,기타,KEPT_AS_GITA_NO_KEYWORD_MATCH
https://www.card-gorilla.com/card/detail/785,449,KT,KT 24개월 라이트할부,기타,기타,KEPT_AS_GITA_NO_KEYWORD_MATCH
https://www.card-gorilla.com/card/detail/791,452,멤버십포인트,"연회비 면제 / 코스트코멤버십 연회비 자동납부 서비스
코스트코멤버십카드 기능 추가",기타,기타,KEPT_AS_GITA_NO_KEYWORD_MATCH
https://www.card-gorilla.com/card/detail/791,452,비즈니스,코스트코 리워드 비즈니스 현대카드 사업지원서비스,기타,기타,KEPT_AS_GITA_NO_KEYWORD_MATCH
https://www.card-gorilla.com/card/detail/853,455,프리미엄 서비스,VISA 플래티넘서비스,기타,기타,KEPT_AS_GITA_NO_KEYWORD_MATCH
https://www.card-gorilla.com/card/detail/854,456,은행사,현금카드 기능 (KEB하나은행),기타,기타,KEPT_AS_GITA_NO_KEYWORD_MATCH
https://www.card-gorilla.com/card/detail/859,457,주유,경차 유류세 환급 대상자 주유 및 충전(LPG) 시 유류세 환급,기타,기타,KEPT_AS_GITA_NO_KEYWORD_MATCH
https://www.card-gorilla.com/card/detail/859,457,금융,현금카드 기능 (KEB하나은행),기타,기타,KEPT_AS_GITA_NO_KEYWORD_MATCH
https://www.card-gorilla.com/card/detail/881,459,바우처,모바일쿠폰 서비스,기타,기타,KEPT_AS_GITA_NO_KEYWORD_MATCH
https://www.card-gorilla.com/card/detail/881,459,멤버십포인트,통합멤버십 서비스,기타,기타,KEPT_AS_GITA_NO_KEYWORD_MATCH
https://www.card-gorilla.com/card/detail/889,461,금융,(기본 제공) 신한은행 우대 서비스,기타,무료서비스,RECLASSIFIED
https://www.card-gorilla.com/card/detail/890,462,프리미엄 서비스,VISA Platinum 서비스,기타,기타,KEPT_AS_GITA_NO_KEYWORD_MATCH
https://www.card-gorilla.com/card/detail/905,464,신세계 BC 바로 콰트로 플러스,BC 바로카드,기타,기타,KEPT_AS_GITA_NO_KEYWORD_MATCH
https://www.card-gorilla.com/card/detail/912,466,프리미엄 서비스,"Master 티타늄 서비스
K-WORLD/국내전용 티타늄 서비스",기타,기타,KEPT_AS_GITA_NO_KEYWORD_MATCH
https://www.card-gorilla.com/card/detail/940,468,선택형,플레이트 선택,기타,기타,KEPT_AS_GITA_NO_KEYWORD_MATCH
https://www.card-gorilla.com/card/detail/945,470,프리미엄,국제 브랜드사 서비스 (플래티늄 등급 선택 시 제공),기타,기타,KEPT_AS_GITA_NO_KEYWORD_MATCH
https://www.card-gorilla.com/card/detail/949,471,기타,ATM 출금 수수료 면제,기타,기타,KEPT_AS_GITA_NO_KEYWORD_MATCH
https://www.card-gorilla.com/card/detail/993,475,바우처,Gift Option 서비스,기타,기타,KEPT_AS_GITA_NO_KEYWORD_MATCH
https://www.card-gorilla.com/card/detail/993,475,프리미엄,국제 브랜드사 서비스 (플래티늄 등급 선택 시 제공),기타,기타,KEPT_AS_GITA_NO_KEYWORD_MATCH
https://www.card-gorilla.com/card/detail/1002,476,기타,L.POINT,기타,기타,KEPT_AS_GITA_NO_KEYWORD_MATCH
https://www.card-gorilla.com/card/detail/1003,477,프리미엄,Platinum# 서비스 및 국제브랜드사 서비스,기타,기타,KEPT_AS_GITA_NO_KEYWORD_MATCH
https://www.card-gorilla.com/card/detail/1006,478,바우처,매년 1회 Gift Option 선택 제공 (전년도 실적 300만원 이상),기타,기타,KEPT_AS_GITA_NO_KEYWORD_MATCH
https://www.card-gorilla.com/card/detail/1006,478,프리미엄,국제 브랜드사 서비스 (플래티늄 등급 선택 시 제공),기타,기타,KEPT_AS_GITA_NO_KEYWORD_MATCH
https://www.card-gorilla.com/card/detail/1010,480,프리미엄 서비스,"K-WORLD/국내전용 티타늄 서비스
Master 티타늄 서비스",기타,기타,KEPT_AS_GITA_NO_KEYWORD_MATCH
https://www.card-gorilla.com/card/detail/1032,483,하이패스,후불하이패스,기타,기타,KEPT_AS_GITA_NO_KEYWORD_MATCH
https://www.card-gorilla.com/card/detail/1165,487,멤버십포인트,L.POINT,기타,기타,KEPT_AS_GITA_NO_KEYWORD_MATCH
https://www.card-gorilla.com/card/detail/1169,488,도서,교보문고/교보핫트랙스 멤버십 서비스,기타,기타,KEPT_AS_GITA_NO_KEYWORD_MATCH
https://www.card-gorilla.com/card/detail/1169,488,여행/숙박,여행서비스,기타,기타,KEPT_AS_GITA_NO_KEYWORD_MATCH
https://www.card-gorilla.com/card/detail/1169,488,푸드,외식,기타,기타,KEPT_AS_GITA_NO_KEYWORD_MATCH
https://www.card-gorilla.com/card/detail/1174,491,LOCA LIKIT 1.2,롯데카드,기타,기타,KEPT_AS_GITA_NO_KEYWORD_MATCH
https://www.card-gorilla.com/card/detail/1184,493,인테리어,Z:IN 가맹 대리점에서 할부 이용 시 할부 수수료 혜택,기타,기타,KEPT_AS_GITA_NO_KEYWORD_MATCH
https://www.card-gorilla.com/card/detail/1184,493,LOCA LIKIT 1.2,롯데카드,기타,기타,KEPT_AS_GITA_NO_KEYWORD_MATCH
https://www.card-gorilla.com/card/detail/1186,494,기타,플레이트 디자인 선택 가능,기타,기타,KEPT_AS_GITA_NO_KEYWORD_MATCH
https://www.card-gorilla.com/card/detail/1202,497,[교통] 부산에서 교통비를 월 4만5천원 아끼는 꿀팁,노리2 체크카드(KB Pay),기타,기타,KEPT_AS_GITA_NO_KEYWORD_MATCH
https://www.card-gorilla.com/card/detail/1225,500,프리미엄 서비스,Master 티타늄 서비스,기타,기타,KEPT_AS_GITA_NO_KEYWORD_MATCH
https://www.card-gorilla.com/card/detail/1256,507,우리 K-패스 (COOKIE CHECK),우리카드,기타,기타,KEPT_AS_GITA_NO_KEYWORD_MATCH
https://www.card-gorilla.com/card/detail/1258,508,OK캐쉬백,OK캐쉬백 멤버십 서비스,기타,기타,KEPT_AS_GITA_NO_KEYWORD_MATCH
https://www.card-gorilla.com/card/detail/1258,508,NU 오하쳌(오늘하루체크),우리카드,기타,기타,KEPT_AS_GITA_NO_KEYWORD_MATCH
https://www.card-gorilla.com/card/detail/1278,511,국민행복,국민행복 특화 서비스,기타,기타,KEPT_AS_GITA_NO_KEYWORD_MATCH
https://www.card-gorilla.com/card/detail/1294,517,기타,"사업지원 서비스(전자세금계산서 발행, 세금신고 지원) 제공",기타,기타,KEPT_AS_GITA_NO_KEYWORD_MATCH
https://www.card-gorilla.com/card/detail/1298,518,교통,후불교통기능,기타,기타,KEPT_AS_GITA_NO_KEYWORD_MATCH
https://www.card-gorilla.com/card/detail/1302,520,지역,제주도 제휴서비스,기타,기타,KEPT_AS_GITA_NO_KEYWORD_MATCH
https://www.card-gorilla.com/card/detail/1315,523,선택형,"병원,약국 / 주유 / 대형마트 中 택1",기타,기타,KEPT_AS_GITA_NO_KEYWORD_MATCH
https://www.card-gorilla.com/card/detail/1315,523,기타,스마트 기능,기타,기타,KEPT_AS_GITA_NO_KEYWORD_MATCH
https://www.card-gorilla.com/card/detail/1339,525,기타,"카드를 골프존 시뮬레이터에 접촉 시 자동로그인 가능
카드를 스마트폰에 터치 시 NFC를 통해 맞춤정보 확인가능",기타,기타,KEPT_AS_GITA_NO_KEYWORD_MATCH
https://www.card-gorilla.com/card/detail/1360,527,경기관람,프로스포츠 프로모션 서비스,기타,기타,KEPT_AS_GITA_NO_KEYWORD_MATCH
https://www.card-gorilla.com/card/detail/1379,528,바우처,"쿠폰서비스 [연1회, 12가지 쿠폰서비스 중 택1]
최대 11만원 상당 제공",기타,기타,KEPT_AS_GITA_NO_KEYWORD_MATCH
https://www.card-gorilla.com/card/detail/1433,535,하이패스,하이패스 이용방법,기타,기타,KEPT_AS_GITA_NO_KEYWORD_MATCH
https://www.card-gorilla.com/card/detail/1451,539,은행사,수수료 면제,기타,기타,KEPT_AS_GITA_NO_KEYWORD_MATCH
https://www.card-gorilla.com/card/detail/1451,539,NU 오하쳌(오늘하루체크),우리카드,기타,기타,KEPT_AS_GITA_NO_KEYWORD_MATCH
https://www.card-gorilla.com/card/detail/1526,543,수수료우대,해외 ATM 현금인출 수수료 우대,기타,기타,KEPT_AS_GITA_NO_KEYWORD_MATCH
https://www.card-gorilla.com/card/detail/1529,544,기타,올레콘텐츠박스 이용쿠폰 제공,기타,기타,KEPT_AS_GITA_NO_KEYWORD_MATCH
https://www.card-gorilla.com/card/detail/1573,551,금융,금융수수료 면제 서비스,기타,기타,KEPT_AS_GITA_NO_KEYWORD_MATCH
https://www.card-gorilla.com/card/detail/1573,551,교통,티머니 서비스,기타,기타,KEPT_AS_GITA_NO_KEYWORD_MATCH
https://www.card-gorilla.com/card/detail/1577,552,하이패스,고속도로 통행료 결제,기타,기타,KEPT_AS_GITA_NO_KEYWORD_MATCH
https://www.card-gorilla.com/card/detail/1592,555,영화,"CGV, 메가박스",기타,기타,KEPT_AS_GITA_NO_KEYWORD_MATCH
https://www.card-gorilla.com/card/detail/1593,556,프리미엄,Platinum # 서비스,기타,기타,KEPT_AS_GITA_NO_KEYWORD_MATCH
https://www.card-gorilla.com/card/detail/1595,557,프리미엄,Platinum# 서비스 및 국제브랜드사 서비스,기타,기타,KEPT_AS_GITA_NO_KEYWORD_MATCH
https://www.card-gorilla.com/card/detail/1599,559,바우처,Gift Option,기타,기타,KEPT_AS_GITA_NO_KEYWORD_MATCH
https://www.card-gorilla.com/card/detail/1599,559,PP,Priority Pass 카드 제공,기타,기타,KEPT_AS_GITA_NO_KEYWORD_MATCH
https://www.card-gorilla.com/card/detail/1610,561,금융,금융수수료 면제 서비스,기타,기타,KEPT_AS_GITA_NO_KEYWORD_MATCH
https://www.card-gorilla.com/card/detail/1610,561,기타,"KB국민 티머니 체크카드
(체크카드 혜택 + 티머니서비스 + 멤버십서비스)",기타,기타,KEPT_AS_GITA_NO_KEYWORD_MATCH
https://www.card-gorilla.com/card/detail/1615,563,금융,금융수수료 면제 서비스,기타,기타,KEPT_AS_GITA_NO_KEYWORD_MATCH
https://www.card-gorilla.com/card/detail/1615,563,기타,"KB국민 티머니 체크카드
(체크카드 혜택 + 티머니서비스 + 멤버십서비스)",기타,기타,KEPT_AS_GITA_NO_KEYWORD_MATCH
https://www.card-gorilla.com/card/detail/1616,564,금융,금융수수료 면제 서비스,기타,기타,KEPT_AS_GITA_NO_KEYWORD_MATCH
https://www.card-gorilla.com/card/detail/1616,564,기타,"KB국민 티머니 체크카드
(체크카드 혜택 + 티머니서비스 + 멤버십서비스)",기타,기타,KEPT_AS_GITA_NO_KEYWORD_MATCH
https://www.card-gorilla.com/card/detail/1617,565,금융,금융수수료 면제 서비스,기타,기타,KEPT_AS_GITA_NO_KEYWORD_MATCH
https://www.card-gorilla.com/card/detail/1617,565,기타,"KB국민 티머니 체크카드
(체크카드 혜택 + 티머니서비스 + 멤버십서비스)",기타,기타,KEPT_AS_GITA_NO_KEYWORD_MATCH
https://www.card-gorilla.com/card/detail/1618,566,금융,금융수수료 면제 서비스,기타,기타,KEPT_AS_GITA_NO_KEYWORD_MATCH
https://www.card-gorilla.com/card/detail/1618,566,기타,"KB국민 티머니 체크카드
(체크카드 혜택 + 티머니서비스 + 멤버십서비스)",기타,기타,KEPT_AS_GITA_NO_KEYWORD_MATCH
https://www.card-gorilla.com/card/detail/1619,567,금융,금융수수료 면제 서비스,기타,기타,KEPT_AS_GITA_NO_KEYWORD_MATCH
https://www.card-gorilla.com/card/detail/1619,567,기타,"KB국민 티머니 체크카드
(체크카드 혜택 + 티머니서비스 + 멤버십서비스)",기타,기타,KEPT_AS_GITA_NO_KEYWORD_MATCH
https://www.card-gorilla.com/card/detail/1630,569,기타,한화그룹 계열사 서비스,기타,기타,KEPT_AS_GITA_NO_KEYWORD_MATCH
https://www.card-gorilla.com/card/detail/1695,572,기타,한화그룹 계열사 서비스,기타,기타,KEPT_AS_GITA_NO_KEYWORD_MATCH
https://www.card-gorilla.com/card/detail/1699,573,기타,한화그룹 계열사 서비스,기타,기타,KEPT_AS_GITA_NO_KEYWORD_MATCH
https://www.card-gorilla.com/card/detail/1702,574,해외,"해외이용금액 외화결제계좌 달러 인출
해외가맹점(해외직구 포함) 이용 시 이용수수료 면제",기타,기타,KEPT_AS_GITA_NO_KEYWORD_MATCH
https://www.card-gorilla.com/card/detail/1710,575,기타,광복회 후원,기타,기타,KEPT_AS_GITA_NO_KEYWORD_MATCH
https://www.card-gorilla.com/card/detail/1731,577,프리미엄 서비스,CONCIERGE Service,기타,기타,KEPT_AS_GITA_NO_KEYWORD_MATCH
https://www.card-gorilla.com/card/detail/1731,577,항공마일리지,Airport Service,기타,기타,KEPT_AS_GITA_NO_KEYWORD_MATCH
https://www.card-gorilla.com/card/detail/1731,577,공항라운지/PP,Airport Service,기타,기타,KEPT_AS_GITA_NO_KEYWORD_MATCH
https://www.card-gorilla.com/card/detail/1731,577,골프,Golf Service,기타,기타,KEPT_AS_GITA_NO_KEYWORD_MATCH
https://www.card-gorilla.com/card/detail/1731,577,여행/숙박,Premium Service - Travel,기타,기타,KEPT_AS_GITA_NO_KEYWORD_MATCH
https://www.card-gorilla.com/card/detail/1731,577,쇼핑,Premium Service - Shopping,기타,기타,KEPT_AS_GITA_NO_KEYWORD_MATCH
https://www.card-gorilla.com/card/detail/1731,577,주유,Premium Service - Life style,기타,기타,KEPT_AS_GITA_NO_KEYWORD_MATCH
https://www.card-gorilla.com/card/detail/1741,578,프리미엄 서비스,프리미엄 서비스 (주유/해외/여행보험),기타,기타,KEPT_AS_GITA_NO_KEYWORD_MATCH
https://www.card-gorilla.com/card/detail/1741,578,the OPUS silver,우리카드,기타,기타,KEPT_AS_GITA_NO_KEYWORD_MATCH
https://www.card-gorilla.com/card/detail/1754,579,헤어,건강/미용,기타,기타,KEPT_AS_GITA_NO_KEYWORD_MATCH
https://www.card-gorilla.com/card/detail/1754,579,테마파크,놀이공원,기타,기타,KEPT_AS_GITA_NO_KEYWORD_MATCH
https://www.card-gorilla.com/card/detail/1754,579,쇼핑,쇼핑,기타,기타,KEPT_AS_GITA_NO_KEYWORD_MATCH
https://www.card-gorilla.com/card/detail/1754,579,푸드,외식,기타,기타,KEPT_AS_GITA_NO_KEYWORD_MATCH
https://www.card-gorilla.com/card/detail/1759,581,은행사,SC제일은행 제휴 프로모션,기타,기타,KEPT_AS_GITA_NO_KEYWORD_MATCH
https://www.card-gorilla.com/card/detail/1768,583,프리미엄 서비스,프리미엄 서비스 (주유/해외/여행보험),기타,기타,KEPT_AS_GITA_NO_KEYWORD_MATCH
https://www.card-gorilla.com/card/detail/1809,586,프리미엄 서비스,UnionPay Platinum 서비스,기타,기타,KEPT_AS_GITA_NO_KEYWORD_MATCH
https://www.card-gorilla.com/card/detail/1816,587,여행/숙박,프리미엄 투어 서비스,기타,기타,KEPT_AS_GITA_NO_KEYWORD_MATCH
https://www.card-gorilla.com/card/detail/1816,587,하이브리드,Two-in-One 결제서비스,기타,기타,KEPT_AS_GITA_NO_KEYWORD_MATCH
https://www.card-gorilla.com/card/detail/1839,590,쇼핑,"롯데백화점, 롯데ON, 롯데마트, 롯데슈퍼, 토이저러스 혜택",기타,기타,KEPT_AS_GITA_NO_KEYWORD_MATCH
https://www.card-gorilla.com/card/detail/1839,590,항공권,여행서비스,기타,기타,KEPT_AS_GITA_NO_KEYWORD_MATCH
https://www.card-gorilla.com/card/detail/1854,591,OTT/영화/문화,NHN Entertainment 서비스,기타,기타,KEPT_AS_GITA_NO_KEYWORD_MATCH
https://www.card-gorilla.com/card/detail/1859,593,OK캐쉬백,OK캐쉬백 멤버십 서비스,기타,기타,KEPT_AS_GITA_NO_KEYWORD_MATCH
https://www.card-gorilla.com/card/detail/1859,593,OTT/영화/문화,NHN Entertainment 서비스,기타,기타,KEPT_AS_GITA_NO_KEYWORD_MATCH
https://www.card-gorilla.com/card/detail/1860,594,기타,RAUME O 카드 소개,기타,기타,KEPT_AS_GITA_NO_KEYWORD_MATCH
https://www.card-gorilla.com/card/detail/1860,594,기타,RAUME 회원만을 위한 퍼스널 라이프 케어,기타,기타,KEPT_AS_GITA_NO_KEYWORD_MATCH
https://www.card-gorilla.com/card/detail/1860,594,골프,항공 및 골프클럽 우대 서비스 등,기타,무료서비스,RECLASSIFIED
https://www.card-gorilla.com/card/detail/1860,594,프리미엄,RAUME 회원을 위한 특별한 혜택,기타,기타,KEPT_AS_GITA_NO_KEYWORD_MATCH
https://www.card-gorilla.com/card/detail/1860,594,여행/숙박,MASTER 서비스,기타,기타,KEPT_AS_GITA_NO_KEYWORD_MATCH
https://www.card-gorilla.com/card/detail/1860,594,the black,현대카드,기타,기타,KEPT_AS_GITA_NO_KEYWORD_MATCH
https://www.card-gorilla.com/card/detail/1861,595,테마파크,놀이공원,기타,기타,KEPT_AS_GITA_NO_KEYWORD_MATCH
https://www.card-gorilla.com/card/detail/1861,595,쇼핑,쇼핑,기타,기타,KEPT_AS_GITA_NO_KEYWORD_MATCH
https://www.card-gorilla.com/card/detail/1861,595,푸드,외식,기타,기타,KEPT_AS_GITA_NO_KEYWORD_MATCH
https://www.card-gorilla.com/card/detail/1865,596,기타,RAUME O 카드 소개,기타,기타,KEPT_AS_GITA_NO_KEYWORD_MATCH
https://www.card-gorilla.com/card/detail/1865,596,골프,항공 및 골프클럽 우대 서비스 등,기타,무료서비스,RECLASSIFIED
https://www.card-gorilla.com/card/detail/1865,596,프리미엄,RAUME 회원을 위한 특별한 혜택,기타,기타,KEPT_AS_GITA_NO_KEYWORD_MATCH
https://www.card-gorilla.com/card/detail/1865,596,여행/숙박,MASTER 서비스,기타,기타,KEPT_AS_GITA_NO_KEYWORD_MATCH
https://www.card-gorilla.com/card/detail/1866,597,기타,RAUME O 카드 소개,기타,기타,KEPT_AS_GITA_NO_KEYWORD_MATCH
https://www.card-gorilla.com/card/detail/1866,597,기타,RAUME 회원만을 위한 퍼스널 라이프 케어,기타,기타,KEPT_AS_GITA_NO_KEYWORD_MATCH
https://www.card-gorilla.com/card/detail/1866,597,골프,항공 및 골프클럽 우대 서비스 등,기타,무료서비스,RECLASSIFIED
https://www.card-gorilla.com/card/detail/1866,597,프리미엄,RAUME 회원을 위한 특별한 혜택,기타,기타,KEPT_AS_GITA_NO_KEYWORD_MATCH
https://www.card-gorilla.com/card/detail/1866,597,여행/숙박,MASTER 서비스,기타,기타,KEPT_AS_GITA_NO_KEYWORD_MATCH
https://www.card-gorilla.com/card/detail/1866,597,L.CLASS L60 (아시아나클럽형),롯데카드,기타,기타,KEPT_AS_GITA_NO_KEYWORD_MATCH
https://www.card-gorilla.com/card/detail/1868,598,보험엔로카,롯데카드,기타,기타,KEPT_AS_GITA_NO_KEYWORD_MATCH
https://www.card-gorilla.com/card/detail/1882,599,쇼핑,삼성스토어에서 가전제품 구매 시 24·36개월 라이트할부 제공,기타,기타,KEPT_AS_GITA_NO_KEYWORD_MATCH
https://www.card-gorilla.com/card/detail/1882,599,쇼핑,"삼성스토어 라이트할부 이용 시 11,000원·미이용 시 4,000원 결제대금 차감",기타,기타,KEPT_AS_GITA_NO_KEYWORD_MATCH
https://www.card-gorilla.com/card/detail/1899,604,프리미엄 서비스,마스터카드 플래티늄 서비스,기타,기타,KEPT_AS_GITA_NO_KEYWORD_MATCH
https://www.card-gorilla.com/card/detail/1909,606,프리미엄 서비스,아멕스 PLATINUM ELITE 등급 서비스,기타,기타,KEPT_AS_GITA_NO_KEYWORD_MATCH
https://www.card-gorilla.com/card/detail/1926,607,정비,E1 오렌지카드 서비스,기타,기타,KEPT_AS_GITA_NO_KEYWORD_MATCH
https://www.card-gorilla.com/card/detail/1926,607,쇼핑,"롯데백화점, 롯데ON, 롯데면세점, 롯데마트, 롯데슈퍼, 토이저러스 혜택",기타,기타,KEPT_AS_GITA_NO_KEYWORD_MATCH
https://www.card-gorilla.com/card/detail/1926,607,멤버십포인트,L.POINT,기타,기타,KEPT_AS_GITA_NO_KEYWORD_MATCH
https://www.card-gorilla.com/card/detail/1932,608,정비,E1 오렌지카드 서비스,기타,기타,KEPT_AS_GITA_NO_KEYWORD_MATCH
https://www.card-gorilla.com/card/detail/1932,608,쇼핑,"롯데백화점, 롯데ON, 롯데마트, 롯데슈퍼, 토이저러스 혜택",기타,기타,KEPT_AS_GITA_NO_KEYWORD_MATCH
https://www.card-gorilla.com/card/detail/1932,608,멤버십포인트,L.POINT,기타,기타,KEPT_AS_GITA_NO_KEYWORD_MATCH
https://www.card-gorilla.com/card/detail/1944,609,멤버십포인트,L.POINT 안내,기타,기타,KEPT_AS_GITA_NO_KEYWORD_MATCH
https://www.card-gorilla.com/card/detail/1944,609,디지로카 London,롯데카드,기타,기타,KEPT_AS_GITA_NO_KEYWORD_MATCH
https://www.card-gorilla.com/card/detail/1977,610,기타,추가 금융 혜택,기타,기타,KEPT_AS_GITA_NO_KEYWORD_MATCH
https://www.card-gorilla.com/card/detail/1987,613,테마파크,놀이공원,기타,기타,KEPT_AS_GITA_NO_KEYWORD_MATCH
https://www.card-gorilla.com/card/detail/1987,613,경기관람,레저/스포츠,기타,기타,KEPT_AS_GITA_NO_KEYWORD_MATCH
https://www.card-gorilla.com/card/detail/1987,613,쇼핑,쇼핑,기타,기타,KEPT_AS_GITA_NO_KEYWORD_MATCH
https://www.card-gorilla.com/card/detail/1987,613,OTT/영화/문화,영화/공연,기타,기타,KEPT_AS_GITA_NO_KEYWORD_MATCH
https://www.card-gorilla.com/card/detail/1987,613,푸드,외식,기타,기타,KEPT_AS_GITA_NO_KEYWORD_MATCH
https://www.card-gorilla.com/card/detail/1991,615,바우처,이코노미클래스 좌석을 비즈니스 클래스 좌석으로 또는 비즈니스 클래스 좌석을 퍼스트 클래스 좌석으로 승급,기타,기타,KEPT_AS_GITA_NO_KEYWORD_MATCH
https://www.card-gorilla.com/card/detail/1991,615,프리미엄 서비스,BeV Ⅸ 서비스 / BeV Ⅸ VISA Infinite 전용서비스 등,기타,기타,KEPT_AS_GITA_NO_KEYWORD_MATCH
https://www.card-gorilla.com/card/detail/1993,616,프리미엄,MASTER 서비스,기타,기타,KEPT_AS_GITA_NO_KEYWORD_MATCH
https://www.card-gorilla.com/card/detail/1993,616,프리미엄,마스터 월드 서비스,기타,기타,KEPT_AS_GITA_NO_KEYWORD_MATCH
https://www.card-gorilla.com/card/detail/2005,618,멤버십포인트,"L.POINT, GS&POINT",기타,기타,KEPT_AS_GITA_NO_KEYWORD_MATCH
https://www.card-gorilla.com/card/detail/2016,620,쇼핑,"롯데백화점, 롯데ON, 롯데면세점, 신라아이파크면세점, 롯데마트, 롯데슈퍼, 토이저러스 혜택",기타,기타,KEPT_AS_GITA_NO_KEYWORD_MATCH
https://www.card-gorilla.com/card/detail/2016,620,멤버십포인트,L.POINT,기타,기타,KEPT_AS_GITA_NO_KEYWORD_MATCH
https://www.card-gorilla.com/card/detail/2060,625,연회비지원,연회비 면제,기타,기타,KEPT_AS_GITA_NO_KEYWORD_MATCH
https://www.card-gorilla.com/card/detail/2060,625,해외이용,해외이용 안내,기타,기타,KEPT_AS_GITA_NO_KEYWORD_MATCH
https://www.card-gorilla.com/card/detail/2060,625,기타,청소년후불교통 서비스,기타,기타,KEPT_AS_GITA_NO_KEYWORD_MATCH
https://www.card-gorilla.com/card/detail/2070,626,멤버십포인트,L.POINT,기타,기타,KEPT_AS_GITA_NO_KEYWORD_MATCH
https://www.card-gorilla.com/card/detail/2071,627,쇼핑,쇼핑,기타,기타,KEPT_AS_GITA_NO_KEYWORD_MATCH
https://www.card-gorilla.com/card/detail/2071,627,공연/전시,영화/공연,기타,기타,KEPT_AS_GITA_NO_KEYWORD_MATCH
https://www.card-gorilla.com/card/detail/2084,635,기타,그린카드 서비스,기타,기타,KEPT_AS_GITA_NO_KEYWORD_MATCH
https://www.card-gorilla.com/card/detail/2090,636,호텔,특급 호텔의 1박2일 Package 연 1회 제공,기타,기타,KEPT_AS_GITA_NO_KEYWORD_MATCH
https://www.card-gorilla.com/card/detail/2090,636,기타,공항/골프장 리무진 서비스,기타,기타,KEPT_AS_GITA_NO_KEYWORD_MATCH
https://www.card-gorilla.com/card/detail/2091,637,선택형,"trendy OPTION
(개인 or 법인카드 연 3개/가족카드 연 1개 선택 가능)",기타,기타,KEPT_AS_GITA_NO_KEYWORD_MATCH
https://www.card-gorilla.com/card/detail/2091,637,쇼핑,HOTEL & Duty Free,기타,기타,KEPT_AS_GITA_NO_KEYWORD_MATCH
https://www.card-gorilla.com/card/detail/2091,637,생활,가족카드 서비스,기타,기타,KEPT_AS_GITA_NO_KEYWORD_MATCH
https://www.card-gorilla.com/card/detail/2091,637,기타,"Finance
- 하나금융그룹 우대서비스",기타,기타,KEPT_AS_GITA_NO_KEYWORD_MATCH
https://www.card-gorilla.com/card/detail/2093,638,프리미엄 서비스,호텔/쇼핑/골프 프리미엄 서비스,기타,기타,KEPT_AS_GITA_NO_KEYWORD_MATCH
https://www.card-gorilla.com/card/detail/2097,640,호텔,특급 호텔의 1박2일 Package 연 1회 제공,기타,기타,KEPT_AS_GITA_NO_KEYWORD_MATCH
https://www.card-gorilla.com/card/detail/2097,640,기타,공항/골프장 리무진 서비스,기타,기타,KEPT_AS_GITA_NO_KEYWORD_MATCH
https://www.card-gorilla.com/card/detail/2104,641,프리미엄 서비스,호텔/쇼핑/골프 프리미엄 서비스,기타,기타,KEPT_AS_GITA_NO_KEYWORD_MATCH
https://www.card-gorilla.com/card/detail/2106,642,프리미엄 서비스,호텔/쇼핑/골프 프리미엄 서비스,기타,기타,KEPT_AS_GITA_NO_KEYWORD_MATCH
https://www.card-gorilla.com/card/detail/2106,642,RAUME O (아시아나),삼성카드,기타,기타,KEPT_AS_GITA_NO_KEYWORD_MATCH
https://www.card-gorilla.com/card/detail/2139,644,연회비지원,연회비 면제 서비스,기타,기타,KEPT_AS_GITA_NO_KEYWORD_MATCH
https://www.card-gorilla.com/card/detail/2139,644,쇼핑,쇼핑,기타,기타,KEPT_AS_GITA_NO_KEYWORD_MATCH
https://www.card-gorilla.com/card/detail/2139,644,여행/숙박,여행서비스,기타,기타,KEPT_AS_GITA_NO_KEYWORD_MATCH
https://www.card-gorilla.com/card/detail/2139,644,푸드,외식,기타,기타,KEPT_AS_GITA_NO_KEYWORD_MATCH
https://www.card-gorilla.com/card/detail/2140,645,테마파크,놀이공원,기타,기타,KEPT_AS_GITA_NO_KEYWORD_MATCH
https://www.card-gorilla.com/card/detail/2140,645,푸드,외식,기타,기타,KEPT_AS_GITA_NO_KEYWORD_MATCH
https://www.card-gorilla.com/card/detail/2147,646,쇼핑,쇼핑,기타,기타,KEPT_AS_GITA_NO_KEYWORD_MATCH
https://www.card-gorilla.com/card/detail/2147,646,푸드,외식,기타,기타,KEPT_AS_GITA_NO_KEYWORD_MATCH
https://www.card-gorilla.com/card/detail/2149,647,연회비지원,자동납부 실적 연 6회 이상 시 다음 해 제휴연회비 면제,기타,기타,KEPT_AS_GITA_NO_KEYWORD_MATCH
https://www.card-gorilla.com/card/detail/2150,648,국민행복,A-Type(for Baby),기타,기타,KEPT_AS_GITA_NO_KEYWORD_MATCH
https://www.card-gorilla.com/card/detail/2150,648,국민행복,B-Type(for Children),기타,기타,KEPT_AS_GITA_NO_KEYWORD_MATCH
https://www.card-gorilla.com/card/detail/2150,648,국민행복,C-Type(for Green Life),기타,기타,KEPT_AS_GITA_NO_KEYWORD_MATCH
https://www.card-gorilla.com/card/detail/2150,648,기타,그린카드 멤버십 서비스,기타,기타,KEPT_AS_GITA_NO_KEYWORD_MATCH
https://www.card-gorilla.com/card/detail/2151,649,기타,"전자금융(인터넷뱅킹, 텔레뱅킹) 이용수수료 면제
그린카드 특화서비스 (모든 그린카드 제공되는 공통서비스)",기타,기타,KEPT_AS_GITA_NO_KEYWORD_MATCH
https://www.card-gorilla.com/card/detail/2179,653,기타,당행 ATM 출금 수수료 면제,기타,기타,KEPT_AS_GITA_NO_KEYWORD_MATCH
https://www.card-gorilla.com/card/detail/2189,654,기타,"전북은행 ATM 출금수수료 면제 (월5회)
카드디자인",기타,기타,KEPT_AS_GITA_NO_KEYWORD_MATCH
https://www.card-gorilla.com/card/detail/2192,657,국민행복,"A-Type ""for Baby Service""",기타,기타,KEPT_AS_GITA_NO_KEYWORD_MATCH
https://www.card-gorilla.com/card/detail/2192,657,국민행복,"B-Type ""for Children Service""",기타,기타,KEPT_AS_GITA_NO_KEYWORD_MATCH
https://www.card-gorilla.com/card/detail/2196,660,제휴/PLCC,Kia Members 멤버십 서비스,기타,기타,KEPT_AS_GITA_NO_KEYWORD_MATCH
https://www.card-gorilla.com/card/detail/2197,661,기타,정부 유류세환급제도 지원,기타,기타,KEPT_AS_GITA_NO_KEYWORD_MATCH
https://www.card-gorilla.com/card/detail/2219,667,금융,출금 및 이체수수료 면제 서비스,기타,기타,KEPT_AS_GITA_NO_KEYWORD_MATCH
https://www.card-gorilla.com/card/detail/2220,668,주유,GS칼텍스 리터당 100원 캐쉬백,기타,기타,KEPT_AS_GITA_NO_KEYWORD_MATCH
https://www.card-gorilla.com/card/detail/2220,668,금융,"수시입출금의 편리함과 주식거래, 고금리를 하나의 계좌로,
결제계좌 이체/출금 수수료 면제",기타,기타,KEPT_AS_GITA_NO_KEYWORD_MATCH
https://www.card-gorilla.com/card/detail/2221,669,금융,"수시입출금의 편리함과 주식거래, 고금리를 하나의 계좌로,
결제계좌 이체/출금 수수료 면제",기타,기타,KEPT_AS_GITA_NO_KEYWORD_MATCH
https://www.card-gorilla.com/card/detail/2224,670,멤버십포인트,통합멤버십서비스,기타,기타,KEPT_AS_GITA_NO_KEYWORD_MATCH
https://www.card-gorilla.com/card/detail/2224,670,기타,모바일쿠폰서비스 최대 3만원,기타,기타,KEPT_AS_GITA_NO_KEYWORD_MATCH
https://www.card-gorilla.com/card/detail/2224,670,금융,"able 금융서비스
언제 어디서나 수수료 면제!",기타,기타,KEPT_AS_GITA_NO_KEYWORD_MATCH
https://www.card-gorilla.com/card/detail/2225,671,금융,"able 금융서비스
언제 어디서나 수수료 면제!",기타,기타,KEPT_AS_GITA_NO_KEYWORD_MATCH
https://www.card-gorilla.com/card/detail/2226,672,프리미엄 서비스,플래티넘(Platinum) 서비스,기타,기타,KEPT_AS_GITA_NO_KEYWORD_MATCH
https://www.card-gorilla.com/card/detail/2226,672,멤버십포인트,L.POINT,기타,기타,KEPT_AS_GITA_NO_KEYWORD_MATCH
https://www.card-gorilla.com/card/detail/2234,677,선택형,"내 마음대로 고르는 디자인-
다양한 스타일로 새롭게 선보이는 삼성 iD 카드를 소개합니다.",기타,기타,KEPT_AS_GITA_NO_KEYWORD_MATCH
https://www.card-gorilla.com/card/detail/2235,678,선택형,"내 마음대로 고르는 디자인-
다양한 스타일로 새롭게 선보이는 삼성 iD 카드를 소개합니다.",기타,기타,KEPT_AS_GITA_NO_KEYWORD_MATCH
https://www.card-gorilla.com/card/detail/2236,679,편의점,모바일 기프티콘 발송 최대 6천원,기타,기타,KEPT_AS_GITA_NO_KEYWORD_MATCH
https://www.card-gorilla.com/card/detail/2236,679,선택형,3가지 카드 디자인 중 선택 가능,기타,기타,KEPT_AS_GITA_NO_KEYWORD_MATCH
https://www.card-gorilla.com/card/detail/2238,681,제휴/PLCC,롯데월드 어드벤처 매직패스프리미엄(2회권) 현장 구매 가능,기타,기타,KEPT_AS_GITA_NO_KEYWORD_MATCH
https://www.card-gorilla.com/card/detail/2240,682,선택형,카드 디자인 선택가능,기타,기타,KEPT_AS_GITA_NO_KEYWORD_MATCH
https://www.card-gorilla.com/card/detail/2241,683,멤버십포인트,L.POINT,기타,기타,KEPT_AS_GITA_NO_KEYWORD_MATCH
https://www.card-gorilla.com/card/detail/2241,683,선택형,카드 디자인 선택 가능,기타,기타,KEPT_AS_GITA_NO_KEYWORD_MATCH
https://www.card-gorilla.com/card/detail/2242,684,선택형,카드 디자인 선택 가능,기타,기타,KEPT_AS_GITA_NO_KEYWORD_MATCH
https://www.card-gorilla.com/card/detail/2244,686,선택형,카드 디자인 선택가능,기타,기타,KEPT_AS_GITA_NO_KEYWORD_MATCH
https://www.card-gorilla.com/card/detail/2245,687,선택형,카드 디자인 선택가능,기타,기타,KEPT_AS_GITA_NO_KEYWORD_MATCH
https://www.card-gorilla.com/card/detail/2246,688,선택형,카드 디자인 선택가능,기타,기타,KEPT_AS_GITA_NO_KEYWORD_MATCH
https://www.card-gorilla.com/card/detail/2247,689,선택형,카드 디자인 선택가능,기타,기타,KEPT_AS_GITA_NO_KEYWORD_MATCH
https://www.card-gorilla.com/card/detail/2248,690,선택형,카드 디자인 선택가능,기타,기타,KEPT_AS_GITA_NO_KEYWORD_MATCH
https://www.card-gorilla.com/card/detail/2249,691,선택형,카드 디자인 선택가능,기타,기타,KEPT_AS_GITA_NO_KEYWORD_MATCH
https://www.card-gorilla.com/card/detail/2250,692,선택형,카드 디자인 선택가능,기타,기타,KEPT_AS_GITA_NO_KEYWORD_MATCH
https://www.card-gorilla.com/card/detail/2251,693,쇼핑,오케이몰 상품 구매 시 장기할부 제공,기타,기타,KEPT_AS_GITA_NO_KEYWORD_MATCH
https://www.card-gorilla.com/card/detail/2255,694,선택형,디자인 선택가능,기타,기타,KEPT_AS_GITA_NO_KEYWORD_MATCH
https://www.card-gorilla.com/card/detail/2256,695,선택형,디자인 선택가능,기타,기타,KEPT_AS_GITA_NO_KEYWORD_MATCH
https://www.card-gorilla.com/card/detail/2259,698,프리미엄,"로열티 보너스: 연간 이용금액 2,000만원 이상 시 로열티 보너스 제공(연 1회, 택 1)",기타,기타,KEPT_AS_GITA_NO_KEYWORD_MATCH
https://www.card-gorilla.com/card/detail/2259,698,선택형,"the Red Edition5의 특별한 디자인을 소개합니다.
내 취향에 맞는 카드 디자인을 선택해서 발급 받으세요.",기타,기타,KEPT_AS_GITA_NO_KEYWORD_MATCH
https://www.card-gorilla.com/card/detail/2260,699,선택형,"the Green Edition2의 특별한 디자인을 소개합니다.
내 취향에 맞는 카드 디자인을 선택해서 발급 받으세요.",기타,기타,KEPT_AS_GITA_NO_KEYWORD_MATCH
https://www.card-gorilla.com/card/detail/2265,704,디지털구독,클럽롤라 서비스(롯데카드의 구독형 멤버십 상품),기타,기타,KEPT_AS_GITA_NO_KEYWORD_MATCH
https://www.card-gorilla.com/card/detail/2270,706,은행사,"국내에서는 원화로, 해외에서는 달러(USD)로!
하나의 카드에 원화·외화 결제계좌를 모두 연결",기타,기타,KEPT_AS_GITA_NO_KEYWORD_MATCH
https://www.card-gorilla.com/card/detail/2270,706,[해외] 일본여행 때 환전 손해 안 보는 방법 3가지,우리카드 인기 순위 TOP 3 - 2026 상반기  혜택 좋은 신용카드 결산,기타,기타,KEPT_AS_GITA_NO_KEYWORD_MATCH
https://www.card-gorilla.com/card/detail/2270,706,"[꿀팁] 넷플릭스 이제 계정 공유금지? 넷플 2,000원대로 보는 방법",밀리언달러 하나카드,기타,기타,KEPT_AS_GITA_NO_KEYWORD_MATCH
https://www.card-gorilla.com/card/detail/2277,708,선택형,신용카드 디자인 선택,기타,기타,KEPT_AS_GITA_NO_KEYWORD_MATCH
https://www.card-gorilla.com/card/detail/2279,710,기타,신세계백화점 제휴 서비스,기타,기타,KEPT_AS_GITA_NO_KEYWORD_MATCH
https://www.card-gorilla.com/card/detail/2280,711,교통,공항 리무진 • 공항철도 서비스,기타,기타,KEPT_AS_GITA_NO_KEYWORD_MATCH
https://www.card-gorilla.com/card/detail/2281,712,교통,공항 리무진 • 공항철도 서비스,기타,기타,KEPT_AS_GITA_NO_KEYWORD_MATCH
https://www.card-gorilla.com/card/detail/2282,713,교통,공항 리무진 • 공항철도 서비스,기타,기타,KEPT_AS_GITA_NO_KEYWORD_MATCH
https://www.card-gorilla.com/card/detail/2287,717,프리미엄 서비스,VISA/MasterCard 플래티넘서비스,기타,기타,KEPT_AS_GITA_NO_KEYWORD_MATCH
https://www.card-gorilla.com/card/detail/2287,717,선택형,현대카드 MX Black의 특별한 디자인을 소개합니다.,기타,기타,KEPT_AS_GITA_NO_KEYWORD_MATCH
https://www.card-gorilla.com/card/detail/2291,721,프리미엄 서비스,메리어트 본보이™ 엘리트 멤버십 제공 (연회비 주기 내 2천만원 이상),기타,기타,KEPT_AS_GITA_NO_KEYWORD_MATCH
https://www.card-gorilla.com/card/detail/2291,721,호텔,메리어트 본보이™ 엘리트 숙박 크레딧 제공 (연회비 주기 내 1천만원 이상),기타,기타,KEPT_AS_GITA_NO_KEYWORD_MATCH
https://www.card-gorilla.com/card/detail/2292,722,비즈니스,"사업지원서비스 2.0
현대카드 앱에서 누리는 사업지원서비스 토탈 패키지",기타,기타,KEPT_AS_GITA_NO_KEYWORD_MATCH
https://www.card-gorilla.com/card/detail/2293,723,비즈니스,"사업지원서비스 2.0
현대카드 앱에서 누리는 사업지원서비스 토탈 패키지",기타,기타,KEPT_AS_GITA_NO_KEYWORD_MATCH
https://www.card-gorilla.com/card/detail/2294,724,비즈니스,"사업지원서비스 2.0
현대카드 앱에서 누리는 사업지원서비스 토탈 패키지",기타,기타,KEPT_AS_GITA_NO_KEYWORD_MATCH
https://www.card-gorilla.com/card/detail/2304,732,선택형,원하는 플레이트 디자인 선택 가능,기타,기타,KEPT_AS_GITA_NO_KEYWORD_MATCH
https://www.card-gorilla.com/card/detail/2306,733,디지털구독,클럽롤라 서비스,기타,기타,KEPT_AS_GITA_NO_KEYWORD_MATCH
https://www.card-gorilla.com/card/detail/2307,734,디지털구독,클럽롤라 서비스,기타,기타,KEPT_AS_GITA_NO_KEYWORD_MATCH
https://www.card-gorilla.com/card/detail/2311,737,혜택 프로모션,1만원 이상 결제마다 럭키권 2장씩 발급,기타,기타,KEPT_AS_GITA_NO_KEYWORD_MATCH
https://www.card-gorilla.com/card/detail/2312,738,혜택 프로모션,1만원이상 결제시 럭키권 1장 발급,기타,기타,KEPT_AS_GITA_NO_KEYWORD_MATCH
https://www.card-gorilla.com/card/detail/2315,739,선택형,두가지 플레이트 선택 가능,기타,기타,KEPT_AS_GITA_NO_KEYWORD_MATCH
https://www.card-gorilla.com/card/detail/2316,740,NU 오하쳌(오늘하루체크),우리카드,기타,기타,KEPT_AS_GITA_NO_KEYWORD_MATCH
https://www.card-gorilla.com/card/detail/2317,741,캐시백,"차이로 쌓은 번개, 헤택 받을 준비 끝!
결제할 때마다 번개를 모아요",기타,기타,KEPT_AS_GITA_NO_KEYWORD_MATCH
https://www.card-gorilla.com/card/detail/2318,742,기타,"내 소비생활의 중심 핀크계좌 + 핀크카드
AI핀고의정확한 소비 분석",기타,기타,KEPT_AS_GITA_NO_KEYWORD_MATCH
https://www.card-gorilla.com/card/detail/2318,742,선택형,"디자인 선택의 즐거움 망설이다 품절주의!
핀크에만 있는 한정판 디자인",기타,기타,KEPT_AS_GITA_NO_KEYWORD_MATCH
https://www.card-gorilla.com/card/detail/2322,743,대중교통,"전국 버스, 지하철 사용 가능",기타,기타,KEPT_AS_GITA_NO_KEYWORD_MATCH
https://www.card-gorilla.com/card/detail/2322,743,온라인쇼핑,온라인 쇼핑몰 이용 가능,기타,기타,KEPT_AS_GITA_NO_KEYWORD_MATCH
https://www.card-gorilla.com/card/detail/2323,744,대중교통,교통카드 사용 가능,기타,기타,KEPT_AS_GITA_NO_KEYWORD_MATCH
https://www.card-gorilla.com/card/detail/2324,745,공과금/렌탈,세무지원 서비스,기타,기타,KEPT_AS_GITA_NO_KEYWORD_MATCH
https://www.card-gorilla.com/card/detail/2324,745,선택형,원하는 플레이트 디자인 선택 가능,기타,기타,KEPT_AS_GITA_NO_KEYWORD_MATCH
https://www.card-gorilla.com/card/detail/2327,748,프리미엄,[티타늄 전용 서비스] Master 티타늄 공통서비스,기타,기타,KEPT_AS_GITA_NO_KEYWORD_MATCH
https://www.card-gorilla.com/card/detail/2332,752,선택형,카드 디자인 선택 가능,기타,기타,KEPT_AS_GITA_NO_KEYWORD_MATCH
https://www.card-gorilla.com/card/detail/2342,758,카페,투썸플레이스 추가 혜택,기타,기타,KEPT_AS_GITA_NO_KEYWORD_MATCH
https://www.card-gorilla.com/card/detail/2342,758,선택형,카드 플레이트 선택 가능,기타,기타,KEPT_AS_GITA_NO_KEYWORD_MATCH
https://www.card-gorilla.com/card/detail/2343,759,선택형,카드 플레이트 선택 가능,기타,기타,KEPT_AS_GITA_NO_KEYWORD_MATCH
https://www.card-gorilla.com/card/detail/2349,760,선택형,내 마음대로 고르는 디자인,기타,기타,KEPT_AS_GITA_NO_KEYWORD_MATCH
https://www.card-gorilla.com/card/detail/2353,762,골프,[The Premium] 골프 서비스,기타,기타,KEPT_AS_GITA_NO_KEYWORD_MATCH
https://www.card-gorilla.com/card/detail/2358,767,선택형,카드 디자인 소개,기타,기타,KEPT_AS_GITA_NO_KEYWORD_MATCH
https://www.card-gorilla.com/card/detail/2359,768,정비,[제휴서비스] Bluemembers 멤버십 서비스,기타,기타,KEPT_AS_GITA_NO_KEYWORD_MATCH
https://www.card-gorilla.com/card/detail/2359,768,선택형,카드 플레이트 선택 가능,기타,기타,KEPT_AS_GITA_NO_KEYWORD_MATCH
https://www.card-gorilla.com/card/detail/2361,770,프리미엄,Master / AMEX Platinum Service,기타,기타,KEPT_AS_GITA_NO_KEYWORD_MATCH
https://www.card-gorilla.com/card/detail/2361,770,선택형,카드 플레이트 선택 가능,기타,기타,KEPT_AS_GITA_NO_KEYWORD_MATCH
https://www.card-gorilla.com/card/detail/2364,772,선택형,카드디자인 소개,기타,기타,KEPT_AS_GITA_NO_KEYWORD_MATCH
https://www.card-gorilla.com/card/detail/2365,773,우리 K-패스 (COOKIE CHECK),우리카드,기타,기타,KEPT_AS_GITA_NO_KEYWORD_MATCH
https://www.card-gorilla.com/card/detail/2369,774,선택형,플레이트 디자인 선택 가능,기타,기타,KEPT_AS_GITA_NO_KEYWORD_MATCH
https://www.card-gorilla.com/card/detail/2371,776,선택형,카드 플레이트 선택 가능,기타,기타,KEPT_AS_GITA_NO_KEYWORD_MATCH
https://www.card-gorilla.com/card/detail/2376,780,선택형,내 마음대로 고르는 디자인!,기타,기타,KEPT_AS_GITA_NO_KEYWORD_MATCH
https://www.card-gorilla.com/card/detail/2377,781,선택형,플레이트 디자인 선택 가능,기타,기타,KEPT_AS_GITA_NO_KEYWORD_MATCH
https://www.card-gorilla.com/card/detail/2378,782,선택형,플레이트 디자인 선택 가능,기타,기타,KEPT_AS_GITA_NO_KEYWORD_MATCH
https://www.card-gorilla.com/card/detail/2379,783,선택형,카드 플레이트 선택 가능,기타,기타,KEPT_AS_GITA_NO_KEYWORD_MATCH
https://www.card-gorilla.com/card/detail/2385,784,프리미엄 서비스,몽블랑 에디션 패키지,기타,기타,KEPT_AS_GITA_NO_KEYWORD_MATCH
https://www.card-gorilla.com/card/detail/2385,784,멤버십포인트,L.POINT,기타,기타,KEPT_AS_GITA_NO_KEYWORD_MATCH
https://www.card-gorilla.com/card/detail/2385,784,프리미엄 서비스,Master WORLD 서비스,기타,기타,KEPT_AS_GITA_NO_KEYWORD_MATCH
https://www.card-gorilla.com/card/detail/2386,785,대중교통,K-패스 안내,기타,기타,KEPT_AS_GITA_NO_KEYWORD_MATCH
https://www.card-gorilla.com/card/detail/2386,785,선택형,카드 플레이트 선택 가능,기타,기타,KEPT_AS_GITA_NO_KEYWORD_MATCH
https://www.card-gorilla.com/card/detail/2388,786,프리미엄 서비스,차별화된 가치를 담은 메탈플레이트 제공,기타,기타,KEPT_AS_GITA_NO_KEYWORD_MATCH
https://www.card-gorilla.com/card/detail/2388,786,프리미엄 서비스,MasterCard World서비스,기타,기타,KEPT_AS_GITA_NO_KEYWORD_MATCH
https://www.card-gorilla.com/card/detail/2389,787,선택형,넥슨 현대카드의 특별한 디자인을 소개합니다,기타,기타,KEPT_AS_GITA_NO_KEYWORD_MATCH
https://www.card-gorilla.com/card/detail/2390,788,선택형,넥슨 현대카드 CHECK의특별한 디자인을 소개합니다,기타,기타,KEPT_AS_GITA_NO_KEYWORD_MATCH
https://www.card-gorilla.com/card/detail/2392,789,CJ ONE,CJ ONE 멤버십 기능,기타,기타,KEPT_AS_GITA_NO_KEYWORD_MATCH
https://www.card-gorilla.com/card/detail/2393,790,선택형,SSG.COM카드 Edition2의 특별한 디자인을 소개합니다.,기타,기타,KEPT_AS_GITA_NO_KEYWORD_MATCH
https://www.card-gorilla.com/card/detail/2394,791,해외이용,해외 가맹점 이용수수료 면제,기타,기타,KEPT_AS_GITA_NO_KEYWORD_MATCH
https://www.card-gorilla.com/card/detail/2394,791,수수료우대,해외 ATM 인출 수수료 면제,기타,기타,KEPT_AS_GITA_NO_KEYWORD_MATCH
https://www.card-gorilla.com/card/detail/2394,791,선택형,플레이트 3종 선택,기타,기타,KEPT_AS_GITA_NO_KEYWORD_MATCH
https://www.card-gorilla.com/card/detail/2395,792,LOCA 나누기 혜택,일시불 이용금액에 따라 최대 6개월까지 나누기 혜택 제공,기타,기타,KEPT_AS_GITA_NO_KEYWORD_MATCH
https://www.card-gorilla.com/card/detail/2395,792,멤버십포인트,L.POINT,기타,기타,KEPT_AS_GITA_NO_KEYWORD_MATCH
https://www.card-gorilla.com/card/detail/2398,795,백화점,신세계백화점 제휴 서비스,기타,기타,KEPT_AS_GITA_NO_KEYWORD_MATCH
https://www.card-gorilla.com/card/detail/2398,795,면세점,신세계면세점 멤버십 우대 서비스,기타,무료서비스,RECLASSIFIED
https://www.card-gorilla.com/card/detail/2398,795,프리미엄 서비스,Mastercard PLATINUM 등급 서비스,기타,기타,KEPT_AS_GITA_NO_KEYWORD_MATCH
https://www.card-gorilla.com/card/detail/2399,796,선택형,다양한 플레이트 선택 가능,기타,기타,KEPT_AS_GITA_NO_KEYWORD_MATCH
https://www.card-gorilla.com/card/detail/2404,801,선택형,카드 플레이트 선택 가능,기타,기타,KEPT_AS_GITA_NO_KEYWORD_MATCH
https://www.card-gorilla.com/card/detail/2405,802,선택형,플레이트 선택 가능,기타,기타,KEPT_AS_GITA_NO_KEYWORD_MATCH
https://www.card-gorilla.com/card/detail/2406,803,프리미엄 서비스,Special Service 메탈 플레이트 기본 제공,기타,기타,KEPT_AS_GITA_NO_KEYWORD_MATCH
https://www.card-gorilla.com/card/detail/2406,803,프리미엄 서비스,국제 브랜드 서비스,기타,기타,KEPT_AS_GITA_NO_KEYWORD_MATCH
https://www.card-gorilla.com/card/detail/2412,808,멤버십포인트,L.POINT,기타,기타,KEPT_AS_GITA_NO_KEYWORD_MATCH
https://www.card-gorilla.com/card/detail/2414,809,프리미엄 서비스,[인플카 전용 혜택]인플카 현대카드 보유 시 인플카 앱 서비스 이용 가능,기타,기타,KEPT_AS_GITA_NO_KEYWORD_MATCH
https://www.card-gorilla.com/card/detail/2414,809,선택형,인플카 현대카드의 특별한 디자인을 소개합니다,기타,기타,KEPT_AS_GITA_NO_KEYWORD_MATCH
https://www.card-gorilla.com/card/detail/2419,813,선택형,"보기만 해도 소장 욕구 뿜뿜!
청소년의 눈길과 마음을 사로잡은 삼성 iD POCKET 카드를 소개합니다.",기타,기타,KEPT_AS_GITA_NO_KEYWORD_MATCH
https://www.card-gorilla.com/card/detail/2420,814,금융,세무지원 서비스,기타,기타,KEPT_AS_GITA_NO_KEYWORD_MATCH
https://www.card-gorilla.com/card/detail/2424,818,LOCA LIKIT 1.2,롯데카드,기타,기타,KEPT_AS_GITA_NO_KEYWORD_MATCH
https://www.card-gorilla.com/card/detail/2430,820,금융,SC제일은행 혜택,기타,기타,KEPT_AS_GITA_NO_KEYWORD_MATCH
https://www.card-gorilla.com/card/detail/2431,821,금융,SC제일은행 혜택,기타,기타,KEPT_AS_GITA_NO_KEYWORD_MATCH
https://www.card-gorilla.com/card/detail/2432,822,선택형,플레이트 디자인 선택 가능,기타,기타,KEPT_AS_GITA_NO_KEYWORD_MATCH
https://www.card-gorilla.com/card/detail/2433,823,금융,장기할부 서비스,기타,기타,KEPT_AS_GITA_NO_KEYWORD_MATCH
https://www.card-gorilla.com/card/detail/2433,823,선택형,다양한 플레이트 디자인 선택 가능,기타,기타,KEPT_AS_GITA_NO_KEYWORD_MATCH
https://www.card-gorilla.com/card/detail/2434,824,선택형,갤러리아 KB국민카드 디자인 선택,기타,기타,KEPT_AS_GITA_NO_KEYWORD_MATCH
https://www.card-gorilla.com/card/detail/2436,826,프리미엄 서비스,"메탈 플레이트
the Red Stripe의 헤리티지를 담은 메탈 플레이트",기타,기타,KEPT_AS_GITA_NO_KEYWORD_MATCH
https://www.card-gorilla.com/card/detail/2436,826,프리미엄 서비스,VISA Signature 서비스,기타,기타,KEPT_AS_GITA_NO_KEYWORD_MATCH
https://www.card-gorilla.com/card/detail/2436,826,프리미엄 서비스,MasterCard World 서비스,기타,기타,KEPT_AS_GITA_NO_KEYWORD_MATCH
https://www.card-gorilla.com/card/detail/2436,826,프리미엄 서비스,"[로열티 보너스] 연간(카드 발급 확정일로부터 1년) 이용 금액 2,000만원 이상 시 로열티 보너스 제공(연 1회, 택1)",기타,기타,KEPT_AS_GITA_NO_KEYWORD_MATCH
https://www.card-gorilla.com/card/detail/2436,826,선택형,the Red Stripe의 특별한 디자인을 소개합니다,기타,기타,KEPT_AS_GITA_NO_KEYWORD_MATCH
https://www.card-gorilla.com/card/detail/2441,829,기타,WE:SH 서비스,기타,기타,KEPT_AS_GITA_NO_KEYWORD_MATCH
https://www.card-gorilla.com/card/detail/2441,829,선택형,카드 플레이트 선택 가능,기타,기타,KEPT_AS_GITA_NO_KEYWORD_MATCH
https://www.card-gorilla.com/card/detail/2444,832,선택형,플레이트 디자인 선택 가능,기타,기타,KEPT_AS_GITA_NO_KEYWORD_MATCH
https://www.card-gorilla.com/card/detail/2450,838,바우처,"[HERITAGE 전용혜택] 쿠폰서비스(연 1회 제공, 3가지 중 택1)",기타,기타,KEPT_AS_GITA_NO_KEYWORD_MATCH
https://www.card-gorilla.com/card/detail/2450,838,금융,[HERITAGE Smart 서비스] 금융서비스,기타,기타,KEPT_AS_GITA_NO_KEYWORD_MATCH
https://www.card-gorilla.com/card/detail/2450,838,프리미엄,[HERITAGE Smart 서비스] Mastercard World 서비스,기타,기타,KEPT_AS_GITA_NO_KEYWORD_MATCH
https://www.card-gorilla.com/card/detail/2450,838,프리미엄,[HERITAGE Smart 서비스] 전용고객센터,기타,기타,KEPT_AS_GITA_NO_KEYWORD_MATCH
https://www.card-gorilla.com/card/detail/2451,839,바우처,"[HERITAGE 전용혜택] 쿠폰서비스 (연 1회 제공, 3가지 중 택1)",기타,기타,KEPT_AS_GITA_NO_KEYWORD_MATCH
https://www.card-gorilla.com/card/detail/2451,839,금융,[HERITAGE 전용혜택] 금융서비스,기타,기타,KEPT_AS_GITA_NO_KEYWORD_MATCH
https://www.card-gorilla.com/card/detail/2451,839,프리미엄,[HERITAGE 전용혜택] Mastercard World 서비스,기타,기타,KEPT_AS_GITA_NO_KEYWORD_MATCH
https://www.card-gorilla.com/card/detail/2451,839,프리미엄,[HERITAGE Smart 서비스] 전용고객센터,기타,기타,KEPT_AS_GITA_NO_KEYWORD_MATCH
https://www.card-gorilla.com/card/detail/2457,843,멤버십포인트,L.POINT 안내,기타,기타,KEPT_AS_GITA_NO_KEYWORD_MATCH
https://www.card-gorilla.com/card/detail/2459,844,프리미엄 서비스,국제브랜드 서비스(해외겸용카드 전용),기타,기타,KEPT_AS_GITA_NO_KEYWORD_MATCH
https://www.card-gorilla.com/card/detail/2460,845,선택형,[SPECIAL PLATE] 특수 소재 카드,기타,기타,KEPT_AS_GITA_NO_KEYWORD_MATCH
https://www.card-gorilla.com/card/detail/2460,845,프리미엄 서비스,국제브랜드 서비스(해외겸용카드 전용),기타,기타,KEPT_AS_GITA_NO_KEYWORD_MATCH
https://www.card-gorilla.com/card/detail/2461,846,프리미엄 서비스,국제브랜드 서비스(해외겸용카드 전용),기타,기타,KEPT_AS_GITA_NO_KEYWORD_MATCH
https://www.card-gorilla.com/card/detail/2461,846,선택형,[SPECIAL PLATE] 특수 소재 카드,기타,기타,KEPT_AS_GITA_NO_KEYWORD_MATCH
https://www.card-gorilla.com/card/detail/2465,848,백화점,신세계백화점 제휴 서비스,기타,기타,KEPT_AS_GITA_NO_KEYWORD_MATCH
https://www.card-gorilla.com/card/detail/2465,848,면세점,신세계면세점 멤버십 우대 서비스,기타,무료서비스,RECLASSIFIED
https://www.card-gorilla.com/card/detail/2466,849,카페,이디야 멤버스 음료쿠폰 제공,기타,기타,KEPT_AS_GITA_NO_KEYWORD_MATCH
https://www.card-gorilla.com/card/detail/2466,849,선택형,다양한 플레이트 선택 가능,기타,기타,KEPT_AS_GITA_NO_KEYWORD_MATCH
https://www.card-gorilla.com/card/detail/2469,852,프리미엄 서비스,Platinum Service,기타,기타,KEPT_AS_GITA_NO_KEYWORD_MATCH
https://www.card-gorilla.com/card/detail/2469,852,선택형,원하는 디자인 선택 가능,기타,기타,KEPT_AS_GITA_NO_KEYWORD_MATCH
https://www.card-gorilla.com/card/detail/2470,853,선택형,카드플레이트 선택 가능,기타,기타,KEPT_AS_GITA_NO_KEYWORD_MATCH
https://www.card-gorilla.com/card/detail/2471,854,선택형,카드플레이트 선택 가능,기타,기타,KEPT_AS_GITA_NO_KEYWORD_MATCH
https://www.card-gorilla.com/card/detail/2475,858,캐시백,"생활 밀착 업종 사용금액 2만원당 200원 캐쉬백
그외 업종 사용금액 2만원당 100원 캐쉬백",기타,기타,KEPT_AS_GITA_NO_KEYWORD_MATCH
https://www.card-gorilla.com/card/detail/2475,858,금융,KEB하나은행 자동화기기(CD/ATM) 수수료 월 10회 면제,기타,기타,KEPT_AS_GITA_NO_KEYWORD_MATCH
https://www.card-gorilla.com/card/detail/2475,858,해외,해외에서 ATM 사용 및 물품구매 가능,기타,기타,KEPT_AS_GITA_NO_KEYWORD_MATCH
https://www.card-gorilla.com/card/detail/2476,859,NU 후불하이패스,우리카드,기타,기타,KEPT_AS_GITA_NO_KEYWORD_MATCH
https://www.card-gorilla.com/card/detail/2477,860,SKT,SKT 대상 단말기 구매 시 24개월 라이트할부 제공,기타,기타,KEPT_AS_GITA_NO_KEYWORD_MATCH
https://www.card-gorilla.com/card/detail/2484,864,프리미엄 서비스,"국제 브랜드 서비스
VISA Young Premium 서비스",기타,기타,KEPT_AS_GITA_NO_KEYWORD_MATCH
https://www.card-gorilla.com/card/detail/2486,865,선택형,원하는 플레이트 선택 가능,기타,기타,KEPT_AS_GITA_NO_KEYWORD_MATCH
https://www.card-gorilla.com/card/detail/2487,866,선택형,원하는 플레이트 선택 가능,기타,기타,KEPT_AS_GITA_NO_KEYWORD_MATCH
https://www.card-gorilla.com/card/detail/2491,869,선택형,카드 플레이트 선택 가능,기타,기타,KEPT_AS_GITA_NO_KEYWORD_MATCH
https://www.card-gorilla.com/card/detail/2492,870,선택형,카드 플레이트 선택 가능,기타,기타,KEPT_AS_GITA_NO_KEYWORD_MATCH
https://www.card-gorilla.com/card/detail/2495,872,멤버십포인트,신세계 멤버십 혜택 제공,기타,기타,KEPT_AS_GITA_NO_KEYWORD_MATCH
https://www.card-gorilla.com/card/detail/2495,872,프리미엄,Platinum 서비스,기타,기타,KEPT_AS_GITA_NO_KEYWORD_MATCH
https://www.card-gorilla.com/card/detail/2495,872,선택형,플레이트 디자인 선택가능,기타,기타,KEPT_AS_GITA_NO_KEYWORD_MATCH
https://www.card-gorilla.com/card/detail/2496,873,멤버십포인트,신세계 멤버십 혜택,기타,기타,KEPT_AS_GITA_NO_KEYWORD_MATCH
https://www.card-gorilla.com/card/detail/2497,874,기타,LG 전자 베스트샵 매장에서 할부 수수료 혜택,기타,기타,KEPT_AS_GITA_NO_KEYWORD_MATCH
https://www.card-gorilla.com/card/detail/2514,877,기타,미래에셋증권 서비스등급 혜택,기타,기타,KEPT_AS_GITA_NO_KEYWORD_MATCH
https://www.card-gorilla.com/card/detail/2514,877,선택형,플레이트 2종 선택,기타,기타,KEPT_AS_GITA_NO_KEYWORD_MATCH
https://www.card-gorilla.com/card/detail/2515,878,기타,미래에셋증권 서비스등급 혜택,기타,기타,KEPT_AS_GITA_NO_KEYWORD_MATCH
https://www.card-gorilla.com/card/detail/2515,878,프리미엄 서비스,미래에셋 현대카드 Gold 회원만을 위한 프리미엄 서비스,기타,기타,KEPT_AS_GITA_NO_KEYWORD_MATCH
https://www.card-gorilla.com/card/detail/2515,878,프리미엄 서비스,VISA 프리미엄 서비스,기타,기타,KEPT_AS_GITA_NO_KEYWORD_MATCH
https://www.card-gorilla.com/card/detail/2515,878,선택형,플레이트 3종 선택,기타,기타,KEPT_AS_GITA_NO_KEYWORD_MATCH
https://www.card-gorilla.com/card/detail/2516,879,기타,미래에셋증권 서비스등급 혜택,기타,기타,KEPT_AS_GITA_NO_KEYWORD_MATCH
https://www.card-gorilla.com/card/detail/2516,879,프리미엄 서비스,미래에셋 현대카드 Diamond 회원만을 위한 프리미엄 서비스,기타,기타,KEPT_AS_GITA_NO_KEYWORD_MATCH
https://www.card-gorilla.com/card/detail/2516,879,프리미엄 서비스,VISA 프리미엄 서비스,기타,기타,KEPT_AS_GITA_NO_KEYWORD_MATCH
https://www.card-gorilla.com/card/detail/2516,879,선택형,플레이트 3종 선택,기타,기타,KEPT_AS_GITA_NO_KEYWORD_MATCH
https://www.card-gorilla.com/card/detail/2521,882,프리미엄 서비스,VISA/AMEX 플래티넘 서비스,기타,기타,KEPT_AS_GITA_NO_KEYWORD_MATCH
https://www.card-gorilla.com/card/detail/2521,882,선택형,플레이트 6종 선택,기타,기타,KEPT_AS_GITA_NO_KEYWORD_MATCH
https://www.card-gorilla.com/card/detail/2522,883,KT,KT 단말기 장기할부 서비스,기타,기타,KEPT_AS_GITA_NO_KEYWORD_MATCH
https://www.card-gorilla.com/card/detail/2529,889,수수료우대,외화 하나머니 결제 안내 및 혜택,기타,기타,KEPT_AS_GITA_NO_KEYWORD_MATCH
https://www.card-gorilla.com/card/detail/2529,889,선택형,카드 플레이트 선택,기타,기타,KEPT_AS_GITA_NO_KEYWORD_MATCH
https://www.card-gorilla.com/card/detail/2530,890,선택형,카드 플레이트 선택,기타,기타,KEPT_AS_GITA_NO_KEYWORD_MATCH
https://www.card-gorilla.com/card/detail/2534,893,선택형,카드 플레이트 선택,기타,기타,KEPT_AS_GITA_NO_KEYWORD_MATCH
https://www.card-gorilla.com/card/detail/2540,897,프리미엄 서비스,"Excusive 전용 쿠폰서비스1 [연 1회 제공, 4가지 중 1가지 선택]",기타,기타,KEPT_AS_GITA_NO_KEYWORD_MATCH
https://www.card-gorilla.com/card/detail/2540,897,프리미엄 서비스,"Excusive 전용 쿠폰서비스2 [연 1회 제공, 2가지 중 1가지 선택]",기타,기타,KEPT_AS_GITA_NO_KEYWORD_MATCH
https://www.card-gorilla.com/card/detail/2540,897,프리미엄 서비스,Excusive 전용 특별 서비스,기타,기타,KEPT_AS_GITA_NO_KEYWORD_MATCH
https://www.card-gorilla.com/card/detail/2540,897,프리미엄 서비스,Visa Infinite 서비스,기타,기타,KEPT_AS_GITA_NO_KEYWORD_MATCH
https://www.card-gorilla.com/card/detail/2541,898,프리미엄 서비스,"Reserve 전용혜택 쿠폰서비스 [연 1회 제공, 3가지 중 1가지 선택]",기타,기타,KEPT_AS_GITA_NO_KEYWORD_MATCH
https://www.card-gorilla.com/card/detail/2541,898,프리미엄 서비스,Reserve 전용혜택 특별서비스,기타,기타,KEPT_AS_GITA_NO_KEYWORD_MATCH
https://www.card-gorilla.com/card/detail/2541,898,프리미엄 서비스,Amex Elite & ICON 서비스,기타,기타,KEPT_AS_GITA_NO_KEYWORD_MATCH
https://www.card-gorilla.com/card/detail/2541,898,HERITAGE Smart [대한항공 마일리지형],KB국민카드,기타,기타,KEPT_AS_GITA_NO_KEYWORD_MATCH
https://www.card-gorilla.com/card/detail/2542,899,프리미엄 서비스,"Reserve 전용혜택 쿠폰서비스 [연 1회 제공, 3가지 중 1가지 선택]",기타,기타,KEPT_AS_GITA_NO_KEYWORD_MATCH
https://www.card-gorilla.com/card/detail/2542,899,프리미엄 서비스,Reserve 전용혜택 특별서비스,기타,기타,KEPT_AS_GITA_NO_KEYWORD_MATCH
https://www.card-gorilla.com/card/detail/2542,899,프리미엄 서비스,Amex Elite & ICON 서비스,기타,기타,KEPT_AS_GITA_NO_KEYWORD_MATCH
https://www.card-gorilla.com/card/detail/2542,899,HERITAGE Smart [할인형],KB국민카드,기타,기타,KEPT_AS_GITA_NO_KEYWORD_MATCH
https://www.card-gorilla.com/card/detail/2542,899,HERITAGE Exclusive,KB국민카드,기타,기타,KEPT_AS_GITA_NO_KEYWORD_MATCH
https://www.card-gorilla.com/card/detail/2543,900,정비,닥터카 서비스,기타,기타,KEPT_AS_GITA_NO_KEYWORD_MATCH
https://www.card-gorilla.com/card/detail/2543,900,백화점,신세계백화점 제휴 서비스,기타,기타,KEPT_AS_GITA_NO_KEYWORD_MATCH
https://www.card-gorilla.com/card/detail/2543,900,프리미엄 서비스,Mastercard PLATINUM 등급 서비스,기타,기타,KEPT_AS_GITA_NO_KEYWORD_MATCH
https://www.card-gorilla.com/card/detail/2543,900,경기관람,프로스포츠 프로모션 서비스,기타,기타,KEPT_AS_GITA_NO_KEYWORD_MATCH
https://www.card-gorilla.com/card/detail/2548,903,하이패스,e hi-pass 카드 소개,기타,기타,KEPT_AS_GITA_NO_KEYWORD_MATCH
https://www.card-gorilla.com/card/detail/2548,903,하이패스,후불 하이패스,기타,기타,KEPT_AS_GITA_NO_KEYWORD_MATCH
https://www.card-gorilla.com/card/detail/2549,904,선택형,다양한 플레이트 선택 가능,기타,기타,KEPT_AS_GITA_NO_KEYWORD_MATCH
https://www.card-gorilla.com/card/detail/2551,906,선택형,플레이트 2종 선택,기타,기타,KEPT_AS_GITA_NO_KEYWORD_MATCH
https://www.card-gorilla.com/card/detail/2552,907,선택형,플레이트 3종 선택,기타,기타,KEPT_AS_GITA_NO_KEYWORD_MATCH
https://www.card-gorilla.com/card/detail/2553,908,수수료우대,해외수수료 면제,기타,기타,KEPT_AS_GITA_NO_KEYWORD_MATCH
https://www.card-gorilla.com/card/detail/2554,909,수수료우대,해외수수료 면제 서비스,기타,기타,KEPT_AS_GITA_NO_KEYWORD_MATCH
https://www.card-gorilla.com/card/detail/2558,912,선택형,특수 소재 카드,기타,기타,KEPT_AS_GITA_NO_KEYWORD_MATCH
https://www.card-gorilla.com/card/detail/2563,913,편의점,"편의점/커피전문점/제과 1,000원 캐시벡",기타,기타,KEPT_AS_GITA_NO_KEYWORD_MATCH
https://www.card-gorilla.com/card/detail/2567,916,멤버십포인트,GS리테일 POP서비스,기타,기타,KEPT_AS_GITA_NO_KEYWORD_MATCH
https://www.card-gorilla.com/card/detail/2567,916,선택형,플레이트 선택,기타,기타,KEPT_AS_GITA_NO_KEYWORD_MATCH
https://www.card-gorilla.com/card/detail/2568,917,금융,금융수수료 면제 서비스,기타,기타,KEPT_AS_GITA_NO_KEYWORD_MATCH
https://www.card-gorilla.com/card/detail/2569,918,수수료우대,해외 이용 수수료 면제 서비스,기타,기타,KEPT_AS_GITA_NO_KEYWORD_MATCH
https://www.card-gorilla.com/card/detail/2571,920,선택형,플레이트 2종 선택,기타,기타,KEPT_AS_GITA_NO_KEYWORD_MATCH
https://www.card-gorilla.com/card/detail/2572,921,프리미엄 서비스,UPI 플래티늄 서비스,기타,기타,KEPT_AS_GITA_NO_KEYWORD_MATCH
https://www.card-gorilla.com/card/detail/2583,922,PAYCO taptap,삼성카드,기타,기타,KEPT_AS_GITA_NO_KEYWORD_MATCH
https://www.card-gorilla.com/card/detail/2586,924,교육/육아,용돈도 신용카드로,기타,기타,KEPT_AS_GITA_NO_KEYWORD_MATCH
https://www.card-gorilla.com/card/detail/2586,924,교통,버스와 지하철 충전 없이 탈 수 있어요,기타,기타,KEPT_AS_GITA_NO_KEYWORD_MATCH
https://www.card-gorilla.com/card/detail/2586,924,간편결제,어디서나 간편하게 로카페이로 결제할 수 있어요,기타,기타,KEPT_AS_GITA_NO_KEYWORD_MATCH
https://www.card-gorilla.com/card/detail/2587,925,선택형,플레이트 2종 선택,기타,기타,KEPT_AS_GITA_NO_KEYWORD_MATCH
https://www.card-gorilla.com/card/detail/2592,929,기타,싱가포르항공 크리스플라이어 엘리트 멤버십 제공,기타,기타,KEPT_AS_GITA_NO_KEYWORD_MATCH
https://www.card-gorilla.com/card/detail/2592,929,기타,싱가포르항공 인천/김해공항 특별 우대,기타,기타,KEPT_AS_GITA_NO_KEYWORD_MATCH
https://www.card-gorilla.com/card/detail/2606,939,보험사,신한라이프 전용보험 우대서비스,기타,기타,KEPT_AS_GITA_NO_KEYWORD_MATCH
https://www.card-gorilla.com/card/detail/2606,939,병원,GC헬스케어 Basic 서비스,기타,기타,KEPT_AS_GITA_NO_KEYWORD_MATCH
https://www.card-gorilla.com/card/detail/2611,942,기타,iPhone for Life 프로그램 이용 시,기타,기타,KEPT_AS_GITA_NO_KEYWORD_MATCH
https://www.card-gorilla.com/card/detail/2612,943,프리미엄,[아코르 서비스] ALL회원 SILVER 등급 제공 및 업그레이드,기타,기타,KEPT_AS_GITA_NO_KEYWORD_MATCH
https://www.card-gorilla.com/card/detail/2613,944,프리미엄,[아코르 서비스] 아코르 플러스 유료 멤버십 자동 가입,기타,기타,KEPT_AS_GITA_NO_KEYWORD_MATCH
https://www.card-gorilla.com/card/detail/2613,944,프리미엄,[아코르 서비스] ALL 회원 GOLD 등급 제공 및 업그레이드,기타,기타,KEPT_AS_GITA_NO_KEYWORD_MATCH
https://www.card-gorilla.com/card/detail/2613,944,선택형,플레이트 선택,기타,기타,KEPT_AS_GITA_NO_KEYWORD_MATCH
https://www.card-gorilla.com/card/detail/2618,946,정비,차량 점검 서비스,기타,기타,KEPT_AS_GITA_NO_KEYWORD_MATCH
https://www.card-gorilla.com/card/detail/2623,948,프리미엄 서비스,Amex Selects(셀렉츠) 서비스,기타,기타,KEPT_AS_GITA_NO_KEYWORD_MATCH
https://www.card-gorilla.com/card/detail/2624,949,프리미엄 서비스,Amex Selects(셀렉츠) 서비스,기타,기타,KEPT_AS_GITA_NO_KEYWORD_MATCH
https://www.card-gorilla.com/card/detail/2627,951,프리미엄 서비스,[프리미엄 서비스] 메탈 플레이트 제공,기타,기타,KEPT_AS_GITA_NO_KEYWORD_MATCH
https://www.card-gorilla.com/card/detail/2627,951,프리미엄 서비스,VISA Infinite 선택 서비스,기타,기타,KEPT_AS_GITA_NO_KEYWORD_MATCH
https://www.card-gorilla.com/card/detail/2627,951,HERITAGE Exclusive,KB국민카드,기타,기타,KEPT_AS_GITA_NO_KEYWORD_MATCH
https://www.card-gorilla.com/card/detail/2629,952,SmileCard Edition2,현대카드,기타,기타,KEPT_AS_GITA_NO_KEYWORD_MATCH
https://www.card-gorilla.com/card/detail/2629,952,SmileCard the Club,현대카드,기타,기타,KEPT_AS_GITA_NO_KEYWORD_MATCH
https://www.card-gorilla.com/card/detail/2631,954,선택형,매일 모니모를 찾는 당신을 위해 모니모A 카드의 더 새롭고 감각적인 디자인을 소개합니다.,기타,기타,KEPT_AS_GITA_NO_KEYWORD_MATCH
https://www.card-gorilla.com/card/detail/2632,955,무이자할부,LOCA 나누기 혜택,기타,기타,KEPT_AS_GITA_NO_KEYWORD_MATCH
https://www.card-gorilla.com/card/detail/2634,957,프리미엄,SPECIAL GIFT 혜택,기타,기타,KEPT_AS_GITA_NO_KEYWORD_MATCH
https://www.card-gorilla.com/card/detail/2634,957,프리미엄 서비스,Master Platinum Service,기타,기타,KEPT_AS_GITA_NO_KEYWORD_MATCH
https://www.card-gorilla.com/card/detail/2636,959,기타,LOCA 나누기 혜택,기타,기타,KEPT_AS_GITA_NO_KEYWORD_MATCH
https://www.card-gorilla.com/card/detail/2636,959,바우처,"Special Gift 혜택 (롯데상품권카드 5만원권 1매 / 3개월간 1,000만원 이상 이용시 제공)",기타,바우처,RECLASSIFIED
https://www.card-gorilla.com/card/detail/2636,959,프리미엄 서비스,Master World 서비스,기타,기타,KEPT_AS_GITA_NO_KEYWORD_MATCH
https://www.card-gorilla.com/card/detail/2637,960,프리미엄,VISA Platinum,기타,기타,KEPT_AS_GITA_NO_KEYWORD_MATCH
https://www.card-gorilla.com/card/detail/2638,961,프리미엄,VISA Platinum,기타,기타,KEPT_AS_GITA_NO_KEYWORD_MATCH
https://www.card-gorilla.com/card/detail/2640,963,멤버십포인트,"코스트코멤버십카드 기능 추가
코스트코멤버십 연회비 자동납부서비스",기타,기타,KEPT_AS_GITA_NO_KEYWORD_MATCH
https://www.card-gorilla.com/card/detail/2640,963,프리미엄 서비스,Visa 브랜드 플래티넘서비스,기타,기타,KEPT_AS_GITA_NO_KEYWORD_MATCH
https://www.card-gorilla.com/card/detail/2642,965,프리미엄 서비스,VISA 플래티넘 서비스,기타,기타,KEPT_AS_GITA_NO_KEYWORD_MATCH
https://www.card-gorilla.com/card/detail/2643,966,수수료우대,트래블로그 스위치 서비스,기타,기타,KEPT_AS_GITA_NO_KEYWORD_MATCH
https://www.card-gorilla.com/card/detail/2652,971,테마파크,에버랜드 꿈빛 솜사탕 등급 적용,기타,기타,KEPT_AS_GITA_NO_KEYWORD_MATCH
https://www.card-gorilla.com/card/detail/2653,972,혜택 프로모션,결제할 때마다 최대 1억 당첨 가능 010PAY 리또 지급,기타,기타,KEPT_AS_GITA_NO_KEYWORD_MATCH
https://www.card-gorilla.com/card/detail/2656,975,멤버십포인트,L.POINT,기타,기타,KEPT_AS_GITA_NO_KEYWORD_MATCH
https://www.card-gorilla.com/card/detail/2658,977,I-ALL,IBK기업은행,기타,기타,KEPT_AS_GITA_NO_KEYWORD_MATCH
https://www.card-gorilla.com/card/detail/2659,978,자동차,자동차보험 장기할부,기타,기타,KEPT_AS_GITA_NO_KEYWORD_MATCH
https://www.card-gorilla.com/card/detail/2663,981,프리미엄 서비스,The Hotel Collection 객실 업그레이드 및 호텔 크레딧 100달러(USD) 제공,기타,기타,KEPT_AS_GITA_NO_KEYWORD_MATCH
https://www.card-gorilla.com/card/detail/2663,981,프리미엄 서비스,메탈 플레이트 제공,기타,기타,KEPT_AS_GITA_NO_KEYWORD_MATCH
https://www.card-gorilla.com/card/detail/2664,982,프리미엄 서비스,본인 회원 메탈 플레이트 제공,기타,기타,KEPT_AS_GITA_NO_KEYWORD_MATCH
https://www.card-gorilla.com/card/detail/2664,982,프리미엄 서비스,럭셔리 & 프리미엄 호텔 혜택,기타,기타,KEPT_AS_GITA_NO_KEYWORD_MATCH
https://www.card-gorilla.com/card/detail/2664,982,프리미엄 서비스,American Express PLATINUM ELITE 서비스,기타,기타,KEPT_AS_GITA_NO_KEYWORD_MATCH
https://www.card-gorilla.com/card/detail/2667,985,해외이용,해외 이용금액 현지 통화 결제 서비스,기타,기타,KEPT_AS_GITA_NO_KEYWORD_MATCH
https://www.card-gorilla.com/card/detail/2667,985,해외이용,해외이용 프로모션,기타,기타,KEPT_AS_GITA_NO_KEYWORD_MATCH
https://www.card-gorilla.com/card/detail/2686,1001,영화,"[Discount 4 서비스] 넷. Discount 5,500원 영화관",기타,기타,KEPT_AS_GITA_NO_KEYWORD_MATCH
https://www.card-gorilla.com/card/detail/2691,1006,해외,"[해외 혜택] 해외 가맹점, ATM 이용 수수료 면제",기타,기타,KEPT_AS_GITA_NO_KEYWORD_MATCH
https://www.card-gorilla.com/card/detail/2700,1012,수수료우대,해외 수수료 면제 서비스,기타,기타,KEPT_AS_GITA_NO_KEYWORD_MATCH
https://www.card-gorilla.com/card/detail/2701,1013,온라인 여행사,하나투어 12/24개월 라이트할부,기타,기타,KEPT_AS_GITA_NO_KEYWORD_MATCH
https://www.card-gorilla.com/card/detail/2701,1013,온라인 여행사,"라이트할부 이용 시 7,000~14,000원 결제대금 차감",기타,기타,KEPT_AS_GITA_NO_KEYWORD_MATCH
https://www.card-gorilla.com/card/detail/2701,1013,프리미엄 서비스,국제브랜드 서비스(해외겸용카드 전용),기타,기타,KEPT_AS_GITA_NO_KEYWORD_MATCH
https://www.card-gorilla.com/card/detail/2704,1016,JADE Prime,하나카드,기타,기타,KEPT_AS_GITA_NO_KEYWORD_MATCH
https://www.card-gorilla.com/card/detail/2704,1016,JADE First Centum,하나카드,기타,기타,KEPT_AS_GITA_NO_KEYWORD_MATCH
https://www.card-gorilla.com/card/detail/2704,1016,JADE Classic,하나카드,기타,기타,KEPT_AS_GITA_NO_KEYWORD_MATCH
https://www.card-gorilla.com/card/detail/2704,1016,JADE Classic,트래블로그+(플러스) 신용카드,기타,기타,KEPT_AS_GITA_NO_KEYWORD_MATCH
https://www.card-gorilla.com/card/detail/2705,1017,선택형,[SPECIAL PLATE] 특수 소재 카드 신청 가능 (신청 건별 발급수수료 10만원),기타,기타,KEPT_AS_GITA_NO_KEYWORD_MATCH
https://www.card-gorilla.com/card/detail/2708,1019,기타,전월실적 채워드림,기타,기타,KEPT_AS_GITA_NO_KEYWORD_MATCH
https://www.card-gorilla.com/card/detail/2709,1020,프리미엄 서비스,Visa Platinum 서비스,기타,기타,KEPT_AS_GITA_NO_KEYWORD_MATCH
https://www.card-gorilla.com/card/detail/2710,1021,프리미엄,우대 서비스,기타,무료서비스,RECLASSIFIED
https://www.card-gorilla.com/card/detail/2710,1021,프리미엄 서비스,Visa Platinum 서비스,기타,기타,KEPT_AS_GITA_NO_KEYWORD_MATCH
https://www.card-gorilla.com/card/detail/2711,1022,프리미엄,우대 서비스,기타,무료서비스,RECLASSIFIED
https://www.card-gorilla.com/card/detail/2711,1022,프리미엄 서비스,Visa Signature 서비스,기타,기타,KEPT_AS_GITA_NO_KEYWORD_MATCH
https://www.card-gorilla.com/card/detail/2712,1023,프리미엄,우대 서비스,기타,무료서비스,RECLASSIFIED
https://www.card-gorilla.com/card/detail/2712,1023,프리미엄 서비스,Visa Infinite 서비스,기타,기타,KEPT_AS_GITA_NO_KEYWORD_MATCH
https://www.card-gorilla.com/card/detail/2713,1024,"교육부터 자기관리, 반려동물 등 5개 업종 월 최대 5만원 캐시백 가능! ‘디지로카 발견 에디션’ 5종 출시!",삼성 iD PET 카드,기타,기타,KEPT_AS_GITA_NO_KEYWORD_MATCH
https://www.card-gorilla.com/card/detail/2715,1026,"교육부터 자기관리, 반려동물 등 5개 업종 월 최대 5만원 캐시백 가능! ‘디지로카 발견 에디션’ 5종 출시!",디지로카 London,기타,기타,KEPT_AS_GITA_NO_KEYWORD_MATCH
https://www.card-gorilla.com/card/detail/2718,1029,춘식이 모바일 로카,롯데카드,기타,기타,KEPT_AS_GITA_NO_KEYWORD_MATCH
https://www.card-gorilla.com/card/detail/2722,1032,해외,해외 이용 수수료 빼기 서비스,기타,기타,KEPT_AS_GITA_NO_KEYWORD_MATCH
https://www.card-gorilla.com/card/detail/2722,1032,해외,해외 이용 더하기 서비스,기타,기타,KEPT_AS_GITA_NO_KEYWORD_MATCH
https://www.card-gorilla.com/card/detail/2722,1032,적립,국내 이용 더하기 서비스,기타,기타,KEPT_AS_GITA_NO_KEYWORD_MATCH
https://www.card-gorilla.com/card/detail/2722,1032,공항라운지,신한카드 SOL트래블 서비스,기타,기타,KEPT_AS_GITA_NO_KEYWORD_MATCH
https://www.card-gorilla.com/card/detail/2725,1034,프리미엄 서비스,Mastercard Platinum 서비스,기타,기타,KEPT_AS_GITA_NO_KEYWORD_MATCH
https://www.card-gorilla.com/card/detail/2726,1035,프리미엄 서비스,Mastercard Platinum 서비스,기타,기타,KEPT_AS_GITA_NO_KEYWORD_MATCH
https://www.card-gorilla.com/card/detail/2729,1036,해외,외화 하나머니 결제 혜택,기타,기타,KEPT_AS_GITA_NO_KEYWORD_MATCH
https://www.card-gorilla.com/card/detail/2730,1037,해외,외화 하나머니 결제 혜택,기타,기타,KEPT_AS_GITA_NO_KEYWORD_MATCH
https://www.card-gorilla.com/card/detail/2737,1044,프리미엄 서비스,[우대 서비스] 메탈 플레이트 제공,기타,무료서비스,RECLASSIFIED
https://www.card-gorilla.com/card/detail/2740,1047,해외겸용 [없음] · 20만원 이상 · VISA,해외이용,기타,기타,KEPT_AS_GITA_NO_KEYWORD_MATCH
https://www.card-gorilla.com/card/detail/2740,1047,국내 가맹점 하나머니 적립 서비스,"[비교] 트래블GO 체크카드vs트래블로그 체크카드, 무슨 차이가 있을까? _ 2026년 기준 업데이트",기타,기타,KEPT_AS_GITA_NO_KEYWORD_MATCH
https://www.card-gorilla.com/card/detail/2741,1048,KT,KT Super 할부,기타,기타,KEPT_AS_GITA_NO_KEYWORD_MATCH
https://www.card-gorilla.com/card/detail/2747,1053,애완동물,Pet Life,기타,기타,KEPT_AS_GITA_NO_KEYWORD_MATCH
https://www.card-gorilla.com/card/detail/2748,1054,애완동물,Pet Life,기타,기타,KEPT_AS_GITA_NO_KEYWORD_MATCH
https://www.card-gorilla.com/card/detail/2748,1054,바우처,신한카드 The Premium PET 고객님께 매년 1회 아래 Option 중 선택하신 한 가지의 Gift를 제공해 드립니다.,기타,기타,KEPT_AS_GITA_NO_KEYWORD_MATCH
https://www.card-gorilla.com/card/detail/2750,1055,수수료우대,트래블로그 스위치 서비스,기타,기타,KEPT_AS_GITA_NO_KEYWORD_MATCH
https://www.card-gorilla.com/card/detail/2751,1056,프리미엄 서비스,[우대 서비스] 메탈 플레이트 제공,기타,무료서비스,RECLASSIFIED
https://www.card-gorilla.com/card/detail/2752,1057,프리미엄 서비스,[우대 서비스] 메탈 플레이트 제공,기타,무료서비스,RECLASSIFIED
https://www.card-gorilla.com/card/detail/2753,1058,프리미엄 서비스,[우대 서비스] 메탈 플레이트 제공,기타,무료서비스,RECLASSIFIED
https://www.card-gorilla.com/card/detail/2755,1059,프리미엄 서비스,[우대 서비스] 메탈 플레이트 제공,기타,무료서비스,RECLASSIFIED
https://www.card-gorilla.com/card/detail/2755,1059,the Red (M포인트형),현대카드,기타,기타,KEPT_AS_GITA_NO_KEYWORD_MATCH
https://www.card-gorilla.com/card/detail/2755,1059,the Red (항공 마일리지형),현대카드,기타,기타,KEPT_AS_GITA_NO_KEYWORD_MATCH
https://www.card-gorilla.com/card/detail/2756,1060,PP,[우대 서비스] Priority Pass 카드,기타,무료서비스,RECLASSIFIED
https://www.card-gorilla.com/card/detail/2756,1060,프리미엄 서비스,[우대 서비스] 메탈 플레이트,기타,무료서비스,RECLASSIFIED
https://www.card-gorilla.com/card/detail/2756,1060,American Express The Platinum Card®Edition2,현대카드,기타,기타,KEPT_AS_GITA_NO_KEYWORD_MATCH
https://www.card-gorilla.com/card/detail/2756,1060,the Red Stripe Edition2,현대카드,기타,기타,KEPT_AS_GITA_NO_KEYWORD_MATCH
https://www.card-gorilla.com/card/detail/2757,1061,프리미엄 서비스,[우대 서비스] the Black Concierge,기타,무료서비스,RECLASSIFIED
https://www.card-gorilla.com/card/detail/2762,1065,아시아나항공,아시아나항공 서비스,기타,기타,KEPT_AS_GITA_NO_KEYWORD_MATCH
https://www.card-gorilla.com/card/detail/2763,1066,편의점,CU 멤버십 서비스,기타,기타,KEPT_AS_GITA_NO_KEYWORD_MATCH
https://www.card-gorilla.com/card/detail/2764,1067,기타,[우대 서비스] 메탈 플레이트 제공,기타,무료서비스,RECLASSIFIED
https://www.card-gorilla.com/card/detail/2766,1069,교통,후불 기후동행카드 서비스 안내,기타,기타,KEPT_AS_GITA_NO_KEYWORD_MATCH
https://www.card-gorilla.com/card/detail/2767,1070,교통,후불 기후동행카드 서비스 안내,기타,기타,KEPT_AS_GITA_NO_KEYWORD_MATCH
https://www.card-gorilla.com/card/detail/2768,1071,교통,후불교통 기능 이용안내,기타,기타,KEPT_AS_GITA_NO_KEYWORD_MATCH
https://www.card-gorilla.com/card/detail/2769,1072,교통,후불 기후동행카드 안내,기타,기타,KEPT_AS_GITA_NO_KEYWORD_MATCH
https://www.card-gorilla.com/card/detail/2770,1073,교통,후불 기후동행카드 안내,기타,기타,KEPT_AS_GITA_NO_KEYWORD_MATCH
https://www.card-gorilla.com/card/detail/2771,1074,선택형,특수 소재 카드 신청 가능,기타,기타,KEPT_AS_GITA_NO_KEYWORD_MATCH
https://www.card-gorilla.com/card/detail/2771,1074,교통,후불 기후동행카드 안내,기타,기타,KEPT_AS_GITA_NO_KEYWORD_MATCH
https://www.card-gorilla.com/card/detail/2775,1075,해외이용,해외 이용수수료 면제 서비스,기타,기타,KEPT_AS_GITA_NO_KEYWORD_MATCH
https://www.card-gorilla.com/card/detail/2776,1076,프리미엄 서비스,[우대 서비스] 메탈 플레이트 제공,기타,무료서비스,RECLASSIFIED
https://www.card-gorilla.com/card/detail/2780,1079,바우처,"[Classic 전용혜택] 쿠폰 서비스 연 1회 제공, 3가지 중 택 1
연간 600만원 이상(초회년도는 실적조건 없음)",기타,기타,KEPT_AS_GITA_NO_KEYWORD_MATCH
https://www.card-gorilla.com/card/detail/2780,1079,프리미엄 서비스,[Classic 전용혜택] 브랜드 서비스·금융 서비스·전용고객센터,기타,기타,KEPT_AS_GITA_NO_KEYWORD_MATCH
https://www.card-gorilla.com/card/detail/2781,1080,바우처,"[Classic 전용혜택] 쿠폰 서비스 연 1회 제공, 4가지 중 택 1",기타,기타,KEPT_AS_GITA_NO_KEYWORD_MATCH
https://www.card-gorilla.com/card/detail/2781,1080,프리미엄 서비스,[Classic 전용혜택] 브랜드 서비스·금융 서비스·전용고객센터,기타,기타,KEPT_AS_GITA_NO_KEYWORD_MATCH
https://www.card-gorilla.com/card/detail/2785,1083,호텔,힐튼 아너스 멤버쉽 실버 등급 제공 및 골드 등급으로 업그레이드,기타,기타,KEPT_AS_GITA_NO_KEYWORD_MATCH
https://www.card-gorilla.com/card/detail/2786,1084,호텔,힐튼 아너스 멤버십 골드 등급 제공 및 다이아몬드 등급으로 업그레이드,기타,기타,KEPT_AS_GITA_NO_KEYWORD_MATCH
https://www.card-gorilla.com/card/detail/2787,1085,생활,"LGE.COM 플러스 서비스 이용 시, LG전자 온라인몰 LGE.COM에서 제품 구매 시 플러스 서비스 혜택 제공",기타,기타,KEPT_AS_GITA_NO_KEYWORD_MATCH
https://www.card-gorilla.com/card/detail/2787,1085,생활,"LGE.COM 플러스 서비스 미이용 시, LGE.COM 플러스 미이용 시에만 제공되는 서비스",기타,기타,KEPT_AS_GITA_NO_KEYWORD_MATCH
https://www.card-gorilla.com/card/detail/2788,1086,바우처,Gift Option 서비스,기타,기타,KEPT_AS_GITA_NO_KEYWORD_MATCH
https://www.card-gorilla.com/card/detail/2788,1086,생활,생활서비스,기타,기타,KEPT_AS_GITA_NO_KEYWORD_MATCH
https://www.card-gorilla.com/card/detail/2788,1086,프리미엄 서비스,라이프스타일 Desk 서비스,기타,기타,KEPT_AS_GITA_NO_KEYWORD_MATCH
https://www.card-gorilla.com/card/detail/2788,1086,프리미엄 서비스,국제브랜드사 서비스(플래티늄 등급 선태 시 제공),기타,기타,KEPT_AS_GITA_NO_KEYWORD_MATCH
https://www.card-gorilla.com/card/detail/2788,1086,THE iD. TITANIUM(포인트),삼성카드,기타,기타,KEPT_AS_GITA_NO_KEYWORD_MATCH
https://www.card-gorilla.com/card/detail/2790,1088,바우처,[연간 보너스] 발급 첫해 누적 이용 금액 100만원 이상 시 5만원 크레딧 제공(연 1회),기타,기타,KEPT_AS_GITA_NO_KEYWORD_MATCH
https://www.card-gorilla.com/card/detail/2790,1088,프리미엄 서비스,우대 서비스,기타,무료서비스,RECLASSIFIED
https://www.card-gorilla.com/card/detail/2791,1089,바우처,[연간 보너스] 발급 첫해 누적 이용 금액 100만원 이상 시 5만원 크레딧 제공(연 1회),기타,기타,KEPT_AS_GITA_NO_KEYWORD_MATCH
https://www.card-gorilla.com/card/detail/2791,1089,프리미엄 서비스,우대 서비스,기타,무료서비스,RECLASSIFIED
https://www.card-gorilla.com/card/detail/2792,1090,바우처,[연간 보너스] 발급 첫해 누적 이용 금액 100만원 이상 시 5만원 크레딧 제공(연 1회),기타,기타,KEPT_AS_GITA_NO_KEYWORD_MATCH
https://www.card-gorilla.com/card/detail/2792,1090,프리미엄 서비스,우대 서비스,기타,무료서비스,RECLASSIFIED
https://www.card-gorilla.com/card/detail/2793,1091,바우처,[연간 보너스] 발급 첫해 누적 이용 금액 100만원 이상 시 5만원 크레딧 제공(연 1회),기타,기타,KEPT_AS_GITA_NO_KEYWORD_MATCH
https://www.card-gorilla.com/card/detail/2793,1091,프리미엄 서비스,우대 서비스,기타,무료서비스,RECLASSIFIED
https://www.card-gorilla.com/card/detail/2794,1092,네이버페이 taptap,삼성카드,기타,기타,KEPT_AS_GITA_NO_KEYWORD_MATCH
https://www.card-gorilla.com/card/detail/2799,1094,대중교통,K-패스 안내,기타,기타,KEPT_AS_GITA_NO_KEYWORD_MATCH
https://www.card-gorilla.com/card/detail/2805,1095,선택형,8가지 혜택 중 선택,기타,기타,KEPT_AS_GITA_NO_KEYWORD_MATCH
https://www.card-gorilla.com/card/detail/2805,1095,간편결제,모바일 단독카드,기타,기타,KEPT_AS_GITA_NO_KEYWORD_MATCH
https://www.card-gorilla.com/card/detail/2806,1096,선택형,8가지 혜택 중 선택,기타,기타,KEPT_AS_GITA_NO_KEYWORD_MATCH
https://www.card-gorilla.com/card/detail/2806,1096,간편결제,모바일 단독카드,기타,기타,KEPT_AS_GITA_NO_KEYWORD_MATCH
https://www.card-gorilla.com/card/detail/2807,1097,바우처,Gift Option 서비스 (연 1회/ 택 1/ 연회비 주기 내 1백만원 이상),기타,기타,KEPT_AS_GITA_NO_KEYWORD_MATCH
https://www.card-gorilla.com/card/detail/2807,1097,바우처,Bonus Gift 서비스 (연간 누적실적 3천만원 이상),기타,기타,KEPT_AS_GITA_NO_KEYWORD_MATCH
https://www.card-gorilla.com/card/detail/2807,1097,공항라운지,THE LOUNGE 서비스 (전월실적 50만원 이상),기타,기타,KEPT_AS_GITA_NO_KEYWORD_MATCH
https://www.card-gorilla.com/card/detail/2817,1102,우리 K-패스 (COOKIE CHECK),우리카드,기타,기타,KEPT_AS_GITA_NO_KEYWORD_MATCH
https://www.card-gorilla.com/card/detail/2824,1107,바우처,SPECIAL GIFT - 롯데상품권카드 5만원,기타,바우처,RECLASSIFIED
https://www.card-gorilla.com/card/detail/2824,1107,프리미엄 서비스,MasterCard Platinum Service,기타,기타,KEPT_AS_GITA_NO_KEYWORD_MATCH
https://www.card-gorilla.com/card/detail/2825,1108,대중교통,후불 기후동행카드 서비스 이용 안내,기타,기타,KEPT_AS_GITA_NO_KEYWORD_MATCH
https://www.card-gorilla.com/card/detail/2826,1109,대중교통,후불 기후동행카드 서비스 이용 안내,기타,기타,KEPT_AS_GITA_NO_KEYWORD_MATCH
https://www.card-gorilla.com/card/detail/2828,1111,정비,차량 점검 서비스,기타,기타,KEPT_AS_GITA_NO_KEYWORD_MATCH
https://www.card-gorilla.com/card/detail/2832,1114,해외,해외 혜택,기타,기타,KEPT_AS_GITA_NO_KEYWORD_MATCH
https://www.card-gorilla.com/card/detail/2832,1114,할인,국내 혜택,기타,기타,KEPT_AS_GITA_NO_KEYWORD_MATCH
https://www.card-gorilla.com/card/detail/2832,1114,제주항공,전용 혜택,기타,기타,KEPT_AS_GITA_NO_KEYWORD_MATCH
https://www.card-gorilla.com/card/detail/2832,1114,기타,소득공제·부가기능,기타,기타,KEPT_AS_GITA_NO_KEYWORD_MATCH
https://www.card-gorilla.com/card/detail/2835,1115,할인,Time Plan 서비스 (전월실적 40만원 이상),기타,기타,KEPT_AS_GITA_NO_KEYWORD_MATCH
https://www.card-gorilla.com/card/detail/2836,1116,할인,Time Plan 서비스,기타,기타,KEPT_AS_GITA_NO_KEYWORD_MATCH
https://www.card-gorilla.com/card/detail/2842,1120,프리미엄 서비스,메탈 플레이트 제공,기타,기타,KEPT_AS_GITA_NO_KEYWORD_MATCH
https://www.card-gorilla.com/card/detail/2843,1121,프리미엄 서비스,메탈 플레이트 제공,기타,기타,KEPT_AS_GITA_NO_KEYWORD_MATCH
https://www.card-gorilla.com/card/detail/2844,1122,프리미엄 서비스,메탈 플레이트 제공,기타,기타,KEPT_AS_GITA_NO_KEYWORD_MATCH
https://www.card-gorilla.com/card/detail/2845,1123,기타,쿠폰 서비스 (2종 중 택1),기타,기타,KEPT_AS_GITA_NO_KEYWORD_MATCH
https://www.card-gorilla.com/card/detail/2845,1123,프리미엄,Mastercard 서비스,기타,기타,KEPT_AS_GITA_NO_KEYWORD_MATCH
https://www.card-gorilla.com/card/detail/2847,1124,해외이용,해외 이용금액 현지통화 결제 서비스,기타,기타,KEPT_AS_GITA_NO_KEYWORD_MATCH
https://www.card-gorilla.com/card/detail/2853,1128,기타,특수 소재 카드,기타,기타,KEPT_AS_GITA_NO_KEYWORD_MATCH
https://www.card-gorilla.com/card/detail/2855,1129,리조트,Hoshino Resort 서비스,기타,기타,KEPT_AS_GITA_NO_KEYWORD_MATCH
https://www.card-gorilla.com/card/detail/2857,1131,기타,계좌가 없어도 간편 발급,기타,기타,KEPT_AS_GITA_NO_KEYWORD_MATCH
https://www.card-gorilla.com/card/detail/2857,1131,대중교통,충전식(티머니) 교통카드 기능,기타,기타,KEPT_AS_GITA_NO_KEYWORD_MATCH
https://www.card-gorilla.com/card/detail/2858,1132,선택형,카드 디자인,기타,기타,KEPT_AS_GITA_NO_KEYWORD_MATCH
https://www.card-gorilla.com/card/detail/2861,1134,수수료우대,해외 이용 수수료 면제 서비스,기타,기타,KEPT_AS_GITA_NO_KEYWORD_MATCH
https://www.card-gorilla.com/card/detail/2861,1134,기타,L.POINT,기타,기타,KEPT_AS_GITA_NO_KEYWORD_MATCH
https://www.card-gorilla.com/card/detail/2865,1138,수수료우대,해외 이용수수료 면제 서비스 (외화 하나머니 결제 시),기타,기타,KEPT_AS_GITA_NO_KEYWORD_MATCH
https://www.card-gorilla.com/card/detail/2867,1139,기타,[갤러리아 특별 서비스] 갤러리아 백화점 24/36개월 장기할부,기타,기타,KEPT_AS_GITA_NO_KEYWORD_MATCH
https://www.card-gorilla.com/card/detail/2875,1145,정비,차량 점검 서비스,기타,기타,KEPT_AS_GITA_NO_KEYWORD_MATCH
https://www.card-gorilla.com/card/detail/2878,1148,프리미엄 서비스,메탈 플레이트 제공,기타,기타,KEPT_AS_GITA_NO_KEYWORD_MATCH
https://www.card-gorilla.com/card/detail/2879,1149,프리미엄 서비스,메탈 플레이트 제공,기타,기타,KEPT_AS_GITA_NO_KEYWORD_MATCH
https://www.card-gorilla.com/card/detail/2880,1150,프리미엄 서비스,메탈 플레이트 제공,기타,기타,KEPT_AS_GITA_NO_KEYWORD_MATCH
https://www.card-gorilla.com/card/detail/2881,1151,프리미엄 서비스,메탈 플레이트 제공,기타,기타,KEPT_AS_GITA_NO_KEYWORD_MATCH
https://www.card-gorilla.com/card/detail/2882,1152,프리미엄 서비스,메탈 플레이트 제공,기타,기타,KEPT_AS_GITA_NO_KEYWORD_MATCH
https://www.card-gorilla.com/card/detail/2883,1153,프리미엄 서비스,메탈 플레이트 제공,기타,기타,KEPT_AS_GITA_NO_KEYWORD_MATCH
https://www.card-gorilla.com/card/detail/2896,1165,LOCA 100 Life,롯데카드,기타,기타,KEPT_AS_GITA_NO_KEYWORD_MATCH
https://www.card-gorilla.com/card/detail/2899,1168,적립,쓸수록 SOLSOL 서비스,기타,기타,KEPT_AS_GITA_NO_KEYWORD_MATCH
https://www.card-gorilla.com/card/detail/2899,1168,디지털구독,담을수록 SOLSOL 서비스,기타,기타,KEPT_AS_GITA_NO_KEYWORD_MATCH
https://www.card-gorilla.com/card/detail/2899,1168,은행사,모을수록 SOLSOL 서비스,기타,기타,KEPT_AS_GITA_NO_KEYWORD_MATCH
https://www.card-gorilla.com/card/detail/2903,1170,주유,경차 유류세 환급 대상자 주유 및 충전(LPG) 시 유류세 환급,기타,기타,KEPT_AS_GITA_NO_KEYWORD_MATCH
https://www.card-gorilla.com/card/detail/2905,1172,해외,"[해외 혜택] 해외 가맹점, ATM 이용 수수료 면제",기타,기타,KEPT_AS_GITA_NO_KEYWORD_MATCH
https://www.card-gorilla.com/card/detail/2906,1173,프리미엄 서비스,Platinum# 공통 서비스,기타,기타,KEPT_AS_GITA_NO_KEYWORD_MATCH
https://www.card-gorilla.com/card/detail/2907,1174,수수료우대,해외 수수료 면제 서비스,기타,기타,KEPT_AS_GITA_NO_KEYWORD_MATCH
https://www.card-gorilla.com/card/detail/2914,1179,자동차,차량 점검 서비스 (전월 이용금액 30만원 이상 시 제공),기타,기타,KEPT_AS_GITA_NO_KEYWORD_MATCH
https://www.card-gorilla.com/card/detail/2914,1179,백화점,신세계백화점 제휴 서비스,기타,기타,KEPT_AS_GITA_NO_KEYWORD_MATCH
https://www.card-gorilla.com/card/detail/2915,1180,프리미엄 서비스,국제브랜드 서비스 (해외겸용카드 전용),기타,기타,KEPT_AS_GITA_NO_KEYWORD_MATCH
https://www.card-gorilla.com/card/detail/2916,1181,프리미엄,나를 위한 / 가족을 위한 Gift (연회비 납부 년도 내 1백만원 이상),기타,기타,KEPT_AS_GITA_NO_KEYWORD_MATCH
https://www.card-gorilla.com/card/detail/2916,1181,프리미엄 서비스,Mastercard Platinum 서비스,기타,기타,KEPT_AS_GITA_NO_KEYWORD_MATCH
https://www.card-gorilla.com/card/detail/2919,1183,대중교통,후불교통기능,기타,기타,KEPT_AS_GITA_NO_KEYWORD_MATCH
https://www.card-gorilla.com/card/detail/2919,1183,수수료우대,ATM(현금자동입출금기) 수수료 면제,기타,기타,KEPT_AS_GITA_NO_KEYWORD_MATCH
https://www.card-gorilla.com/card/detail/2923,1186,제휴/PLCC,신세계백화점 제휴 서비스,기타,기타,KEPT_AS_GITA_NO_KEYWORD_MATCH
https://www.card-gorilla.com/card/detail/2929,1188,혜택 프로모션,KB유스클럽체크카드 X유스클럽프로모션,기타,기타,KEPT_AS_GITA_NO_KEYWORD_MATCH
https://www.card-gorilla.com/card/detail/2930,1189,수수료우대,해외 이용 수수료 면제,기타,기타,KEPT_AS_GITA_NO_KEYWORD_MATCH
https://www.card-gorilla.com/card/detail/2930,1189,기타,전월실적 채워드림,기타,기타,KEPT_AS_GITA_NO_KEYWORD_MATCH
https://www.card-gorilla.com/card/detail/2930,1189,프리미엄,국제브랜드 서비스,기타,기타,KEPT_AS_GITA_NO_KEYWORD_MATCH
https://www.card-gorilla.com/card/detail/2933,1191,캐시백,슈퍼쏠저 서비스 (실적 조건 없음),기타,기타,KEPT_AS_GITA_NO_KEYWORD_MATCH
https://www.card-gorilla.com/card/detail/2933,1191,캐시백,Life 서비스,기타,기타,KEPT_AS_GITA_NO_KEYWORD_MATCH
https://www.card-gorilla.com/card/detail/2933,1191,할인,Special 서비스,기타,기타,KEPT_AS_GITA_NO_KEYWORD_MATCH
https://www.card-gorilla.com/card/detail/2933,1191,멤버십포인트,Multi Membership,기타,기타,KEPT_AS_GITA_NO_KEYWORD_MATCH
https://www.card-gorilla.com/card/detail/2934,1192,실적조건 없음,Easy (실적 조건 없는 서비스),기타,기타,KEPT_AS_GITA_NO_KEYWORD_MATCH
https://www.card-gorilla.com/card/detail/2934,1192,급여이체,Desire (군 급여이체 시 받는 서비스),기타,기타,KEPT_AS_GITA_NO_KEYWORD_MATCH
https://www.card-gorilla.com/card/detail/2934,1192,할인,Basic (지난달 실적 10만원 이상 시 받는 서비스),기타,기타,KEPT_AS_GITA_NO_KEYWORD_MATCH
https://www.card-gorilla.com/card/detail/2934,1192,금융,금융 서비스,기타,기타,KEPT_AS_GITA_NO_KEYWORD_MATCH
https://www.card-gorilla.com/card/detail/2934,1192,혜택 프로모션,"하나 나라사랑카드 26년 특별 혜택
(기간: 2026.01.05 ~ 2026.12.31)",기타,기타,KEPT_AS_GITA_NO_KEYWORD_MATCH
https://www.card-gorilla.com/card/detail/2935,1193,해외이용,현지통화 결제 서비스,기타,기타,KEPT_AS_GITA_NO_KEYWORD_MATCH
https://www.card-gorilla.com/card/detail/2935,1193,수수료우대,해외 이용 서비스,기타,기타,KEPT_AS_GITA_NO_KEYWORD_MATCH
https://www.card-gorilla.com/card/detail/2935,1193,할인,국내 이용 서비스,기타,기타,KEPT_AS_GITA_NO_KEYWORD_MATCH
https://www.card-gorilla.com/card/detail/2937,1195,할인,[기본 혜택],기타,기타,KEPT_AS_GITA_NO_KEYWORD_MATCH
https://www.card-gorilla.com/card/detail/2937,1195,할인,[Link 혜택],기타,기타,KEPT_AS_GITA_NO_KEYWORD_MATCH
https://www.card-gorilla.com/card/detail/2943,1200,Smilecard Edition3,현대카드,기타,기타,KEPT_AS_GITA_NO_KEYWORD_MATCH
https://www.card-gorilla.com/card/detail/2944,1201,프리미엄 서비스,메탈 플레이트 제공,기타,기타,KEPT_AS_GITA_NO_KEYWORD_MATCH
https://www.card-gorilla.com/card/detail/2947,1202,프리미엄,우대 서비스,기타,무료서비스,RECLASSIFIED
https://www.card-gorilla.com/card/detail/2948,1203,프리미엄,우대 서비스,기타,무료서비스,RECLASSIFIED
https://www.card-gorilla.com/card/detail/2952,1206,자동차,차량 점검 서비스,기타,기타,KEPT_AS_GITA_NO_KEYWORD_MATCH
https://www.card-gorilla.com/card/detail/2952,1206,적립,HD현대오일뱅크 보너스카드 멤버십서비스,기타,기타,KEPT_AS_GITA_NO_KEYWORD_MATCH
https://www.card-gorilla.com/card/detail/2953,1207,수수료우대,해외 이용 수수료 면제 서비스,기타,기타,KEPT_AS_GITA_NO_KEYWORD_MATCH
https://www.card-gorilla.com/card/detail/2955,1209,프리미엄 서비스,특수 소재 카드,기타,기타,KEPT_AS_GITA_NO_KEYWORD_MATCH
https://www.card-gorilla.com/card/detail/2961,1213,수수료우대,해외 이용수수료 면제서비스(외화 하나머니 결제 시),기타,기타,KEPT_AS_GITA_NO_KEYWORD_MATCH
https://www.card-gorilla.com/card/detail/2963,1215,바우처,Gift Option (연 1회/택 1),기타,기타,KEPT_AS_GITA_NO_KEYWORD_MATCH
https://www.card-gorilla.com/card/detail/2964,1216,기타,[특별 서비스] 전월실적 채워드림,기타,기타,KEPT_AS_GITA_NO_KEYWORD_MATCH
https://www.card-gorilla.com/card/detail/2967,1217,프리미엄 서비스,메탈 플레이트 제공,기타,기타,KEPT_AS_GITA_NO_KEYWORD_MATCH
https://www.card-gorilla.com/card/detail/2968,1218,프리미엄 서비스,메탈 플레이트 제공,기타,기타,KEPT_AS_GITA_NO_KEYWORD_MATCH
https://www.card-gorilla.com/card/detail/2969,1219,프리미엄 서비스,메탈 플레이트 제공,기타,기타,KEPT_AS_GITA_NO_KEYWORD_MATCH
https://www.card-gorilla.com/card/detail/2970,1220,기타,[위시리스트] Happy Birth Month,기타,기타,KEPT_AS_GITA_NO_KEYWORD_MATCH
https://www.card-gorilla.com/card/detail/2970,1220,기타,[위시리스트] 전월실적 채워드림,기타,기타,KEPT_AS_GITA_NO_KEYWORD_MATCH
https://www.card-gorilla.com/card/detail/2972,1222,하이브리드,하이브리드 서비스,기타,기타,KEPT_AS_GITA_NO_KEYWORD_MATCH
https://www.card-gorilla.com/card/detail/2973,1223,하이브리드,하이브리드 서비스,기타,기타,KEPT_AS_GITA_NO_KEYWORD_MATCH
https://www.card-gorilla.com/card/detail/2974,1224,하이브리드,하이브리드 서비스,기타,기타,KEPT_AS_GITA_NO_KEYWORD_MATCH
https://www.card-gorilla.com/card/detail/2977,1226,해외이용,해외 이용금액 현지통화 결제 서비스,기타,기타,KEPT_AS_GITA_NO_KEYWORD_MATCH
https://www.card-gorilla.com/card/detail/2977,1226,해외이용,"국제 브랜드 수수료 / 해외 서비스 수수료 면제
해외 ATM 이용 인출 수수료 및 국제 브랜드 수수료 면제",기타,기타,KEPT_AS_GITA_NO_KEYWORD_MATCH
https://www.card-gorilla.com/card/detail/2979,1228,할인,Green Challenge 서비스 (전월실적 30만원 이상),기타,기타,KEPT_AS_GITA_NO_KEYWORD_MATCH
https://www.card-gorilla.com/card/detail/2979,1228,할인,ECO Life 서비스 (전월실적 30만원 이상),기타,기타,KEPT_AS_GITA_NO_KEYWORD_MATCH
https://www.card-gorilla.com/card/detail/2979,1228,할인,Healthy Plan 서비스 (전월실적 30만원 이상),기타,기타,KEPT_AS_GITA_NO_KEYWORD_MATCH
https://www.card-gorilla.com/card/detail/2979,1228,할인,Daily Vibe 서비스 (전월실적 30만원 이상),기타,기타,KEPT_AS_GITA_NO_KEYWORD_MATCH
https://www.card-gorilla.com/card/detail/2980,1229,수수료우대,해외수수료 면제 서비스,기타,기타,KEPT_AS_GITA_NO_KEYWORD_MATCH
https://www.card-gorilla.com/card/detail/2980,1229,프리미엄 서비스,Mastercard Platinum 서비스,기타,기타,KEPT_AS_GITA_NO_KEYWORD_MATCH
https://www.card-gorilla.com/card/detail/2985,1234,프리미엄 서비스,메탈 플레이트 제공,기타,기타,KEPT_AS_GITA_NO_KEYWORD_MATCH
https://www.card-gorilla.com/card/detail/2989,1238,프리미엄 서비스,메탈 플레이트 제공,기타,기타,KEPT_AS_GITA_NO_KEYWORD_MATCH
https://www.card-gorilla.com/card/detail/2990,1239,프리미엄 서비스,메탈 플레이트 제공,기타,기타,KEPT_AS_GITA_NO_KEYWORD_MATCH
https://www.card-gorilla.com/card/detail/2991,1240,프리미엄 서비스,메탈 플레이트 제공,기타,기타,KEPT_AS_GITA_NO_KEYWORD_MATCH
https://www.card-gorilla.com/card/detail/2997,1244,해외이용,트래블로그 스위치 서비스,기타,기타,KEPT_AS_GITA_NO_KEYWORD_MATCH
https://www.card-gorilla.com/card/detail/2997,1244,우대서비스,하나금융그룹 우대서비스,기타,기타,KEPT_AS_GITA_NO_KEYWORD_MATCH
https://www.card-gorilla.com/card/detail/2998,1245,해외이용,트래블로그 스위치 서비스,기타,기타,KEPT_AS_GITA_NO_KEYWORD_MATCH
https://www.card-gorilla.com/card/detail/2998,1245,우대서비스,하나금융그룹 우대서비스,기타,기타,KEPT_AS_GITA_NO_KEYWORD_MATCH
