source_id,card_name,issuer_name_raw,source_url
96,씨티 리워드,씨티카드,https://www.card-gorilla.com/card/detail/96
100,씨티 NEW 캐시백,씨티카드,https://www.card-gorilla.com/card/detail/100
101,NEW 씨티 클리어,씨티카드,https://www.card-gorilla.com/card/detail/101
102,씨티 NEW 프리미어마일 대한항공,씨티카드,https://www.card-gorilla.com/card/detail/102
103,씨티 NEW 프리미어마일 아시아나,씨티카드,https://www.card-gorilla.com/card/detail/103
158,스카이패스카드,스카이패스카드,https://www.card-gorilla.com/card/detail/158
161,NC다이노스카드,NC다이노스카드,https://www.card-gorilla.com/card/detail/161
172,NH올원카드,NH올원카드,https://www.card-gorilla.com/card/detail/172
173,NH올원+(플러스)카드,NH농협카드,https://www.card-gorilla.com/card/detail/173
177,NH올원 All100(올백)카드,NH농협카드,https://www.card-gorilla.com/card/detail/177
179,NH올원 Shopping&11번가카드(R2타입),번가카드,https://www.card-gorilla.com/card/detail/179
180,위카드,위카드,https://www.card-gorilla.com/card/detail/180
181,NH올원 파이카드,파이카드,https://www.card-gorilla.com/card/detail/181
182,SolSol++(쏠쏠투플러스)카드,NH농협카드,https://www.card-gorilla.com/card/detail/182
183,SolSol(쏠쏠)카드,NH농협카드,https://www.card-gorilla.com/card/detail/183
184,NH20해봄카드,해봄카드,https://www.card-gorilla.com/card/detail/184
188,올바른OIL카드,올바른OIL카드,https://www.card-gorilla.com/card/detail/188
189,올바른TRAVEL카드(일본특화),올바른TRAVEL카드,https://www.card-gorilla.com/card/detail/189
190,올바른TRAVEL카드(중국특화),올바른TRAVEL카드,https://www.card-gorilla.com/card/detail/190
258,Oil & Life카드(Oil카드),Life카드,https://www.card-gorilla.com/card/detail/258
259,Oil & Life카드(Life카드),Life카드,https://www.card-gorilla.com/card/detail/259
260,국민행복카드(신용),국민행복카드,https://www.card-gorilla.com/card/detail/260
263,참! 좋은 kt wiz 카드(신용),UNKNOWN,https://www.card-gorilla.com/card/detail/263
264,olleh Super DC IBK카드,IBK카드,https://www.card-gorilla.com/card/detail/264
266,일상의 기쁨카드(신용),기쁨카드,https://www.card-gorilla.com/card/detail/266
267,마일앤조이카드(대한항공),마일앤조이카드,https://www.card-gorilla.com/card/detail/267
268,마일앤조이카드(아시아나),마일앤조이카드,https://www.card-gorilla.com/card/detail/268
269,IBK-Hybrid(하이브리드)카드,UNKNOWN,https://www.card-gorilla.com/card/detail/269
271,일년의 설렘카드,설렘카드,https://www.card-gorilla.com/card/detail/271
273,참! 좋은 다이소카드(신용),다이소카드,https://www.card-gorilla.com/card/detail/273
274,쇼핑앤조이 카드,할인카드,https://www.card-gorilla.com/card/detail/274
275,제주항공 Refresh Point 카드,UNKNOWN,https://www.card-gorilla.com/card/detail/275
276,플러스마일카드,플러스마일카드,https://www.card-gorilla.com/card/detail/276
277,시그마카드,시그마카드,https://www.card-gorilla.com/card/detail/277
360,올바른POINT체크카드,올바른POINT체크카드,https://www.card-gorilla.com/card/detail/360
361,콕체크카드,콕체크카드,https://www.card-gorilla.com/card/detail/361
362,NH20해봄체크카드,해봄체크카드,https://www.card-gorilla.com/card/detail/362
365,DC줌체크카드(비씨),DC줌체크카드,https://www.card-gorilla.com/card/detail/365
367,내일배움체크카드,내일배움체크카드,https://www.card-gorilla.com/card/detail/367
368,NH올원체크카드,NH올원체크카드,https://www.card-gorilla.com/card/detail/368
370,BAZIC(베이직)체크카드,체크카드,https://www.card-gorilla.com/card/detail/370
375,올바른GLOBAL체크카드,올바른GLOBAL체크카드,https://www.card-gorilla.com/card/detail/375
405,에이스플러스체크카드(미키90주년),에이스플러스체크카드,https://www.card-gorilla.com/card/detail/405
435,카카오뱅크 프렌즈 체크카드,체크카드,https://www.card-gorilla.com/card/detail/435
436,케이뱅크 X KT멤버십더블혜택 체크카드,체크카드,https://www.card-gorilla.com/card/detail/436
437,케이뱅크X네이버페이 체크카드2,체크카드,https://www.card-gorilla.com/card/detail/437
438,케이뱅크 체크카드 포인트적립형,체크카드,https://www.card-gorilla.com/card/detail/438
441,일상의 기쁨카드(체크),기쁨카드,https://www.card-gorilla.com/card/detail/441
442,IBK 국민행복 체크카드,체크카드,https://www.card-gorilla.com/card/detail/442
446,IBK 나라사랑카드,나라사랑카드,https://www.card-gorilla.com/card/detail/446
463,신세계 씨티 클리어 카드,씨티카드,https://www.card-gorilla.com/card/detail/463
475,ONE AIR(UniMile),UNKNOWN,https://www.card-gorilla.com/card/detail/475
483,뉴타임카드,뉴타임카드,https://www.card-gorilla.com/card/detail/483
497,NEW농촌사랑체크카드,NEW농촌사랑체크카드,https://www.card-gorilla.com/card/detail/497
499,체크카드,체크카드,https://www.card-gorilla.com/card/detail/499
503,씨티 메가마일 스카이패스,씨티카드,https://www.card-gorilla.com/card/detail/503
504,씨티 메가마일 아시아나,씨티카드,https://www.card-gorilla.com/card/detail/504
505,적립조아카드,적립조아카드,https://www.card-gorilla.com/card/detail/505
506,할인조아카드,할인조아카드,https://www.card-gorilla.com/card/detail/506
512,올바른 POINT UP 카드,NH농협카드,https://www.card-gorilla.com/card/detail/512
513,올바른 POINT UP+ 카드,NH농협카드,https://www.card-gorilla.com/card/detail/513
514,올바른 BAZIC 카드,NH농협카드,https://www.card-gorilla.com/card/detail/514
526,NH농협 올바른LIFE카드(할인형),올바른LIFE카드,https://www.card-gorilla.com/card/detail/526
527,NH농협 올바른LIFE카드(적립형),올바른LIFE카드,https://www.card-gorilla.com/card/detail/527
528,라이언 치즈 체크카드,체크카드,https://www.card-gorilla.com/card/detail/528
530,LCC UniMile카드,UniMile카드,https://www.card-gorilla.com/card/detail/530
531,NH농협 올바른 하나로(Hanaro) 카드,NH농협카드,https://www.card-gorilla.com/card/detail/531
532,NH농협 올바른 하나로(Hanaro) 체크카드,체크카드,https://www.card-gorilla.com/card/detail/532
550,에이스플러스체크카드 (벨리미키),에이스플러스체크카드,https://www.card-gorilla.com/card/detail/550
560,위 레아카드(아시아나클럽),레아카드,https://www.card-gorilla.com/card/detail/560
562,올바른 GIVE 카드,NH농협카드,https://www.card-gorilla.com/card/detail/562
563,위 레아카드(스카이패스),레아카드,https://www.card-gorilla.com/card/detail/563
564,위 레아카드(포인트),레아카드,https://www.card-gorilla.com/card/detail/564
565,위 테라카드(스카이패스),테라카드,https://www.card-gorilla.com/card/detail/565
566,위 테라카드(아시아나클럽),테라카드,https://www.card-gorilla.com/card/detail/566
567,위 테라카드(포인트),테라카드,https://www.card-gorilla.com/card/detail/567
571,어디서나 체크카드,체크카드,https://www.card-gorilla.com/card/detail/571
572,포미 하이브리드 체크카드,체크카드,https://www.card-gorilla.com/card/detail/572
573,다드림 체크카드,체크카드,https://www.card-gorilla.com/card/detail/573
574,드림플러스 아시아나 체크카드,체크카드,https://www.card-gorilla.com/card/detail/574
575,라이프+플러스 체크카드,체크카드,https://www.card-gorilla.com/card/detail/575
576,young利한(영리한) 체크카드,체크카드,https://www.card-gorilla.com/card/detail/576
585,행복한 체크카드,체크카드,https://www.card-gorilla.com/card/detail/585
586,어피치 스윗 체크카드,체크카드,https://www.card-gorilla.com/card/detail/586
593,카카오뱅크 씨티카드,씨티카드,https://www.card-gorilla.com/card/detail/593
604,씨티 프리미어마일 대한항공,씨티카드,https://www.card-gorilla.com/card/detail/604
605,씨티 프리미어마일 아시아나,씨티카드,https://www.card-gorilla.com/card/detail/605
612,펫블리(PETvely) 카드,NH농협카드,https://www.card-gorilla.com/card/detail/612
629,[IBK] 그린카드v2,그린카드,https://www.card-gorilla.com/card/detail/629
631,[NH농협] 그린카드v2,그린카드,https://www.card-gorilla.com/card/detail/631
632,[DGB대구] 그린카드v2,그린카드,https://www.card-gorilla.com/card/detail/632
633,[BNK부산] 그린카드v2,그린카드,https://www.card-gorilla.com/card/detail/633
635,올바른 NEW HAVE카드,HAVE카드,https://www.card-gorilla.com/card/detail/635
636,올바른 NEW HAVE+카드,NH농협카드,https://www.card-gorilla.com/card/detail/636
654,올바른 MYPICK 카드,NH농협카드,https://www.card-gorilla.com/card/detail/654
655,Daily With(데일리위드)카드,UNKNOWN,https://www.card-gorilla.com/card/detail/655
666,올바른 FLEX 카드,NH농협카드,https://www.card-gorilla.com/card/detail/666
668,go 캐시백 글로벌 체크카드,체크카드,https://www.card-gorilla.com/card/detail/668
669,케이뱅크 플러스 체크카드,체크카드,https://www.card-gorilla.com/card/detail/669
671,BLISS.7 카드(마일리지),PP카드,https://www.card-gorilla.com/card/detail/671
672,BLISS.7 카드(포인트),PP카드,https://www.card-gorilla.com/card/detail/672
674,IBK무민카드(체크),IBK무민카드,https://www.card-gorilla.com/card/detail/674
675,Air Money(에어머니)체크,NH농협카드,https://www.card-gorilla.com/card/detail/675
676,올리 POINT 체크,NH농협카드,https://www.card-gorilla.com/card/detail/676
686,카카오뱅크 mini카드,mini카드,https://www.card-gorilla.com/card/detail/686
723,IBK무민카드(신용),IBK무민카드,https://www.card-gorilla.com/card/detail/723
748,이지캐시백,체크카드,https://www.card-gorilla.com/card/detail/748
767,go 캐시백 글로벌 하이브리드,UNKNOWN,https://www.card-gorilla.com/card/detail/767
772,BLISS.5 카드(마일리지),UNKNOWN,https://www.card-gorilla.com/card/detail/772
773,BLISS.5 카드(포인트),UNKNOWN,https://www.card-gorilla.com/card/detail/773
781,IBK hi 카드,UNKNOWN,https://www.card-gorilla.com/card/detail/781
794,참! 좋은 kt wiz 카드[체크],UNKNOWN,https://www.card-gorilla.com/card/detail/794
807,일상의 기쁨 Dream 체크카드,체크카드,https://www.card-gorilla.com/card/detail/807
810,현대백화점 체크카드,체크카드,https://www.card-gorilla.com/card/detail/810
812,국민행복카드 체크카드,국민행복카드,https://www.card-gorilla.com/card/detail/812
814,해피포인트 DGB체크카드,DGB체크카드,https://www.card-gorilla.com/card/detail/814
819,카카오페이 체크카드,체크카드,https://www.card-gorilla.com/card/detail/819
823,NEW현대백화점체크카드,NEW현대백화점체크카드,https://www.card-gorilla.com/card/detail/823
834,국민행복카드 신용카드,국민행복카드,https://www.card-gorilla.com/card/detail/834
838,올레 Super DC 대구은행카드,대구은행카드,https://www.card-gorilla.com/card/detail/838
864,일년의 설렘카드(모바일전용),설렘카드,https://www.card-gorilla.com/card/detail/864
879,자연드림 IBK카드,IBK카드,https://www.card-gorilla.com/card/detail/879
920,skylife Ultra IBK카드,IBK카드,https://www.card-gorilla.com/card/detail/920
931,용인시민카드(신용),용인시민카드,https://www.card-gorilla.com/card/detail/931
948,여행스케치 아시아나클럽 플래티늄카드,플래티늄카드,https://www.card-gorilla.com/card/detail/948
950,1st카드 (포인트 적립형),st카드,https://www.card-gorilla.com/card/detail/950
984,부자되세요 The Oil카드,Oil카드,https://www.card-gorilla.com/card/detail/984
1039,카카오페이 체크카드,체크카드,https://www.card-gorilla.com/card/detail/1039
1061,Real? Real! 2 카드,UNKNOWN,https://www.card-gorilla.com/card/detail/1061
1170,이사배 카드,기쁨카드,https://www.card-gorilla.com/card/detail/1170
1209,BNK 프렌즈 신용카드,신용카드,https://www.card-gorilla.com/card/detail/1209
1236,BNK카드,BNK카드,https://www.card-gorilla.com/card/detail/1236
1324,국민행복체크카드,국민행복체크카드,https://www.card-gorilla.com/card/detail/1324
1392,메가쇼핑체크카드,메가쇼핑체크카드,https://www.card-gorilla.com/card/detail/1392
1463,신협 어부바 체크카드,체크카드,https://www.card-gorilla.com/card/detail/1463
1487,IBK 무직타이거 카드(신용),UNKNOWN,https://www.card-gorilla.com/card/detail/1487
1490,IBK 무직타이거 카드(체크),UNKNOWN,https://www.card-gorilla.com/card/detail/1490
1765,올바른 NEW HAVE체크카드,HAVE체크카드,https://www.card-gorilla.com/card/detail/1765
1900,Win.K 체크카드,체크카드,https://www.card-gorilla.com/card/detail/1900
1903,부자되세요 더마일리지 체크카드,체크카드,https://www.card-gorilla.com/card/detail/1903
1907,우체국 우리동네plus 체크카드,체크카드,https://www.card-gorilla.com/card/detail/1907
1912,유안타 Stock+ 체크카드,체크카드,https://www.card-gorilla.com/card/detail/1912
1960,모두모아 체크카드,체크카드,https://www.card-gorilla.com/card/detail/1960
1961,S1카드,UNKNOWN,https://www.card-gorilla.com/card/detail/1961
1963,Real Zero 체크카드,체크카드,https://www.card-gorilla.com/card/detail/1963
1964,KDB Choice 하이브리드 카드,UNKNOWN,https://www.card-gorilla.com/card/detail/1964
1979,SB 팝 플러스 체크카드,체크카드,https://www.card-gorilla.com/card/detail/1979
1985,내가그린카드,내가그린카드,https://www.card-gorilla.com/card/detail/1985
1988,함께그린카드,함께그린카드,https://www.card-gorilla.com/card/detail/1988
2001,꿀카드,꿀카드,https://www.card-gorilla.com/card/detail/2001
2012,NH올원 NH투자증권체크카드,NH투자증권체크카드,https://www.card-gorilla.com/card/detail/2012
2014,NH올원 NH투자증권카드,NH투자증권카드,https://www.card-gorilla.com/card/detail/2014
2027,IBK-Syrup카드[체크],Syrup카드,https://www.card-gorilla.com/card/detail/2027
2036,NH올원 Shopping&AMOREPACIFIC카드,AMOREPACIFIC카드,https://www.card-gorilla.com/card/detail/2036
2058,참! 좋은 다이소카드(체크),다이소카드,https://www.card-gorilla.com/card/detail/2058
2073,청춘날다 체크카드,체크카드,https://www.card-gorilla.com/card/detail/2073
2074,ON˟WE BARE BEARS 체크카드,체크카드,https://www.card-gorilla.com/card/detail/2074
2075,WITH 체크카드,체크카드,https://www.card-gorilla.com/card/detail/2075
2077,ON 체크카드,체크카드,https://www.card-gorilla.com/card/detail/2077
2081,MINT 체크카드,체크카드,https://www.card-gorilla.com/card/detail/2081
2085,MG Point 체크카드,체크카드,https://www.card-gorilla.com/card/detail/2085
2086,MG Point2 체크카드,체크카드,https://www.card-gorilla.com/card/detail/2086
2092,다원 체크카드,체크카드,https://www.card-gorilla.com/card/detail/2092
2095,CREAM 체크카드,체크카드,https://www.card-gorilla.com/card/detail/2095
2096,CREAM Hybrid 체크카드,체크카드,https://www.card-gorilla.com/card/detail/2096
2099,에코마일리지카드(비씨),에코마일리지카드,https://www.card-gorilla.com/card/detail/2099
2118,아시아나 마일리지카드,마일리지카드,https://www.card-gorilla.com/card/detail/2118
2127,JEJUJINI Air Money카드,Money카드,https://www.card-gorilla.com/card/detail/2127
2128,ON PLATINUM카드(스카이패스),PLATINUM카드,https://www.card-gorilla.com/card/detail/2128
2130,ON PLATINUM카드(아시아나클럽),PLATINUM카드,https://www.card-gorilla.com/card/detail/2130
2131,ON PLATINUM카드(포인트),PLATINUM카드,https://www.card-gorilla.com/card/detail/2131
2148,KCTV알뜰카드,KCTV알뜰카드,https://www.card-gorilla.com/card/detail/2148
2165,제주삼다수 체크카드,체크카드,https://www.card-gorilla.com/card/detail/2165
2170,부자되세요 더마일리지카드,더마일리지카드,https://www.card-gorilla.com/card/detail/2170
2173,국민행복체크카드,국민행복체크카드,https://www.card-gorilla.com/card/detail/2173
2174,제주그린체크카드,제주그린체크카드,https://www.card-gorilla.com/card/detail/2174
2177,1st Link On 카드,UNKNOWN,https://www.card-gorilla.com/card/detail/2177
2180,1st TRIPLE Platinum 카드,UNKNOWN,https://www.card-gorilla.com/card/detail/2180
2181,1st 플래티늄 카드,UNKNOWN,https://www.card-gorilla.com/card/detail/2181
2183,1st 플래티늄+ 카드,UNKNOWN,https://www.card-gorilla.com/card/detail/2183
2184,둘과넷 카드,UNKNOWN,https://www.card-gorilla.com/card/detail/2184
2185,NEW AUTO+,UNKNOWN,https://www.card-gorilla.com/card/detail/2185
2193,유안타 CMA+ 체크카드,체크카드,https://www.card-gorilla.com/card/detail/2193
2210,블랙핑크 카드,바로카드,https://www.card-gorilla.com/card/detail/2210
2211,케이뱅크 SIMPLE 카드,UNKNOWN,https://www.card-gorilla.com/card/detail/2211
2212,챔피언 체크카드,체크카드,https://www.card-gorilla.com/card/detail/2212
2213,쏙쏙 체크카드,체크카드,https://www.card-gorilla.com/card/detail/2213
2216,미래에셋증권 체크카드(할인 2),체크카드,https://www.card-gorilla.com/card/detail/2216
2217,미래에셋증권 체크카드 (캐시백 2),체크카드,https://www.card-gorilla.com/card/detail/2217
2222,한국투자 the More 체크카드,체크카드,https://www.card-gorilla.com/card/detail/2222
2223,able 아이맥스카드,아이맥스카드,https://www.card-gorilla.com/card/detail/2223
2227,영리한 PLUS 체크카드,체크카드,https://www.card-gorilla.com/card/detail/2227
2252,NH1961카드,NH농협카드,https://www.card-gorilla.com/card/detail/2252
2253,SOHO 다사로이카드,다사로이카드,https://www.card-gorilla.com/card/detail/2253
2254,SOHO 다사로이+카드,NH농협카드,https://www.card-gorilla.com/card/detail/2254
2269,토스뱅크 체크카드,체크카드,https://www.card-gorilla.com/card/detail/2269
2271,밸런스 카드,바로카드,https://www.card-gorilla.com/card/detail/2271
2284,EV카드,EV카드,https://www.card-gorilla.com/card/detail/2284
2303,카카오페이카드3,카카오페이카드,https://www.card-gorilla.com/card/detail/2303
2305,별다줄카드,별다줄카드,https://www.card-gorilla.com/card/detail/2305
2310,PAYCO 포인트 카드,교통카드,https://www.card-gorilla.com/card/detail/2310
2313,나마네카드,나마네카드,https://www.card-gorilla.com/card/detail/2313
2314,토스유스카드(USS),토스유스카드,https://www.card-gorilla.com/card/detail/2314
2319,다날-유니온페이 모바일카드,모바일카드,https://www.card-gorilla.com/card/detail/2319
2320,트래블페이 충전카드,충전카드,https://www.card-gorilla.com/card/detail/2320
2321,모빌카드,모빌카드,https://www.card-gorilla.com/card/detail/2321
2336,올바른지구 카드,NH농협카드,https://www.card-gorilla.com/card/detail/2336
2339,CEO카드,CEO카드,https://www.card-gorilla.com/card/detail/2339
2344,현대백화점카드,현대백화점카드,https://www.card-gorilla.com/card/detail/2344
2345,현대백화점 Fit카드,Fit카드,https://www.card-gorilla.com/card/detail/2345
2346,BC 바로 클리어 플러스,바로카드,https://www.card-gorilla.com/card/detail/2346
2347,BC 바로 리워드 플러스,바로카드,https://www.card-gorilla.com/card/detail/2347
2348,BC 바로 페이백 플러스,바로카드,https://www.card-gorilla.com/card/detail/2348
2350,부자되세요 덤카드,덤카드,https://www.card-gorilla.com/card/detail/2350
2351,부자되세요 홈쇼핑카드,홈쇼핑카드,https://www.card-gorilla.com/card/detail/2351
2362,페이북 머니 체크카드,체크카드,https://www.card-gorilla.com/card/detail/2362
2366,SOHO 다사로이OIL카드,다사로이OIL카드,https://www.card-gorilla.com/card/detail/2366
2367,현대백화점 해피포인트카드,해피포인트카드,https://www.card-gorilla.com/card/detail/2367
2368,현대백화점 현대오일뱅크카드,현대오일뱅크카드,https://www.card-gorilla.com/card/detail/2368
2380,신세계 BC 바로 콰트로 플러스,바로카드,https://www.card-gorilla.com/card/detail/2380
2381,신세계 BC 바로 아시아나 플러스,바로카드,https://www.card-gorilla.com/card/detail/2381
2382,신세계 BC 바로 리워드 플러스,바로카드,https://www.card-gorilla.com/card/detail/2382
2383,신세계 BC 바로 SEVEN FLEX,바로카드,https://www.card-gorilla.com/card/detail/2383
2384,신세계 BC 바로 클리어 플러스,바로카드,https://www.card-gorilla.com/card/detail/2384
2408,올바른HOMETOWN카드,올바른HOMETOWN카드,https://www.card-gorilla.com/card/detail/2408
2425,MY 체크카드,체크카드,https://www.card-gorilla.com/card/detail/2425
2427,zgm.the pay카드,pay카드,https://www.card-gorilla.com/card/detail/2427
2428,zgm.streaming카드,streaming카드,https://www.card-gorilla.com/card/detail/2428
2438,IBK DC히어로즈 카드(체크),나라사랑체크카드,https://www.card-gorilla.com/card/detail/2438
2439,케이뱅크 Hi teen 카드,체크카드,https://www.card-gorilla.com/card/detail/2439
2454,트리플카드,트리플카드,https://www.card-gorilla.com/card/detail/2454
2456,토스뱅크 모임카드,모임카드,https://www.card-gorilla.com/card/detail/2456
2458,BC 바로 에어 플러스 스카이패스,바로카드,https://www.card-gorilla.com/card/detail/2458
2462,신세계 푸빌라 BC바로카드,BC바로카드,https://www.card-gorilla.com/card/detail/2462
2464,zgm.휴가중카드,휴가중카드,https://www.card-gorilla.com/card/detail/2464
2480,,UNKNOWN,https://www.card-gorilla.com/card/detail/2480
2482,I-ALL,UNKNOWN,https://www.card-gorilla.com/card/detail/2482
2485,kt SUPER 카드,바로카드,https://www.card-gorilla.com/card/detail/2485
2490,나무 NH농협카드,NH농협카드,https://www.card-gorilla.com/card/detail/2490
2493,zgm.rounding카드,rounding카드,https://www.card-gorilla.com/card/detail/2493
2501,부자되세요 The Oil 카드,바로카드,https://www.card-gorilla.com/card/detail/2501
2502,UPTURN카드,UPTURN카드,https://www.card-gorilla.com/card/detail/2502
2503,키자니아 에듀카드,에듀카드,https://www.card-gorilla.com/card/detail/2503
2504,팟(pod) 카드,UNKNOWN,https://www.card-gorilla.com/card/detail/2504
2505,오늘은e 신용카드,신용카드,https://www.card-gorilla.com/card/detail/2505
2506,오늘은e 체크카드,체크카드,https://www.card-gorilla.com/card/detail/2506
2507,2030 언택트 체크카드,체크카드,https://www.card-gorilla.com/card/detail/2507
2508,올유닛 체크카드,체크카드,https://www.card-gorilla.com/card/detail/2508
2509,에어머니 체크카드,체크카드,https://www.card-gorilla.com/card/detail/2509
2510,미타임 체크카드,체크카드,https://www.card-gorilla.com/card/detail/2510
2513,zgm.고향으로카드,고향으로카드,https://www.card-gorilla.com/card/detail/2513
2518,컬리카드,컬리카드,https://www.card-gorilla.com/card/detail/2518
2535,K-22(Point),PP카드,https://www.card-gorilla.com/card/detail/2535
2536,K-22(Mileage),PP카드,https://www.card-gorilla.com/card/detail/2536
2544,zgm.play카드,play카드,https://www.card-gorilla.com/card/detail/2544
2545,zgm.play++카드,NH농협카드,https://www.card-gorilla.com/card/detail/2545
2557,K-패스 카드,바로카드,https://www.card-gorilla.com/card/detail/2557
2559,K-패스 (신용),UNKNOWN,https://www.card-gorilla.com/card/detail/2559
2560,K-패스카드(신용),패스카드,https://www.card-gorilla.com/card/detail/2560
2561,K-패스카드(체크),패스카드,https://www.card-gorilla.com/card/detail/2561
2562,K-패스(체크),신용카드,https://www.card-gorilla.com/card/detail/2562
2564,[광주] K-그린카드v2,그린카드,https://www.card-gorilla.com/card/detail/2564
2582,트래블제로카드,트래블제로카드,https://www.card-gorilla.com/card/detail/2582
2591,BC 바로 On&Off 카드,바로카드,https://www.card-gorilla.com/card/detail/2591
2593,zgm.일본여행중 카드,NH농협카드,https://www.card-gorilla.com/card/detail/2593
2601,더나은 체크카드,체크카드,https://www.card-gorilla.com/card/detail/2601
2607,kt DC PLUS,바로카드,https://www.card-gorilla.com/card/detail/2607
2610,I-어디로든 그린카드,그린카드,https://www.card-gorilla.com/card/detail/2610
2615,IBK KaPick,UNKNOWN,https://www.card-gorilla.com/card/detail/2615
2616,어디로든 그린카드,그린카드,https://www.card-gorilla.com/card/detail/2616
2617,어디로든 그린카드,그린카드,https://www.card-gorilla.com/card/detail/2617
2620,NH 무럭이 체크카드,체크카드,https://www.card-gorilla.com/card/detail/2620
2621,어디로든 그린체크카드,그린체크카드,https://www.card-gorilla.com/card/detail/2621
2622,어디로든 그린카드,그린카드,https://www.card-gorilla.com/card/detail/2622
2626,네이버페이 머니카드,머니카드,https://www.card-gorilla.com/card/detail/2626
2628,브라보(Bravo) 체크카드,체크카드,https://www.card-gorilla.com/card/detail/2628
2644,GOAT BC 바로카드,바로카드,https://www.card-gorilla.com/card/detail/2644
2648,zgm shopping카드,shopping카드,https://www.card-gorilla.com/card/detail/2648
2649,zgm living카드,living카드,https://www.card-gorilla.com/card/detail/2649
2650,머니트리카드,머니트리카드,https://www.card-gorilla.com/card/detail/2650
2672,樂SEA(락시),UNKNOWN,https://www.card-gorilla.com/card/detail/2672
2674,I-Mileage (대한항공),UNKNOWN,https://www.card-gorilla.com/card/detail/2674
2675,I-Mileage (아시아나),UNKNOWN,https://www.card-gorilla.com/card/detail/2675
2698,zgm point카드,point카드,https://www.card-gorilla.com/card/detail/2698
2706,zgm 할인카드,할인카드,https://www.card-gorilla.com/card/detail/2706
2724,BC 바로 KaPick,바로카드,https://www.card-gorilla.com/card/detail/2724
2727,NH트래블리체크카드,NH트래블리체크카드,https://www.card-gorilla.com/card/detail/2727
2728,BC 바로 MACAO 카드,바로카드,https://www.card-gorilla.com/card/detail/2728
2745,더담은 체크카드,체크카드,https://www.card-gorilla.com/card/detail/2745
2749,ONE 체크카드,체크카드,https://www.card-gorilla.com/card/detail/2749
2758,춘식이달달체크카드,춘식이달달체크카드,https://www.card-gorilla.com/card/detail/2758
2772,기후동행카드(신용),기후동행카드,https://www.card-gorilla.com/card/detail/2772
2773,기후동행카드(체크),기후동행카드,https://www.card-gorilla.com/card/detail/2773
2774,BC 바로 기후동행카드,기후동행카드,https://www.card-gorilla.com/card/detail/2774
2778,IBK포인트3.8(신용),UNKNOWN,https://www.card-gorilla.com/card/detail/2778
2783,IBK포인트(체크),체크카드,https://www.card-gorilla.com/card/detail/2783
2808,딩딩 체크카드,체크카드,https://www.card-gorilla.com/card/detail/2808
2812,zgm.고향으로 체크,NH농협카드,https://www.card-gorilla.com/card/detail/2812
2813,NH1961체크카드,체크카드,https://www.card-gorilla.com/card/detail/2813
2816,1ST A-CHECK카드,CHECK카드,https://www.card-gorilla.com/card/detail/2816
2818,iM K-패스 카드,체크카드,https://www.card-gorilla.com/card/detail/2818
2838,기아 챔피언스카드,챔피언스카드,https://www.card-gorilla.com/card/detail/2838
2839,Together 체크카드,체크카드,https://www.card-gorilla.com/card/detail/2839
2846,클래시 트래블카드,트래블카드,https://www.card-gorilla.com/card/detail/2846
2849,케이뱅크 ALPHA카드,ALPHA카드,https://www.card-gorilla.com/card/detail/2849
2850,I-기후동행카드(신용),기후동행카드,https://www.card-gorilla.com/card/detail/2850
2854,미미(美米)카드,NH농협카드,https://www.card-gorilla.com/card/detail/2854
2860,라이프핏 체크카드,체크카드,https://www.card-gorilla.com/card/detail/2860
2866,I-Travel(체크),UNKNOWN,https://www.card-gorilla.com/card/detail/2866
2871,우체국 LUCK-KEY 체크카드,체크카드,https://www.card-gorilla.com/card/detail/2871
2874,쿵야싱싱체크카드,쿵야싱싱체크카드,https://www.card-gorilla.com/card/detail/2874
2895,iM 트래블 카드,UNKNOWN,https://www.card-gorilla.com/card/detail/2895
2900,오키카드 H,오키카드,https://www.card-gorilla.com/card/detail/2900
2901,오키카드 S,오키카드,https://www.card-gorilla.com/card/detail/2901
2911,해피메이트 IBK카드(신용),IBK카드,https://www.card-gorilla.com/card/detail/2911
2917,IBK BUDDY CHECK,기쁨카드,https://www.card-gorilla.com/card/detail/2917
2920,커넥트 하나로 체크카드,체크카드,https://www.card-gorilla.com/card/detail/2920
2925,수협 ALL드림,UNKNOWN,https://www.card-gorilla.com/card/detail/2925
2926,BC 바로 Air Master 카드,바로카드,https://www.card-gorilla.com/card/detail/2926
2927,BC 바로 Air Max 카드,바로카드,https://www.card-gorilla.com/card/detail/2927
2928,BC 바로 ZONE 카드,바로카드,https://www.card-gorilla.com/card/detail/2928
2932,The Aureum(더 아우름)카드,더아우름카드,https://www.card-gorilla.com/card/detail/2932
2941,IBK나라사랑카드,IBK나라사랑카드,https://www.card-gorilla.com/card/detail/2941
2958,BLISS Mileage,UNKNOWN,https://www.card-gorilla.com/card/detail/2958
2959,BLISS Point,UNKNOWN,https://www.card-gorilla.com/card/detail/2959
2976,우체국 MY-TYPE 체크카드,체크카드,https://www.card-gorilla.com/card/detail/2976
