condition_id,source_url,condition_order,min_amount,max_amount,period_type
1,https://www.card-gorilla.com/card/detail/1,1,0,,MONTHLY
5,https://www.card-gorilla.com/card/detail/10,1,300000,,MONTHLY
476,https://www.card-gorilla.com/card/detail/1002,1,400000,,MONTHLY
477,https://www.card-gorilla.com/card/detail/1003,1,0,,MONTHLY
478,https://www.card-gorilla.com/card/detail/1006,1,500000,,MONTHLY
1256,https://www.card-gorilla.com/card/detail/1006,2,300000,,MONTHLY
479,https://www.card-gorilla.com/card/detail/1007,1,300000,,MONTHLY
480,https://www.card-gorilla.com/card/detail/1010,1,500000,,MONTHLY
481,https://www.card-gorilla.com/card/detail/1018,1,300000,,MONTHLY
482,https://www.card-gorilla.com/card/detail/1019,1,0,,MONTHLY
483,https://www.card-gorilla.com/card/detail/1032,1,0,,MONTHLY
484,https://www.card-gorilla.com/card/detail/1035,1,200000,,MONTHLY
60,https://www.card-gorilla.com/card/detail/106,1,300000,,MONTHLY
1250,https://www.card-gorilla.com/card/detail/106,2,600000,,MONTHLY
1251,https://www.card-gorilla.com/card/detail/106,3,1200000,,MONTHLY
61,https://www.card-gorilla.com/card/detail/107,1,300000,,MONTHLY
485,https://www.card-gorilla.com/card/detail/1073,1,300000,,MONTHLY
62,https://www.card-gorilla.com/card/detail/108,1,0,,MONTHLY
63,https://www.card-gorilla.com/card/detail/109,1,300000,,MONTHLY
6,https://www.card-gorilla.com/card/detail/11,1,0,,MONTHLY
64,https://www.card-gorilla.com/card/detail/112,1,300000,,MONTHLY
65,https://www.card-gorilla.com/card/detail/113,1,0,,MONTHLY
66,https://www.card-gorilla.com/card/detail/114,1,0,,MONTHLY
67,https://www.card-gorilla.com/card/detail/115,1,300000,,MONTHLY
1252,https://www.card-gorilla.com/card/detail/115,2,600000,,MONTHLY
1253,https://www.card-gorilla.com/card/detail/115,3,1200000,,MONTHLY
486,https://www.card-gorilla.com/card/detail/1155,1,500000,,MONTHLY
68,https://www.card-gorilla.com/card/detail/116,1,300000,,MONTHLY
487,https://www.card-gorilla.com/card/detail/1165,1,400000,,MONTHLY
488,https://www.card-gorilla.com/card/detail/1169,1,0,,MONTHLY
489,https://www.card-gorilla.com/card/detail/1171,1,0,,MONTHLY
490,https://www.card-gorilla.com/card/detail/1172,1,300000,,MONTHLY
491,https://www.card-gorilla.com/card/detail/1174,1,0,,MONTHLY
492,https://www.card-gorilla.com/card/detail/1180,1,500000,,MONTHLY
493,https://www.card-gorilla.com/card/detail/1184,1,0,,MONTHLY
494,https://www.card-gorilla.com/card/detail/1186,1,200000,,MONTHLY
495,https://www.card-gorilla.com/card/detail/1188,1,300000,,MONTHLY
496,https://www.card-gorilla.com/card/detail/1198,1,500000,,MONTHLY
7,https://www.card-gorilla.com/card/detail/12,1,0,,MONTHLY
69,https://www.card-gorilla.com/card/detail/120,1,0,,MONTHLY
497,https://www.card-gorilla.com/card/detail/1202,1,200000,,MONTHLY
70,https://www.card-gorilla.com/card/detail/121,1,300000,,MONTHLY
498,https://www.card-gorilla.com/card/detail/1213,1,400000,,MONTHLY
499,https://www.card-gorilla.com/card/detail/1215,1,300000,,MONTHLY
71,https://www.card-gorilla.com/card/detail/122,1,200000,,MONTHLY
500,https://www.card-gorilla.com/card/detail/1225,1,500000,,MONTHLY
501,https://www.card-gorilla.com/card/detail/1229,1,300000,,MONTHLY
502,https://www.card-gorilla.com/card/detail/1233,1,300000,,MONTHLY
503,https://www.card-gorilla.com/card/detail/1243,1,300000,,MONTHLY
504,https://www.card-gorilla.com/card/detail/1246,1,0,,MONTHLY
505,https://www.card-gorilla.com/card/detail/1248,1,300000,,MONTHLY
72,https://www.card-gorilla.com/card/detail/125,1,500000,,MONTHLY
506,https://www.card-gorilla.com/card/detail/1253,1,300000,,MONTHLY
507,https://www.card-gorilla.com/card/detail/1256,1,300000,,MONTHLY
508,https://www.card-gorilla.com/card/detail/1258,1,250000,,MONTHLY
509,https://www.card-gorilla.com/card/detail/1259,1,300000,,MONTHLY
73,https://www.card-gorilla.com/card/detail/126,1,0,,MONTHLY
510,https://www.card-gorilla.com/card/detail/1260,1,300000,,MONTHLY
74,https://www.card-gorilla.com/card/detail/127,1,400000,,MONTHLY
511,https://www.card-gorilla.com/card/detail/1278,1,0,,MONTHLY
512,https://www.card-gorilla.com/card/detail/1285,1,200000,,MONTHLY
513,https://www.card-gorilla.com/card/detail/1286,1,0,,MONTHLY
514,https://www.card-gorilla.com/card/detail/1288,1,0,,MONTHLY
515,https://www.card-gorilla.com/card/detail/1289,1,400000,,MONTHLY
75,https://www.card-gorilla.com/card/detail/129,1,300000,,MONTHLY
516,https://www.card-gorilla.com/card/detail/1290,1,200000,,MONTHLY
517,https://www.card-gorilla.com/card/detail/1294,1,500000,,MONTHLY
518,https://www.card-gorilla.com/card/detail/1298,1,200000,,MONTHLY
519,https://www.card-gorilla.com/card/detail/1299,1,500000,,MONTHLY
8,https://www.card-gorilla.com/card/detail/13,1,300000,,MONTHLY
76,https://www.card-gorilla.com/card/detail/130,1,500000,,MONTHLY
520,https://www.card-gorilla.com/card/detail/1302,1,300000,,MONTHLY
521,https://www.card-gorilla.com/card/detail/1309,1,200000,,MONTHLY
77,https://www.card-gorilla.com/card/detail/131,1,500000,,MONTHLY
522,https://www.card-gorilla.com/card/detail/1311,1,0,,MONTHLY
523,https://www.card-gorilla.com/card/detail/1315,1,300000,,MONTHLY
78,https://www.card-gorilla.com/card/detail/132,1,400000,,MONTHLY
524,https://www.card-gorilla.com/card/detail/1323,1,100000,,MONTHLY
79,https://www.card-gorilla.com/card/detail/133,1,500000,,MONTHLY
525,https://www.card-gorilla.com/card/detail/1339,1,300000,,MONTHLY
80,https://www.card-gorilla.com/card/detail/134,1,400000,,MONTHLY
526,https://www.card-gorilla.com/card/detail/1340,1,0,,MONTHLY
81,https://www.card-gorilla.com/card/detail/136,1,0,,MONTHLY
527,https://www.card-gorilla.com/card/detail/1360,1,300000,,MONTHLY
528,https://www.card-gorilla.com/card/detail/1379,1,300000,,MONTHLY
82,https://www.card-gorilla.com/card/detail/138,1,0,,MONTHLY
529,https://www.card-gorilla.com/card/detail/1380,1,300000,,MONTHLY
530,https://www.card-gorilla.com/card/detail/1381,1,0,,MONTHLY
531,https://www.card-gorilla.com/card/detail/1382,1,0,,MONTHLY
532,https://www.card-gorilla.com/card/detail/1383,1,300000,,MONTHLY
83,https://www.card-gorilla.com/card/detail/139,1,0,,MONTHLY
533,https://www.card-gorilla.com/card/detail/1390,1,400000,,MONTHLY
534,https://www.card-gorilla.com/card/detail/1394,1,0,,MONTHLY
9,https://www.card-gorilla.com/card/detail/14,1,300000,,MONTHLY
84,https://www.card-gorilla.com/card/detail/140,1,300000,,MONTHLY
85,https://www.card-gorilla.com/card/detail/141,1,300000,,MONTHLY
86,https://www.card-gorilla.com/card/detail/142,1,400000,,MONTHLY
87,https://www.card-gorilla.com/card/detail/143,1,400000,,MONTHLY
535,https://www.card-gorilla.com/card/detail/1433,1,0,,MONTHLY
536,https://www.card-gorilla.com/card/detail/1438,1,200000,,MONTHLY
88,https://www.card-gorilla.com/card/detail/144,1,400000,,MONTHLY
537,https://www.card-gorilla.com/card/detail/1443,1,300000,,MONTHLY
538,https://www.card-gorilla.com/card/detail/1446,1,300000,,MONTHLY
89,https://www.card-gorilla.com/card/detail/145,1,400000,,MONTHLY
539,https://www.card-gorilla.com/card/detail/1451,1,0,,MONTHLY
90,https://www.card-gorilla.com/card/detail/146,1,0,,MONTHLY
540,https://www.card-gorilla.com/card/detail/1468,1,0,,MONTHLY
91,https://www.card-gorilla.com/card/detail/148,1,400000,,MONTHLY
10,https://www.card-gorilla.com/card/detail/15,1,300000,,MONTHLY
541,https://www.card-gorilla.com/card/detail/1519,1,300000,,MONTHLY
92,https://www.card-gorilla.com/card/detail/152,1,1000000,,MONTHLY
542,https://www.card-gorilla.com/card/detail/1523,1,0,,MONTHLY
543,https://www.card-gorilla.com/card/detail/1526,1,200000,,MONTHLY
544,https://www.card-gorilla.com/card/detail/1529,1,300000,,MONTHLY
545,https://www.card-gorilla.com/card/detail/1532,1,300000,,MONTHLY
546,https://www.card-gorilla.com/card/detail/1544,1,100000,,MONTHLY
547,https://www.card-gorilla.com/card/detail/1549,1,0,,MONTHLY
548,https://www.card-gorilla.com/card/detail/1555,1,300000,,MONTHLY
549,https://www.card-gorilla.com/card/detail/1558,1,300000,,MONTHLY
93,https://www.card-gorilla.com/card/detail/156,1,100000,,MONTHLY
550,https://www.card-gorilla.com/card/detail/1572,1,100000,,MONTHLY
551,https://www.card-gorilla.com/card/detail/1573,1,200000,,MONTHLY
552,https://www.card-gorilla.com/card/detail/1577,1,0,,MONTHLY
553,https://www.card-gorilla.com/card/detail/1584,1,0,,MONTHLY
554,https://www.card-gorilla.com/card/detail/1586,1,500000,,MONTHLY
555,https://www.card-gorilla.com/card/detail/1592,1,300000,,MONTHLY
556,https://www.card-gorilla.com/card/detail/1593,1,500000,,MONTHLY
557,https://www.card-gorilla.com/card/detail/1595,1,0,,MONTHLY
558,https://www.card-gorilla.com/card/detail/1597,1,500000,,MONTHLY
559,https://www.card-gorilla.com/card/detail/1599,1,300000,,MONTHLY
11,https://www.card-gorilla.com/card/detail/16,1,500000,,MONTHLY
560,https://www.card-gorilla.com/card/detail/1608,1,300000,,MONTHLY
561,https://www.card-gorilla.com/card/detail/1610,1,200000,,MONTHLY
562,https://www.card-gorilla.com/card/detail/1611,1,0,,MONTHLY
563,https://www.card-gorilla.com/card/detail/1615,1,200000,,MONTHLY
564,https://www.card-gorilla.com/card/detail/1616,1,200000,,MONTHLY
565,https://www.card-gorilla.com/card/detail/1617,1,0,,MONTHLY
566,https://www.card-gorilla.com/card/detail/1618,1,200000,,MONTHLY
567,https://www.card-gorilla.com/card/detail/1619,1,0,,MONTHLY
94,https://www.card-gorilla.com/card/detail/162,1,300000,,MONTHLY
568,https://www.card-gorilla.com/card/detail/1623,1,300000,,MONTHLY
95,https://www.card-gorilla.com/card/detail/163,1,300000,,MONTHLY
569,https://www.card-gorilla.com/card/detail/1630,1,300000,,MONTHLY
96,https://www.card-gorilla.com/card/detail/164,1,300000,,MONTHLY
570,https://www.card-gorilla.com/card/detail/1648,1,300000,,MONTHLY
97,https://www.card-gorilla.com/card/detail/166,1,0,,MONTHLY
98,https://www.card-gorilla.com/card/detail/167,1,0,,MONTHLY
571,https://www.card-gorilla.com/card/detail/1673,1,0,,MONTHLY
572,https://www.card-gorilla.com/card/detail/1695,1,300000,,MONTHLY
573,https://www.card-gorilla.com/card/detail/1699,1,200000,,MONTHLY
574,https://www.card-gorilla.com/card/detail/1702,1,300000,,MONTHLY
575,https://www.card-gorilla.com/card/detail/1710,1,300000,,MONTHLY
576,https://www.card-gorilla.com/card/detail/1714,1,200000,,MONTHLY
577,https://www.card-gorilla.com/card/detail/1731,1,0,,MONTHLY
99,https://www.card-gorilla.com/card/detail/174,1,300000,,MONTHLY
578,https://www.card-gorilla.com/card/detail/1741,1,0,,MONTHLY
100,https://www.card-gorilla.com/card/detail/175,1,100000,,MONTHLY
579,https://www.card-gorilla.com/card/detail/1754,1,0,,MONTHLY
580,https://www.card-gorilla.com/card/detail/1758,1,0,,MONTHLY
581,https://www.card-gorilla.com/card/detail/1759,1,0,,MONTHLY
101,https://www.card-gorilla.com/card/detail/176,1,200000,,MONTHLY
582,https://www.card-gorilla.com/card/detail/1763,1,0,,MONTHLY
583,https://www.card-gorilla.com/card/detail/1768,1,300000,,MONTHLY
584,https://www.card-gorilla.com/card/detail/1787,1,0,,MONTHLY
12,https://www.card-gorilla.com/card/detail/18,1,500000,,MONTHLY
1248,https://www.card-gorilla.com/card/detail/18,2,10000000,,YEARLY
1249,https://www.card-gorilla.com/card/detail/18,3,300000,,MONTHLY
585,https://www.card-gorilla.com/card/detail/1807,1,400000,,MONTHLY
586,https://www.card-gorilla.com/card/detail/1809,1,300000,,MONTHLY
587,https://www.card-gorilla.com/card/detail/1816,1,300000,,MONTHLY
588,https://www.card-gorilla.com/card/detail/1818,1,300000,,MONTHLY
589,https://www.card-gorilla.com/card/detail/1829,1,300000,,MONTHLY
590,https://www.card-gorilla.com/card/detail/1839,1,300000,,MONTHLY
102,https://www.card-gorilla.com/card/detail/185,1,400000,,MONTHLY
591,https://www.card-gorilla.com/card/detail/1854,1,0,,MONTHLY
592,https://www.card-gorilla.com/card/detail/1856,1,300000,,MONTHLY
593,https://www.card-gorilla.com/card/detail/1859,1,300000,,MONTHLY
103,https://www.card-gorilla.com/card/detail/186,1,400000,,MONTHLY
594,https://www.card-gorilla.com/card/detail/1860,1,0,,MONTHLY
595,https://www.card-gorilla.com/card/detail/1861,1,0,,MONTHLY
596,https://www.card-gorilla.com/card/detail/1865,1,0,,MONTHLY
597,https://www.card-gorilla.com/card/detail/1866,1,0,,MONTHLY
598,https://www.card-gorilla.com/card/detail/1868,1,0,,MONTHLY
599,https://www.card-gorilla.com/card/detail/1882,1,500000,,MONTHLY
600,https://www.card-gorilla.com/card/detail/1883,1,400000,,MONTHLY
601,https://www.card-gorilla.com/card/detail/1884,1,300000,,MONTHLY
602,https://www.card-gorilla.com/card/detail/1887,1,400000,,MONTHLY
603,https://www.card-gorilla.com/card/detail/1889,1,500000,,MONTHLY
604,https://www.card-gorilla.com/card/detail/1899,1,500000,,MONTHLY
605,https://www.card-gorilla.com/card/detail/1906,1,0,,MONTHLY
606,https://www.card-gorilla.com/card/detail/1909,1,300000,,MONTHLY
104,https://www.card-gorilla.com/card/detail/191,1,400000,,MONTHLY
105,https://www.card-gorilla.com/card/detail/192,1,300000,,MONTHLY
607,https://www.card-gorilla.com/card/detail/1926,1,300000,,MONTHLY
106,https://www.card-gorilla.com/card/detail/193,1,300000,,MONTHLY
608,https://www.card-gorilla.com/card/detail/1932,1,200000,,MONTHLY
107,https://www.card-gorilla.com/card/detail/194,1,0,,MONTHLY
609,https://www.card-gorilla.com/card/detail/1944,1,500000,,MONTHLY
108,https://www.card-gorilla.com/card/detail/197,1,500000,,MONTHLY
610,https://www.card-gorilla.com/card/detail/1977,1,0,,MONTHLY
109,https://www.card-gorilla.com/card/detail/198,1,500000,,MONTHLY
611,https://www.card-gorilla.com/card/detail/1980,1,300000,,MONTHLY
612,https://www.card-gorilla.com/card/detail/1984,1,300000,,MONTHLY
613,https://www.card-gorilla.com/card/detail/1987,1,200000,,MONTHLY
110,https://www.card-gorilla.com/card/detail/199,1,500000,,MONTHLY
614,https://www.card-gorilla.com/card/detail/1990,1,300000,,MONTHLY
615,https://www.card-gorilla.com/card/detail/1991,1,0,,MONTHLY
616,https://www.card-gorilla.com/card/detail/1993,1,500000,,MONTHLY
617,https://www.card-gorilla.com/card/detail/1996,1,300000,,MONTHLY
2,https://www.card-gorilla.com/card/detail/2,1,200000,,MONTHLY
111,https://www.card-gorilla.com/card/detail/200,1,500000,,MONTHLY
618,https://www.card-gorilla.com/card/detail/2005,1,400000,,MONTHLY
619,https://www.card-gorilla.com/card/detail/2007,1,300000,,MONTHLY
112,https://www.card-gorilla.com/card/detail/201,1,300000,,MONTHLY
620,https://www.card-gorilla.com/card/detail/2016,1,300000,,MONTHLY
621,https://www.card-gorilla.com/card/detail/2019,1,300000,,MONTHLY
622,https://www.card-gorilla.com/card/detail/2021,1,300000,,MONTHLY
623,https://www.card-gorilla.com/card/detail/2023,1,0,,MONTHLY
624,https://www.card-gorilla.com/card/detail/2026,1,200000,,MONTHLY
113,https://www.card-gorilla.com/card/detail/203,1,500000,,MONTHLY
114,https://www.card-gorilla.com/card/detail/204,1,500000,,MONTHLY
115,https://www.card-gorilla.com/card/detail/205,1,500000,,MONTHLY
116,https://www.card-gorilla.com/card/detail/206,1,300000,,MONTHLY
625,https://www.card-gorilla.com/card/detail/2060,1,0,,MONTHLY
117,https://www.card-gorilla.com/card/detail/207,1,300000,,MONTHLY
626,https://www.card-gorilla.com/card/detail/2070,1,500000,,MONTHLY
627,https://www.card-gorilla.com/card/detail/2071,1,300000,,MONTHLY
628,https://www.card-gorilla.com/card/detail/2072,1,300000,,MONTHLY
629,https://www.card-gorilla.com/card/detail/2076,1,300000,,MONTHLY
630,https://www.card-gorilla.com/card/detail/2078,1,150000,,MONTHLY
631,https://www.card-gorilla.com/card/detail/2079,1,0,,MONTHLY
632,https://www.card-gorilla.com/card/detail/2080,1,300000,,MONTHLY
633,https://www.card-gorilla.com/card/detail/2082,1,0,,MONTHLY
634,https://www.card-gorilla.com/card/detail/2083,1,250000,,MONTHLY
635,https://www.card-gorilla.com/card/detail/2084,1,200000,,MONTHLY
636,https://www.card-gorilla.com/card/detail/2090,1,0,,MONTHLY
637,https://www.card-gorilla.com/card/detail/2091,1,0,,MONTHLY
638,https://www.card-gorilla.com/card/detail/2093,1,0,,MONTHLY
639,https://www.card-gorilla.com/card/detail/2094,1,150000,,MONTHLY
640,https://www.card-gorilla.com/card/detail/2097,1,0,,MONTHLY
13,https://www.card-gorilla.com/card/detail/21,1,300000,,MONTHLY
641,https://www.card-gorilla.com/card/detail/2104,1,0,,MONTHLY
642,https://www.card-gorilla.com/card/detail/2106,1,0,,MONTHLY
643,https://www.card-gorilla.com/card/detail/2132,1,300000,,MONTHLY
644,https://www.card-gorilla.com/card/detail/2139,1,0,,MONTHLY
118,https://www.card-gorilla.com/card/detail/214,1,500000,,MONTHLY
645,https://www.card-gorilla.com/card/detail/2140,1,0,,MONTHLY
646,https://www.card-gorilla.com/card/detail/2147,1,0,,MONTHLY
647,https://www.card-gorilla.com/card/detail/2149,1,0,,MONTHLY
119,https://www.card-gorilla.com/card/detail/215,1,500000,,MONTHLY
648,https://www.card-gorilla.com/card/detail/2150,1,0,,MONTHLY
649,https://www.card-gorilla.com/card/detail/2151,1,300000,,MONTHLY
120,https://www.card-gorilla.com/card/detail/217,1,500000,,MONTHLY
650,https://www.card-gorilla.com/card/detail/2172,1,200000,,MONTHLY
651,https://www.card-gorilla.com/card/detail/2175,1,300000,,MONTHLY
652,https://www.card-gorilla.com/card/detail/2178,1,0,,MONTHLY
653,https://www.card-gorilla.com/card/detail/2179,1,0,,MONTHLY
654,https://www.card-gorilla.com/card/detail/2189,1,200000,,MONTHLY
655,https://www.card-gorilla.com/card/detail/2190,1,0,,MONTHLY
656,https://www.card-gorilla.com/card/detail/2191,1,0,,MONTHLY
657,https://www.card-gorilla.com/card/detail/2192,1,300000,,MONTHLY
658,https://www.card-gorilla.com/card/detail/2194,1,300000,,MONTHLY
659,https://www.card-gorilla.com/card/detail/2195,1,0,,MONTHLY
660,https://www.card-gorilla.com/card/detail/2196,1,500000,,MONTHLY
661,https://www.card-gorilla.com/card/detail/2197,1,0,,MONTHLY
662,https://www.card-gorilla.com/card/detail/2198,1,500000,,MONTHLY
663,https://www.card-gorilla.com/card/detail/2199,1,0,,MONTHLY
664,https://www.card-gorilla.com/card/detail/2214,1,300000,,MONTHLY
665,https://www.card-gorilla.com/card/detail/2215,1,300000,,MONTHLY
666,https://www.card-gorilla.com/card/detail/2218,1,300000,,MONTHLY
667,https://www.card-gorilla.com/card/detail/2219,1,300000,,MONTHLY
668,https://www.card-gorilla.com/card/detail/2220,1,0,,MONTHLY
669,https://www.card-gorilla.com/card/detail/2221,1,0,,MONTHLY
670,https://www.card-gorilla.com/card/detail/2224,1,0,,MONTHLY
671,https://www.card-gorilla.com/card/detail/2225,1,0,,MONTHLY
672,https://www.card-gorilla.com/card/detail/2226,1,0,,MONTHLY
673,https://www.card-gorilla.com/card/detail/2228,1,400000,,MONTHLY
674,https://www.card-gorilla.com/card/detail/2230,1,750000,,MONTHLY
675,https://www.card-gorilla.com/card/detail/2232,1,0,,MONTHLY
676,https://www.card-gorilla.com/card/detail/2233,1,300000,,MONTHLY
677,https://www.card-gorilla.com/card/detail/2234,1,400000,,MONTHLY
678,https://www.card-gorilla.com/card/detail/2235,1,300000,,MONTHLY
679,https://www.card-gorilla.com/card/detail/2236,1,0,,MONTHLY
680,https://www.card-gorilla.com/card/detail/2237,1,500000,,MONTHLY
681,https://www.card-gorilla.com/card/detail/2238,1,300000,,MONTHLY
682,https://www.card-gorilla.com/card/detail/2240,1,300000,,MONTHLY
683,https://www.card-gorilla.com/card/detail/2241,1,0,,MONTHLY
684,https://www.card-gorilla.com/card/detail/2242,1,300000,,MONTHLY
685,https://www.card-gorilla.com/card/detail/2243,1,0,,MONTHLY
686,https://www.card-gorilla.com/card/detail/2244,1,200000,,MONTHLY
687,https://www.card-gorilla.com/card/detail/2245,1,200000,,MONTHLY
688,https://www.card-gorilla.com/card/detail/2246,1,200000,,MONTHLY
689,https://www.card-gorilla.com/card/detail/2247,1,200000,,MONTHLY
690,https://www.card-gorilla.com/card/detail/2248,1,300000,,MONTHLY
691,https://www.card-gorilla.com/card/detail/2249,1,300000,,MONTHLY
692,https://www.card-gorilla.com/card/detail/2250,1,300000,,MONTHLY
693,https://www.card-gorilla.com/card/detail/2251,1,300000,,MONTHLY
694,https://www.card-gorilla.com/card/detail/2255,1,0,,MONTHLY
695,https://www.card-gorilla.com/card/detail/2256,1,0,,MONTHLY
696,https://www.card-gorilla.com/card/detail/2257,1,0,,MONTHLY
697,https://www.card-gorilla.com/card/detail/2258,1,300000,,MONTHLY
698,https://www.card-gorilla.com/card/detail/2259,1,500000,,MONTHLY
699,https://www.card-gorilla.com/card/detail/2260,1,500000,,MONTHLY
700,https://www.card-gorilla.com/card/detail/2261,1,0,,MONTHLY
701,https://www.card-gorilla.com/card/detail/2262,1,400000,,MONTHLY
702,https://www.card-gorilla.com/card/detail/2263,1,400000,,MONTHLY
703,https://www.card-gorilla.com/card/detail/2264,1,400000,,MONTHLY
704,https://www.card-gorilla.com/card/detail/2265,1,400000,,MONTHLY
705,https://www.card-gorilla.com/card/detail/2267,1,0,,MONTHLY
121,https://www.card-gorilla.com/card/detail/227,1,400000,,MONTHLY
706,https://www.card-gorilla.com/card/detail/2270,1,0,,MONTHLY
707,https://www.card-gorilla.com/card/detail/2272,1,0,,MONTHLY
708,https://www.card-gorilla.com/card/detail/2277,1,300000,,MONTHLY
709,https://www.card-gorilla.com/card/detail/2278,1,400000,,MONTHLY
710,https://www.card-gorilla.com/card/detail/2279,1,400000,,MONTHLY
122,https://www.card-gorilla.com/card/detail/228,1,0,,MONTHLY
711,https://www.card-gorilla.com/card/detail/2280,1,0,,MONTHLY
712,https://www.card-gorilla.com/card/detail/2281,1,0,,MONTHLY
713,https://www.card-gorilla.com/card/detail/2282,1,0,,MONTHLY
714,https://www.card-gorilla.com/card/detail/2283,1,500000,,MONTHLY
715,https://www.card-gorilla.com/card/detail/2285,1,0,,MONTHLY
716,https://www.card-gorilla.com/card/detail/2286,1,300000,,MONTHLY
717,https://www.card-gorilla.com/card/detail/2287,1,500000,,MONTHLY
718,https://www.card-gorilla.com/card/detail/2288,1,400000,,MONTHLY
719,https://www.card-gorilla.com/card/detail/2289,1,300000,,MONTHLY
720,https://www.card-gorilla.com/card/detail/2290,1,500000,,MONTHLY
721,https://www.card-gorilla.com/card/detail/2291,1,0,,MONTHLY
722,https://www.card-gorilla.com/card/detail/2292,1,0,,MONTHLY
723,https://www.card-gorilla.com/card/detail/2293,1,0,,MONTHLY
724,https://www.card-gorilla.com/card/detail/2294,1,0,,MONTHLY
725,https://www.card-gorilla.com/card/detail/2296,1,300000,,MONTHLY
726,https://www.card-gorilla.com/card/detail/2297,1,300000,,MONTHLY
727,https://www.card-gorilla.com/card/detail/2298,1,300000,,MONTHLY
728,https://www.card-gorilla.com/card/detail/2299,1,300000,,MONTHLY
729,https://www.card-gorilla.com/card/detail/2300,1,500000,,MONTHLY
730,https://www.card-gorilla.com/card/detail/2301,1,300000,,MONTHLY
731,https://www.card-gorilla.com/card/detail/2302,1,0,,MONTHLY
732,https://www.card-gorilla.com/card/detail/2304,1,400000,,MONTHLY
733,https://www.card-gorilla.com/card/detail/2306,1,0,,MONTHLY
734,https://www.card-gorilla.com/card/detail/2307,1,100000,,MONTHLY
735,https://www.card-gorilla.com/card/detail/2308,1,0,,MONTHLY
736,https://www.card-gorilla.com/card/detail/2309,1,400000,,MONTHLY
123,https://www.card-gorilla.com/card/detail/231,1,300000,,MONTHLY
737,https://www.card-gorilla.com/card/detail/2311,1,200000,,MONTHLY
738,https://www.card-gorilla.com/card/detail/2312,1,0,,MONTHLY
739,https://www.card-gorilla.com/card/detail/2315,1,0,,MONTHLY
740,https://www.card-gorilla.com/card/detail/2316,1,0,,MONTHLY
741,https://www.card-gorilla.com/card/detail/2317,1,0,,MONTHLY
742,https://www.card-gorilla.com/card/detail/2318,1,100000,,MONTHLY
124,https://www.card-gorilla.com/card/detail/232,1,300000,,MONTHLY
743,https://www.card-gorilla.com/card/detail/2322,1,0,,MONTHLY
744,https://www.card-gorilla.com/card/detail/2323,1,0,,MONTHLY
745,https://www.card-gorilla.com/card/detail/2324,1,300000,,MONTHLY
746,https://www.card-gorilla.com/card/detail/2325,1,300000,,MONTHLY
747,https://www.card-gorilla.com/card/detail/2326,1,300000,,MONTHLY
748,https://www.card-gorilla.com/card/detail/2327,1,0,,MONTHLY
749,https://www.card-gorilla.com/card/detail/2329,1,0,,MONTHLY
750,https://www.card-gorilla.com/card/detail/2330,1,500000,,MONTHLY
751,https://www.card-gorilla.com/card/detail/2331,1,300000,,MONTHLY
752,https://www.card-gorilla.com/card/detail/2332,1,200000,,MONTHLY
753,https://www.card-gorilla.com/card/detail/2333,1,300000,,MONTHLY
754,https://www.card-gorilla.com/card/detail/2334,1,0,,MONTHLY
755,https://www.card-gorilla.com/card/detail/2335,1,100000,,MONTHLY
756,https://www.card-gorilla.com/card/detail/2338,1,200000,,MONTHLY
125,https://www.card-gorilla.com/card/detail/234,1,300000,,MONTHLY
757,https://www.card-gorilla.com/card/detail/2340,1,300000,,MONTHLY
758,https://www.card-gorilla.com/card/detail/2342,1,300000,,MONTHLY
759,https://www.card-gorilla.com/card/detail/2343,1,200000,,MONTHLY
760,https://www.card-gorilla.com/card/detail/2349,1,300000,,MONTHLY
761,https://www.card-gorilla.com/card/detail/2352,1,0,,MONTHLY
762,https://www.card-gorilla.com/card/detail/2353,1,0,,MONTHLY
763,https://www.card-gorilla.com/card/detail/2354,1,400000,,MONTHLY
764,https://www.card-gorilla.com/card/detail/2355,1,400000,,MONTHLY
765,https://www.card-gorilla.com/card/detail/2356,1,300000,,MONTHLY
766,https://www.card-gorilla.com/card/detail/2357,1,400000,,MONTHLY
767,https://www.card-gorilla.com/card/detail/2358,1,500000,,MONTHLY
768,https://www.card-gorilla.com/card/detail/2359,1,300000,,MONTHLY
769,https://www.card-gorilla.com/card/detail/2360,1,1500000,,MONTHLY
770,https://www.card-gorilla.com/card/detail/2361,1,0,,MONTHLY
771,https://www.card-gorilla.com/card/detail/2363,1,300000,,MONTHLY
772,https://www.card-gorilla.com/card/detail/2364,1,400000,,MONTHLY
773,https://www.card-gorilla.com/card/detail/2365,1,400000,,MONTHLY
774,https://www.card-gorilla.com/card/detail/2369,1,300000,,MONTHLY
126,https://www.card-gorilla.com/card/detail/237,1,300000,,MONTHLY
775,https://www.card-gorilla.com/card/detail/2370,1,300000,,MONTHLY
776,https://www.card-gorilla.com/card/detail/2371,1,0,,MONTHLY
1257,https://www.card-gorilla.com/card/detail/2371,2,400000,,MONTHLY
777,https://www.card-gorilla.com/card/detail/2372,1,300000,,MONTHLY
778,https://www.card-gorilla.com/card/detail/2373,1,200000,,MONTHLY
779,https://www.card-gorilla.com/card/detail/2374,1,200000,,MONTHLY
780,https://www.card-gorilla.com/card/detail/2376,1,0,,MONTHLY
781,https://www.card-gorilla.com/card/detail/2377,1,0,,MONTHLY
782,https://www.card-gorilla.com/card/detail/2378,1,300000,,MONTHLY
783,https://www.card-gorilla.com/card/detail/2379,1,200000,,MONTHLY
127,https://www.card-gorilla.com/card/detail/238,1,300000,,MONTHLY
784,https://www.card-gorilla.com/card/detail/2385,1,500000,,MONTHLY
785,https://www.card-gorilla.com/card/detail/2386,1,300000,,MONTHLY
786,https://www.card-gorilla.com/card/detail/2388,1,0,,MONTHLY
787,https://www.card-gorilla.com/card/detail/2389,1,0,,MONTHLY
128,https://www.card-gorilla.com/card/detail/239,1,300000,,MONTHLY
788,https://www.card-gorilla.com/card/detail/2390,1,0,,MONTHLY
789,https://www.card-gorilla.com/card/detail/2392,1,300000,,MONTHLY
790,https://www.card-gorilla.com/card/detail/2393,1,300000,,MONTHLY
791,https://www.card-gorilla.com/card/detail/2394,1,0,,MONTHLY
792,https://www.card-gorilla.com/card/detail/2395,1,0,,MONTHLY
793,https://www.card-gorilla.com/card/detail/2396,1,0,,MONTHLY
794,https://www.card-gorilla.com/card/detail/2397,1,0,,MONTHLY
795,https://www.card-gorilla.com/card/detail/2398,1,500000,,MONTHLY
796,https://www.card-gorilla.com/card/detail/2399,1,0,,MONTHLY
129,https://www.card-gorilla.com/card/detail/240,1,300000,,MONTHLY
797,https://www.card-gorilla.com/card/detail/2400,1,0,,MONTHLY
798,https://www.card-gorilla.com/card/detail/2401,1,300000,,MONTHLY
799,https://www.card-gorilla.com/card/detail/2402,1,0,,MONTHLY
800,https://www.card-gorilla.com/card/detail/2403,1,300000,,MONTHLY
801,https://www.card-gorilla.com/card/detail/2404,1,300000,,MONTHLY
802,https://www.card-gorilla.com/card/detail/2405,1,500000,,MONTHLY
803,https://www.card-gorilla.com/card/detail/2406,1,500000,,MONTHLY
804,https://www.card-gorilla.com/card/detail/2407,1,400000,,MONTHLY
805,https://www.card-gorilla.com/card/detail/2409,1,200000,,MONTHLY
130,https://www.card-gorilla.com/card/detail/241,1,300000,,MONTHLY
806,https://www.card-gorilla.com/card/detail/2410,1,300000,,MONTHLY
807,https://www.card-gorilla.com/card/detail/2411,1,0,,MONTHLY
808,https://www.card-gorilla.com/card/detail/2412,1,500000,,MONTHLY
809,https://www.card-gorilla.com/card/detail/2414,1,400000,,MONTHLY
810,https://www.card-gorilla.com/card/detail/2416,1,500000,,MONTHLY
811,https://www.card-gorilla.com/card/detail/2417,1,0,,MONTHLY
812,https://www.card-gorilla.com/card/detail/2418,1,0,,MONTHLY
813,https://www.card-gorilla.com/card/detail/2419,1,0,,MONTHLY
131,https://www.card-gorilla.com/card/detail/242,1,0,,MONTHLY
814,https://www.card-gorilla.com/card/detail/2420,1,500000,,MONTHLY
815,https://www.card-gorilla.com/card/detail/2421,1,0,,MONTHLY
816,https://www.card-gorilla.com/card/detail/2422,1,200000,,MONTHLY
817,https://www.card-gorilla.com/card/detail/2423,1,200000,,MONTHLY
818,https://www.card-gorilla.com/card/detail/2424,1,300000,,MONTHLY
819,https://www.card-gorilla.com/card/detail/2429,1,300000,,MONTHLY
132,https://www.card-gorilla.com/card/detail/243,1,0,,MONTHLY
820,https://www.card-gorilla.com/card/detail/2430,1,0,,MONTHLY
821,https://www.card-gorilla.com/card/detail/2431,1,0,,MONTHLY
822,https://www.card-gorilla.com/card/detail/2432,1,250000,,MONTHLY
823,https://www.card-gorilla.com/card/detail/2433,1,0,,MONTHLY
824,https://www.card-gorilla.com/card/detail/2434,1,500000,,MONTHLY
825,https://www.card-gorilla.com/card/detail/2435,1,400000,,MONTHLY
826,https://www.card-gorilla.com/card/detail/2436,1,500000,,MONTHLY
827,https://www.card-gorilla.com/card/detail/2437,1,0,,MONTHLY
133,https://www.card-gorilla.com/card/detail/244,1,0,,MONTHLY
828,https://www.card-gorilla.com/card/detail/2440,1,400000,,MONTHLY
829,https://www.card-gorilla.com/card/detail/2441,1,400000,,MONTHLY
830,https://www.card-gorilla.com/card/detail/2442,1,400000,,MONTHLY
831,https://www.card-gorilla.com/card/detail/2443,1,200000,,MONTHLY
832,https://www.card-gorilla.com/card/detail/2444,1,0,,MONTHLY
833,https://www.card-gorilla.com/card/detail/2445,1,400000,,MONTHLY
834,https://www.card-gorilla.com/card/detail/2446,1,0,,MONTHLY
835,https://www.card-gorilla.com/card/detail/2447,1,400000,,MONTHLY
836,https://www.card-gorilla.com/card/detail/2448,1,400000,,MONTHLY
837,https://www.card-gorilla.com/card/detail/2449,1,400000,,MONTHLY
134,https://www.card-gorilla.com/card/detail/245,1,0,,MONTHLY
838,https://www.card-gorilla.com/card/detail/2450,1,500000,,MONTHLY
839,https://www.card-gorilla.com/card/detail/2451,1,500000,,MONTHLY
840,https://www.card-gorilla.com/card/detail/2452,1,0,,MONTHLY
841,https://www.card-gorilla.com/card/detail/2453,1,400000,,MONTHLY
842,https://www.card-gorilla.com/card/detail/2455,1,400000,,MONTHLY
843,https://www.card-gorilla.com/card/detail/2457,1,300000,,MONTHLY
844,https://www.card-gorilla.com/card/detail/2459,1,500000,,MONTHLY
135,https://www.card-gorilla.com/card/detail/246,1,500000,,MONTHLY
845,https://www.card-gorilla.com/card/detail/2460,1,500000,,MONTHLY
846,https://www.card-gorilla.com/card/detail/2461,1,500000,,MONTHLY
847,https://www.card-gorilla.com/card/detail/2463,1,400000,,MONTHLY
848,https://www.card-gorilla.com/card/detail/2465,1,0,,MONTHLY
849,https://www.card-gorilla.com/card/detail/2466,1,300000,,MONTHLY
850,https://www.card-gorilla.com/card/detail/2467,1,400000,,MONTHLY
851,https://www.card-gorilla.com/card/detail/2468,1,300000,,MONTHLY
852,https://www.card-gorilla.com/card/detail/2469,1,0,,MONTHLY
136,https://www.card-gorilla.com/card/detail/247,1,300000,,MONTHLY
853,https://www.card-gorilla.com/card/detail/2470,1,0,,MONTHLY
854,https://www.card-gorilla.com/card/detail/2471,1,200000,,MONTHLY
855,https://www.card-gorilla.com/card/detail/2472,1,500000,,MONTHLY
856,https://www.card-gorilla.com/card/detail/2473,1,500000,,MONTHLY
857,https://www.card-gorilla.com/card/detail/2474,1,300000,,MONTHLY
858,https://www.card-gorilla.com/card/detail/2475,1,0,,MONTHLY
859,https://www.card-gorilla.com/card/detail/2476,1,500000,,MONTHLY
860,https://www.card-gorilla.com/card/detail/2477,1,300000,,MONTHLY
861,https://www.card-gorilla.com/card/detail/2479,1,500000,,MONTHLY
137,https://www.card-gorilla.com/card/detail/248,1,400000,,MONTHLY
862,https://www.card-gorilla.com/card/detail/2481,1,300000,,MONTHLY
863,https://www.card-gorilla.com/card/detail/2483,1,500000,,MONTHLY
864,https://www.card-gorilla.com/card/detail/2484,1,500000,,MONTHLY
865,https://www.card-gorilla.com/card/detail/2486,1,0,,MONTHLY
866,https://www.card-gorilla.com/card/detail/2487,1,300000,,MONTHLY
867,https://www.card-gorilla.com/card/detail/2488,1,500000,,MONTHLY
868,https://www.card-gorilla.com/card/detail/2489,1,0,,MONTHLY
869,https://www.card-gorilla.com/card/detail/2491,1,0,,MONTHLY
870,https://www.card-gorilla.com/card/detail/2492,1,0,,MONTHLY
871,https://www.card-gorilla.com/card/detail/2494,1,0,,MONTHLY
872,https://www.card-gorilla.com/card/detail/2495,1,500000,,MONTHLY
873,https://www.card-gorilla.com/card/detail/2496,1,400000,,MONTHLY
874,https://www.card-gorilla.com/card/detail/2497,1,500000,,MONTHLY
138,https://www.card-gorilla.com/card/detail/250,1,500000,,MONTHLY
139,https://www.card-gorilla.com/card/detail/251,1,300000,,MONTHLY
875,https://www.card-gorilla.com/card/detail/2511,1,0,,MONTHLY
876,https://www.card-gorilla.com/card/detail/2512,1,0,,MONTHLY
877,https://www.card-gorilla.com/card/detail/2514,1,500000,,MONTHLY
878,https://www.card-gorilla.com/card/detail/2515,1,500000,,MONTHLY
879,https://www.card-gorilla.com/card/detail/2516,1,500000,,MONTHLY
880,https://www.card-gorilla.com/card/detail/2517,1,0,,MONTHLY
881,https://www.card-gorilla.com/card/detail/2519,1,0,,MONTHLY
140,https://www.card-gorilla.com/card/detail/252,1,0,,MONTHLY
882,https://www.card-gorilla.com/card/detail/2521,1,400000,,MONTHLY
883,https://www.card-gorilla.com/card/detail/2522,1,400000,,MONTHLY
884,https://www.card-gorilla.com/card/detail/2523,1,300000,,MONTHLY
885,https://www.card-gorilla.com/card/detail/2525,1,0,,MONTHLY
886,https://www.card-gorilla.com/card/detail/2526,1,0,,MONTHLY
887,https://www.card-gorilla.com/card/detail/2527,1,0,,MONTHLY
888,https://www.card-gorilla.com/card/detail/2528,1,0,,MONTHLY
889,https://www.card-gorilla.com/card/detail/2529,1,0,,MONTHLY
890,https://www.card-gorilla.com/card/detail/2530,1,300000,,MONTHLY
891,https://www.card-gorilla.com/card/detail/2532,1,0,,MONTHLY
1258,https://www.card-gorilla.com/card/detail/2532,2,300000,,MONTHLY
892,https://www.card-gorilla.com/card/detail/2533,1,400000,,MONTHLY
893,https://www.card-gorilla.com/card/detail/2534,1,500000,,MONTHLY
894,https://www.card-gorilla.com/card/detail/2537,1,0,,MONTHLY
895,https://www.card-gorilla.com/card/detail/2538,1,0,,MONTHLY
896,https://www.card-gorilla.com/card/detail/2539,1,300000,,MONTHLY
141,https://www.card-gorilla.com/card/detail/254,1,300000,,MONTHLY
897,https://www.card-gorilla.com/card/detail/2540,1,0,,MONTHLY
898,https://www.card-gorilla.com/card/detail/2541,1,0,,MONTHLY
899,https://www.card-gorilla.com/card/detail/2542,1,0,,MONTHLY
900,https://www.card-gorilla.com/card/detail/2543,1,500000,,MONTHLY
901,https://www.card-gorilla.com/card/detail/2546,1,0,,MONTHLY
902,https://www.card-gorilla.com/card/detail/2547,1,0,,MONTHLY
903,https://www.card-gorilla.com/card/detail/2548,1,0,,MONTHLY
904,https://www.card-gorilla.com/card/detail/2549,1,0,,MONTHLY
905,https://www.card-gorilla.com/card/detail/2550,1,200000,,MONTHLY
906,https://www.card-gorilla.com/card/detail/2551,1,500000,,MONTHLY
907,https://www.card-gorilla.com/card/detail/2552,1,0,,MONTHLY
908,https://www.card-gorilla.com/card/detail/2553,1,0,,MONTHLY
909,https://www.card-gorilla.com/card/detail/2554,1,0,,MONTHLY
910,https://www.card-gorilla.com/card/detail/2555,1,300000,,MONTHLY
911,https://www.card-gorilla.com/card/detail/2556,1,200000,,MONTHLY
912,https://www.card-gorilla.com/card/detail/2558,1,400000,,MONTHLY
913,https://www.card-gorilla.com/card/detail/2563,1,300000,,MONTHLY
914,https://www.card-gorilla.com/card/detail/2565,1,400000,,MONTHLY
915,https://www.card-gorilla.com/card/detail/2566,1,300000,,MONTHLY
916,https://www.card-gorilla.com/card/detail/2567,1,0,,MONTHLY
917,https://www.card-gorilla.com/card/detail/2568,1,0,,MONTHLY
918,https://www.card-gorilla.com/card/detail/2569,1,400000,,MONTHLY
919,https://www.card-gorilla.com/card/detail/2570,1,200000,,MONTHLY
920,https://www.card-gorilla.com/card/detail/2571,1,300000,,MONTHLY
921,https://www.card-gorilla.com/card/detail/2572,1,0,,MONTHLY
922,https://www.card-gorilla.com/card/detail/2583,1,400000,,MONTHLY
923,https://www.card-gorilla.com/card/detail/2585,1,200000,,MONTHLY
924,https://www.card-gorilla.com/card/detail/2586,1,0,,MONTHLY
925,https://www.card-gorilla.com/card/detail/2587,1,0,,MONTHLY
926,https://www.card-gorilla.com/card/detail/2588,1,0,,MONTHLY
927,https://www.card-gorilla.com/card/detail/2589,1,0,,MONTHLY
928,https://www.card-gorilla.com/card/detail/2590,1,0,,MONTHLY
929,https://www.card-gorilla.com/card/detail/2592,1,500000,,MONTHLY
930,https://www.card-gorilla.com/card/detail/2594,1,0,,MONTHLY
931,https://www.card-gorilla.com/card/detail/2595,1,300000,,MONTHLY
932,https://www.card-gorilla.com/card/detail/2596,1,0,,MONTHLY
933,https://www.card-gorilla.com/card/detail/2597,1,0,,MONTHLY
934,https://www.card-gorilla.com/card/detail/2598,1,400000,,MONTHLY
14,https://www.card-gorilla.com/card/detail/26,1,500000,,MONTHLY
935,https://www.card-gorilla.com/card/detail/2602,1,400000,,MONTHLY
936,https://www.card-gorilla.com/card/detail/2603,1,400000,,MONTHLY
937,https://www.card-gorilla.com/card/detail/2604,1,300000,,MONTHLY
938,https://www.card-gorilla.com/card/detail/2605,1,400000,,MONTHLY
939,https://www.card-gorilla.com/card/detail/2606,1,0,,MONTHLY
940,https://www.card-gorilla.com/card/detail/2608,1,300000,,MONTHLY
941,https://www.card-gorilla.com/card/detail/2609,1,0,,MONTHLY
942,https://www.card-gorilla.com/card/detail/2611,1,300000,,MONTHLY
943,https://www.card-gorilla.com/card/detail/2612,1,0,,MONTHLY
944,https://www.card-gorilla.com/card/detail/2613,1,500000,,MONTHLY
945,https://www.card-gorilla.com/card/detail/2614,1,200000,,MONTHLY
946,https://www.card-gorilla.com/card/detail/2618,1,500000,,MONTHLY
947,https://www.card-gorilla.com/card/detail/2619,1,300000,,MONTHLY
948,https://www.card-gorilla.com/card/detail/2623,1,300000,,MONTHLY
949,https://www.card-gorilla.com/card/detail/2624,1,300000,,MONTHLY
950,https://www.card-gorilla.com/card/detail/2625,1,200000,,MONTHLY
951,https://www.card-gorilla.com/card/detail/2627,1,0,,MONTHLY
952,https://www.card-gorilla.com/card/detail/2629,1,300000,,MONTHLY
953,https://www.card-gorilla.com/card/detail/2630,1,300000,,MONTHLY
954,https://www.card-gorilla.com/card/detail/2631,1,300000,,MONTHLY
955,https://www.card-gorilla.com/card/detail/2632,1,0,,MONTHLY
956,https://www.card-gorilla.com/card/detail/2633,1,500000,,MONTHLY
957,https://www.card-gorilla.com/card/detail/2634,1,0,,MONTHLY
958,https://www.card-gorilla.com/card/detail/2635,1,400000,,MONTHLY
959,https://www.card-gorilla.com/card/detail/2636,1,0,,MONTHLY
960,https://www.card-gorilla.com/card/detail/2637,1,300000,,MONTHLY
961,https://www.card-gorilla.com/card/detail/2638,1,300000,,MONTHLY
962,https://www.card-gorilla.com/card/detail/2639,1,50000,,MONTHLY
963,https://www.card-gorilla.com/card/detail/2640,1,500000,,MONTHLY
964,https://www.card-gorilla.com/card/detail/2641,1,300000,,MONTHLY
965,https://www.card-gorilla.com/card/detail/2642,1,500000,,MONTHLY
966,https://www.card-gorilla.com/card/detail/2643,1,0,,MONTHLY
967,https://www.card-gorilla.com/card/detail/2645,1,0,,MONTHLY
968,https://www.card-gorilla.com/card/detail/2646,1,0,,MONTHLY
969,https://www.card-gorilla.com/card/detail/2647,1,0,,MONTHLY
970,https://www.card-gorilla.com/card/detail/2651,1,300000,,MONTHLY
971,https://www.card-gorilla.com/card/detail/2652,1,300000,,MONTHLY
972,https://www.card-gorilla.com/card/detail/2653,1,0,,MONTHLY
973,https://www.card-gorilla.com/card/detail/2654,1,400000,,MONTHLY
974,https://www.card-gorilla.com/card/detail/2655,1,300000,,MONTHLY
975,https://www.card-gorilla.com/card/detail/2656,1,0,,MONTHLY
976,https://www.card-gorilla.com/card/detail/2657,1,500000,,MONTHLY
977,https://www.card-gorilla.com/card/detail/2658,1,500000,,MONTHLY
978,https://www.card-gorilla.com/card/detail/2659,1,0,,MONTHLY
979,https://www.card-gorilla.com/card/detail/2661,1,400000,,MONTHLY
980,https://www.card-gorilla.com/card/detail/2662,1,500000,,MONTHLY
981,https://www.card-gorilla.com/card/detail/2663,1,500000,,MONTHLY
982,https://www.card-gorilla.com/card/detail/2664,1,500000,,MONTHLY
983,https://www.card-gorilla.com/card/detail/2665,1,0,,MONTHLY
984,https://www.card-gorilla.com/card/detail/2666,1,0,,MONTHLY
1259,https://www.card-gorilla.com/card/detail/2666,2,400000,,MONTHLY
985,https://www.card-gorilla.com/card/detail/2667,1,0,,MONTHLY
986,https://www.card-gorilla.com/card/detail/2668,1,0,,MONTHLY
987,https://www.card-gorilla.com/card/detail/2669,1,500000,,MONTHLY
988,https://www.card-gorilla.com/card/detail/2670,1,500000,,MONTHLY
989,https://www.card-gorilla.com/card/detail/2671,1,0,,MONTHLY
990,https://www.card-gorilla.com/card/detail/2673,1,200000,,MONTHLY
991,https://www.card-gorilla.com/card/detail/2676,1,500000,,MONTHLY
992,https://www.card-gorilla.com/card/detail/2677,1,500000,,MONTHLY
993,https://www.card-gorilla.com/card/detail/2678,1,500000,,MONTHLY
994,https://www.card-gorilla.com/card/detail/2679,1,500000,,MONTHLY
995,https://www.card-gorilla.com/card/detail/2680,1,500000,,MONTHLY
996,https://www.card-gorilla.com/card/detail/2681,1,500000,,MONTHLY
997,https://www.card-gorilla.com/card/detail/2682,1,300000,,MONTHLY
998,https://www.card-gorilla.com/card/detail/2683,1,500000,,MONTHLY
999,https://www.card-gorilla.com/card/detail/2684,1,500000,,MONTHLY
1000,https://www.card-gorilla.com/card/detail/2685,1,300000,,MONTHLY
1001,https://www.card-gorilla.com/card/detail/2686,1,300000,,MONTHLY
1002,https://www.card-gorilla.com/card/detail/2687,1,300000,,MONTHLY
1003,https://www.card-gorilla.com/card/detail/2688,1,300000,,MONTHLY
1004,https://www.card-gorilla.com/card/detail/2689,1,400000,,MONTHLY
1005,https://www.card-gorilla.com/card/detail/2690,1,300000,,MONTHLY
1006,https://www.card-gorilla.com/card/detail/2691,1,200000,,MONTHLY
1007,https://www.card-gorilla.com/card/detail/2692,1,500000,,MONTHLY
1008,https://www.card-gorilla.com/card/detail/2693,1,200000,,MONTHLY
1009,https://www.card-gorilla.com/card/detail/2694,1,300000,,MONTHLY
1010,https://www.card-gorilla.com/card/detail/2697,1,500000,,MONTHLY
1011,https://www.card-gorilla.com/card/detail/2699,1,400000,,MONTHLY
142,https://www.card-gorilla.com/card/detail/270,1,500000,,MONTHLY
1012,https://www.card-gorilla.com/card/detail/2700,1,0,,MONTHLY
1013,https://www.card-gorilla.com/card/detail/2701,1,500000,,MONTHLY
1014,https://www.card-gorilla.com/card/detail/2702,1,300000,,MONTHLY
1015,https://www.card-gorilla.com/card/detail/2703,1,500000,,MONTHLY
1016,https://www.card-gorilla.com/card/detail/2704,1,500000,,MONTHLY
1017,https://www.card-gorilla.com/card/detail/2705,1,500000,,MONTHLY
1018,https://www.card-gorilla.com/card/detail/2707,1,0,,MONTHLY
1019,https://www.card-gorilla.com/card/detail/2708,1,400000,,MONTHLY
1020,https://www.card-gorilla.com/card/detail/2709,1,500000,,MONTHLY
1021,https://www.card-gorilla.com/card/detail/2710,1,500000,,MONTHLY
1022,https://www.card-gorilla.com/card/detail/2711,1,500000,,MONTHLY
1023,https://www.card-gorilla.com/card/detail/2712,1,500000,,MONTHLY
1024,https://www.card-gorilla.com/card/detail/2713,1,500000,,MONTHLY
1025,https://www.card-gorilla.com/card/detail/2714,1,500000,,MONTHLY
1026,https://www.card-gorilla.com/card/detail/2715,1,500000,,MONTHLY
1027,https://www.card-gorilla.com/card/detail/2716,1,500000,,MONTHLY
1028,https://www.card-gorilla.com/card/detail/2717,1,500000,,MONTHLY
1029,https://www.card-gorilla.com/card/detail/2718,1,400000,,MONTHLY
1030,https://www.card-gorilla.com/card/detail/2719,1,0,,MONTHLY
1031,https://www.card-gorilla.com/card/detail/2721,1,300000,,MONTHLY
1032,https://www.card-gorilla.com/card/detail/2722,1,400000,,MONTHLY
1033,https://www.card-gorilla.com/card/detail/2723,1,400000,,MONTHLY
1034,https://www.card-gorilla.com/card/detail/2725,1,300000,,MONTHLY
1035,https://www.card-gorilla.com/card/detail/2726,1,400000,,MONTHLY
1036,https://www.card-gorilla.com/card/detail/2729,1,0,,MONTHLY
1037,https://www.card-gorilla.com/card/detail/2730,1,500000,,MONTHLY
1038,https://www.card-gorilla.com/card/detail/2731,1,400000,,MONTHLY
1039,https://www.card-gorilla.com/card/detail/2732,1,400000,,MONTHLY
1040,https://www.card-gorilla.com/card/detail/2733,1,0,,MONTHLY
1041,https://www.card-gorilla.com/card/detail/2734,1,300000,,MONTHLY
1042,https://www.card-gorilla.com/card/detail/2735,1,500000,,MONTHLY
1260,https://www.card-gorilla.com/card/detail/2735,2,300000,,MONTHLY
1043,https://www.card-gorilla.com/card/detail/2736,1,0,,MONTHLY
1044,https://www.card-gorilla.com/card/detail/2737,1,500000,,MONTHLY
1045,https://www.card-gorilla.com/card/detail/2738,1,500000,,MONTHLY
1046,https://www.card-gorilla.com/card/detail/2739,1,500000,,MONTHLY
1047,https://www.card-gorilla.com/card/detail/2740,1,0,,MONTHLY
1048,https://www.card-gorilla.com/card/detail/2741,1,0,,MONTHLY
1049,https://www.card-gorilla.com/card/detail/2742,1,0,,MONTHLY
1050,https://www.card-gorilla.com/card/detail/2743,1,500000,,MONTHLY
1051,https://www.card-gorilla.com/card/detail/2744,1,400000,,MONTHLY
1052,https://www.card-gorilla.com/card/detail/2746,1,500000,,MONTHLY
1053,https://www.card-gorilla.com/card/detail/2747,1,400000,,MONTHLY
1054,https://www.card-gorilla.com/card/detail/2748,1,400000,,MONTHLY
1055,https://www.card-gorilla.com/card/detail/2750,1,0,,MONTHLY
1056,https://www.card-gorilla.com/card/detail/2751,1,500000,,MONTHLY
1057,https://www.card-gorilla.com/card/detail/2752,1,500000,,MONTHLY
1058,https://www.card-gorilla.com/card/detail/2753,1,500000,,MONTHLY
1059,https://www.card-gorilla.com/card/detail/2755,1,500000,,MONTHLY
1060,https://www.card-gorilla.com/card/detail/2756,1,500000,,MONTHLY
1061,https://www.card-gorilla.com/card/detail/2757,1,500000,,MONTHLY
1062,https://www.card-gorilla.com/card/detail/2759,1,300000,,MONTHLY
1063,https://www.card-gorilla.com/card/detail/2760,1,300000,,MONTHLY
1064,https://www.card-gorilla.com/card/detail/2761,1,300000,,MONTHLY
1065,https://www.card-gorilla.com/card/detail/2762,1,0,,MONTHLY
1066,https://www.card-gorilla.com/card/detail/2763,1,400000,,MONTHLY
1067,https://www.card-gorilla.com/card/detail/2764,1,400000,,MONTHLY
1068,https://www.card-gorilla.com/card/detail/2765,1,300000,,MONTHLY
1069,https://www.card-gorilla.com/card/detail/2766,1,400000,,MONTHLY
1070,https://www.card-gorilla.com/card/detail/2767,1,200000,,MONTHLY
1071,https://www.card-gorilla.com/card/detail/2768,1,100000,,MONTHLY
1072,https://www.card-gorilla.com/card/detail/2769,1,400000,,MONTHLY
1073,https://www.card-gorilla.com/card/detail/2770,1,0,,MONTHLY
1074,https://www.card-gorilla.com/card/detail/2771,1,400000,,MONTHLY
1075,https://www.card-gorilla.com/card/detail/2775,1,200000,,MONTHLY
1076,https://www.card-gorilla.com/card/detail/2776,1,500000,,MONTHLY
1077,https://www.card-gorilla.com/card/detail/2777,1,500000,,MONTHLY
1078,https://www.card-gorilla.com/card/detail/2779,1,500000,,MONTHLY
1079,https://www.card-gorilla.com/card/detail/2780,1,500000,,MONTHLY
1080,https://www.card-gorilla.com/card/detail/2781,1,500000,,MONTHLY
1081,https://www.card-gorilla.com/card/detail/2782,1,100000,,MONTHLY
1082,https://www.card-gorilla.com/card/detail/2784,1,400000,,MONTHLY
1083,https://www.card-gorilla.com/card/detail/2785,1,0,,MONTHLY
1084,https://www.card-gorilla.com/card/detail/2786,1,0,,MONTHLY
1085,https://www.card-gorilla.com/card/detail/2787,1,500000,,MONTHLY
1086,https://www.card-gorilla.com/card/detail/2788,1,0,,MONTHLY
1087,https://www.card-gorilla.com/card/detail/2789,1,400000,,MONTHLY
143,https://www.card-gorilla.com/card/detail/279,1,200000,,MONTHLY
1088,https://www.card-gorilla.com/card/detail/2790,1,500000,,MONTHLY
1089,https://www.card-gorilla.com/card/detail/2791,1,500000,,MONTHLY
1090,https://www.card-gorilla.com/card/detail/2792,1,500000,,MONTHLY
1091,https://www.card-gorilla.com/card/detail/2793,1,500000,,MONTHLY
1092,https://www.card-gorilla.com/card/detail/2794,1,500000,,MONTHLY
1093,https://www.card-gorilla.com/card/detail/2795,1,0,,MONTHLY
1094,https://www.card-gorilla.com/card/detail/2799,1,400000,,MONTHLY
15,https://www.card-gorilla.com/card/detail/28,1,500000,,MONTHLY
1095,https://www.card-gorilla.com/card/detail/2805,1,0,,MONTHLY
1096,https://www.card-gorilla.com/card/detail/2806,1,0,,MONTHLY
1097,https://www.card-gorilla.com/card/detail/2807,1,500000,,MONTHLY
1098,https://www.card-gorilla.com/card/detail/2809,1,0,,MONTHLY
144,https://www.card-gorilla.com/card/detail/281,1,0,,MONTHLY
1099,https://www.card-gorilla.com/card/detail/2810,1,300000,,MONTHLY
1100,https://www.card-gorilla.com/card/detail/2811,1,300000,,MONTHLY
1101,https://www.card-gorilla.com/card/detail/2814,1,0,,MONTHLY
1102,https://www.card-gorilla.com/card/detail/2817,1,200000,,MONTHLY
145,https://www.card-gorilla.com/card/detail/282,1,300000,,MONTHLY
1103,https://www.card-gorilla.com/card/detail/2820,1,400000,,MONTHLY
1104,https://www.card-gorilla.com/card/detail/2821,1,400000,,MONTHLY
1105,https://www.card-gorilla.com/card/detail/2822,1,300000,,MONTHLY
1106,https://www.card-gorilla.com/card/detail/2823,1,500000,,MONTHLY
1107,https://www.card-gorilla.com/card/detail/2824,1,500000,,MONTHLY
1108,https://www.card-gorilla.com/card/detail/2825,1,200000,,MONTHLY
1109,https://www.card-gorilla.com/card/detail/2826,1,250000,,MONTHLY
1110,https://www.card-gorilla.com/card/detail/2827,1,400000,,MONTHLY
1111,https://www.card-gorilla.com/card/detail/2828,1,400000,,MONTHLY
1112,https://www.card-gorilla.com/card/detail/2830,1,0,,MONTHLY
1113,https://www.card-gorilla.com/card/detail/2831,1,300000,,MONTHLY
1114,https://www.card-gorilla.com/card/detail/2832,1,0,,MONTHLY
1115,https://www.card-gorilla.com/card/detail/2835,1,400000,,MONTHLY
1261,https://www.card-gorilla.com/card/detail/2835,2,300000,,MONTHLY
1116,https://www.card-gorilla.com/card/detail/2836,1,400000,,MONTHLY
1117,https://www.card-gorilla.com/card/detail/2837,1,400000,,MONTHLY
146,https://www.card-gorilla.com/card/detail/284,1,300000,,MONTHLY
1118,https://www.card-gorilla.com/card/detail/2840,1,300000,,MONTHLY
1119,https://www.card-gorilla.com/card/detail/2841,1,300000,,MONTHLY
1120,https://www.card-gorilla.com/card/detail/2842,1,500000,,MONTHLY
1121,https://www.card-gorilla.com/card/detail/2843,1,500000,,MONTHLY
1122,https://www.card-gorilla.com/card/detail/2844,1,0,,MONTHLY
1123,https://www.card-gorilla.com/card/detail/2845,1,400000,,MONTHLY
1124,https://www.card-gorilla.com/card/detail/2847,1,300000,,MONTHLY
1125,https://www.card-gorilla.com/card/detail/2848,1,500000,,MONTHLY
1126,https://www.card-gorilla.com/card/detail/2851,1,500000,,MONTHLY
1127,https://www.card-gorilla.com/card/detail/2852,1,0,,MONTHLY
1128,https://www.card-gorilla.com/card/detail/2853,1,400000,,MONTHLY
1129,https://www.card-gorilla.com/card/detail/2855,1,300000,,MONTHLY
1130,https://www.card-gorilla.com/card/detail/2856,1,1000000,,MONTHLY
1131,https://www.card-gorilla.com/card/detail/2857,1,0,,MONTHLY
1132,https://www.card-gorilla.com/card/detail/2858,1,0,,MONTHLY
1133,https://www.card-gorilla.com/card/detail/2859,1,400000,,MONTHLY
147,https://www.card-gorilla.com/card/detail/286,1,0,,MONTHLY
1134,https://www.card-gorilla.com/card/detail/2861,1,0,,MONTHLY
1135,https://www.card-gorilla.com/card/detail/2862,1,300000,,MONTHLY
1136,https://www.card-gorilla.com/card/detail/2863,1,0,,MONTHLY
1137,https://www.card-gorilla.com/card/detail/2864,1,0,,MONTHLY
1138,https://www.card-gorilla.com/card/detail/2865,1,0,,MONTHLY
1139,https://www.card-gorilla.com/card/detail/2867,1,500000,,MONTHLY
1140,https://www.card-gorilla.com/card/detail/2868,1,400000,,MONTHLY
1141,https://www.card-gorilla.com/card/detail/2869,1,400000,,MONTHLY
1142,https://www.card-gorilla.com/card/detail/2870,1,300000,,MONTHLY
1143,https://www.card-gorilla.com/card/detail/2872,1,0,,MONTHLY
1144,https://www.card-gorilla.com/card/detail/2873,1,400000,,MONTHLY
1145,https://www.card-gorilla.com/card/detail/2875,1,300000,,MONTHLY
1146,https://www.card-gorilla.com/card/detail/2876,1,0,,MONTHLY
1147,https://www.card-gorilla.com/card/detail/2877,1,500000,,MONTHLY
1148,https://www.card-gorilla.com/card/detail/2878,1,400000,,MONTHLY
1149,https://www.card-gorilla.com/card/detail/2879,1,400000,,MONTHLY
1150,https://www.card-gorilla.com/card/detail/2880,1,400000,,MONTHLY
1151,https://www.card-gorilla.com/card/detail/2881,1,400000,,MONTHLY
1152,https://www.card-gorilla.com/card/detail/2882,1,0,,MONTHLY
1153,https://www.card-gorilla.com/card/detail/2883,1,500000,,MONTHLY
1154,https://www.card-gorilla.com/card/detail/2884,1,200000,,MONTHLY
1155,https://www.card-gorilla.com/card/detail/2885,1,400000,,MONTHLY
1156,https://www.card-gorilla.com/card/detail/2886,1,300000,,MONTHLY
1157,https://www.card-gorilla.com/card/detail/2887,1,100000,,MONTHLY
1158,https://www.card-gorilla.com/card/detail/2888,1,0,,MONTHLY
1159,https://www.card-gorilla.com/card/detail/2889,1,100000,,MONTHLY
1160,https://www.card-gorilla.com/card/detail/2890,1,200000,,MONTHLY
1161,https://www.card-gorilla.com/card/detail/2891,1,200000,,MONTHLY
1162,https://www.card-gorilla.com/card/detail/2892,1,200000,,MONTHLY
1163,https://www.card-gorilla.com/card/detail/2893,1,200000,,MONTHLY
1164,https://www.card-gorilla.com/card/detail/2894,1,300000,,MONTHLY
1165,https://www.card-gorilla.com/card/detail/2896,1,400000,,MONTHLY
1166,https://www.card-gorilla.com/card/detail/2897,1,500000,,MONTHLY
1167,https://www.card-gorilla.com/card/detail/2898,1,500000,,MONTHLY
1168,https://www.card-gorilla.com/card/detail/2899,1,400000,,MONTHLY
1169,https://www.card-gorilla.com/card/detail/2902,1,500000,,MONTHLY
1170,https://www.card-gorilla.com/card/detail/2903,1,300000,,MONTHLY
1171,https://www.card-gorilla.com/card/detail/2904,1,500000,,MONTHLY
1172,https://www.card-gorilla.com/card/detail/2905,1,200000,,MONTHLY
1173,https://www.card-gorilla.com/card/detail/2906,1,0,,MONTHLY
1174,https://www.card-gorilla.com/card/detail/2907,1,300000,,MONTHLY
1175,https://www.card-gorilla.com/card/detail/2908,1,0,,MONTHLY
1176,https://www.card-gorilla.com/card/detail/2909,1,300000,,MONTHLY
1177,https://www.card-gorilla.com/card/detail/2912,1,300000,,MONTHLY
1178,https://www.card-gorilla.com/card/detail/2913,1,300000,,MONTHLY
1179,https://www.card-gorilla.com/card/detail/2914,1,0,,MONTHLY
1180,https://www.card-gorilla.com/card/detail/2915,1,500000,,MONTHLY
1181,https://www.card-gorilla.com/card/detail/2916,1,400000,,MONTHLY
1182,https://www.card-gorilla.com/card/detail/2918,1,300000,,MONTHLY
1183,https://www.card-gorilla.com/card/detail/2919,1,0,,MONTHLY
1184,https://www.card-gorilla.com/card/detail/2921,1,300000,,MONTHLY
1185,https://www.card-gorilla.com/card/detail/2922,1,0,,MONTHLY
1186,https://www.card-gorilla.com/card/detail/2923,1,300000,,MONTHLY
1187,https://www.card-gorilla.com/card/detail/2924,1,500000,,MONTHLY
1188,https://www.card-gorilla.com/card/detail/2929,1,200000,,MONTHLY
1189,https://www.card-gorilla.com/card/detail/2930,1,400000,,MONTHLY
1190,https://www.card-gorilla.com/card/detail/2931,1,400000,,MONTHLY
1191,https://www.card-gorilla.com/card/detail/2933,1,100000,,MONTHLY
1192,https://www.card-gorilla.com/card/detail/2934,1,100000,,MONTHLY
1193,https://www.card-gorilla.com/card/detail/2935,1,0,,MONTHLY
1194,https://www.card-gorilla.com/card/detail/2936,1,0,,MONTHLY
1195,https://www.card-gorilla.com/card/detail/2937,1,500000,,MONTHLY
1196,https://www.card-gorilla.com/card/detail/2938,1,500000,,MONTHLY
1262,https://www.card-gorilla.com/card/detail/2938,2,1000000,,MONTHLY
1197,https://www.card-gorilla.com/card/detail/2939,1,500000,,MONTHLY
1263,https://www.card-gorilla.com/card/detail/2939,2,1000000,,MONTHLY
148,https://www.card-gorilla.com/card/detail/294,1,300000,,MONTHLY
1198,https://www.card-gorilla.com/card/detail/2940,1,500000,,MONTHLY
1264,https://www.card-gorilla.com/card/detail/2940,2,1000000,,MONTHLY
1199,https://www.card-gorilla.com/card/detail/2942,1,400000,,MONTHLY
1200,https://www.card-gorilla.com/card/detail/2943,1,400000,,MONTHLY
1201,https://www.card-gorilla.com/card/detail/2944,1,500000,,MONTHLY
1265,https://www.card-gorilla.com/card/detail/2944,2,1000000,,MONTHLY
1202,https://www.card-gorilla.com/card/detail/2947,1,300000,,MONTHLY
1203,https://www.card-gorilla.com/card/detail/2948,1,300000,,MONTHLY
1204,https://www.card-gorilla.com/card/detail/2950,1,0,,MONTHLY
1205,https://www.card-gorilla.com/card/detail/2951,1,0,,MONTHLY
1206,https://www.card-gorilla.com/card/detail/2952,1,400000,,MONTHLY
1207,https://www.card-gorilla.com/card/detail/2953,1,300000,,MONTHLY
1208,https://www.card-gorilla.com/card/detail/2954,1,300000,,MONTHLY
1209,https://www.card-gorilla.com/card/detail/2955,1,300000,,MONTHLY
1210,https://www.card-gorilla.com/card/detail/2956,1,300000,,MONTHLY
1211,https://www.card-gorilla.com/card/detail/2957,1,300000,,MONTHLY
149,https://www.card-gorilla.com/card/detail/296,1,200000,,MONTHLY
1212,https://www.card-gorilla.com/card/detail/2960,1,400000,,MONTHLY
1213,https://www.card-gorilla.com/card/detail/2961,1,0,,MONTHLY
1214,https://www.card-gorilla.com/card/detail/2962,1,400000,,MONTHLY
1215,https://www.card-gorilla.com/card/detail/2963,1,400000,,MONTHLY
1216,https://www.card-gorilla.com/card/detail/2964,1,400000,,MONTHLY
1217,https://www.card-gorilla.com/card/detail/2967,1,400000,,MONTHLY
1218,https://www.card-gorilla.com/card/detail/2968,1,400000,,MONTHLY
1219,https://www.card-gorilla.com/card/detail/2969,1,400000,,MONTHLY
1220,https://www.card-gorilla.com/card/detail/2970,1,400000,,MONTHLY
1221,https://www.card-gorilla.com/card/detail/2971,1,300000,,MONTHLY
1222,https://www.card-gorilla.com/card/detail/2972,1,0,,MONTHLY
1266,https://www.card-gorilla.com/card/detail/2972,2,300000,,MONTHLY
1223,https://www.card-gorilla.com/card/detail/2973,1,0,,MONTHLY
1267,https://www.card-gorilla.com/card/detail/2973,2,300000,,MONTHLY
1224,https://www.card-gorilla.com/card/detail/2974,1,300000,,MONTHLY
1225,https://www.card-gorilla.com/card/detail/2975,1,0,,MONTHLY
1226,https://www.card-gorilla.com/card/detail/2977,1,0,,MONTHLY
1227,https://www.card-gorilla.com/card/detail/2978,1,500000,,MONTHLY
1228,https://www.card-gorilla.com/card/detail/2979,1,300000,,MONTHLY
1229,https://www.card-gorilla.com/card/detail/2980,1,0,,MONTHLY
1230,https://www.card-gorilla.com/card/detail/2981,1,0,,MONTHLY
1231,https://www.card-gorilla.com/card/detail/2982,1,0,,MONTHLY
1268,https://www.card-gorilla.com/card/detail/2982,2,300000,,MONTHLY
1232,https://www.card-gorilla.com/card/detail/2983,1,0,,MONTHLY
1269,https://www.card-gorilla.com/card/detail/2983,2,300000,,MONTHLY
1233,https://www.card-gorilla.com/card/detail/2984,1,300000,,MONTHLY
1234,https://www.card-gorilla.com/card/detail/2985,1,0,,MONTHLY
1235,https://www.card-gorilla.com/card/detail/2986,1,0,,MONTHLY
1270,https://www.card-gorilla.com/card/detail/2986,2,500000,,MONTHLY
1236,https://www.card-gorilla.com/card/detail/2987,1,0,,MONTHLY
1237,https://www.card-gorilla.com/card/detail/2988,1,400000,,MONTHLY
1238,https://www.card-gorilla.com/card/detail/2989,1,400000,,MONTHLY
1239,https://www.card-gorilla.com/card/detail/2990,1,400000,,MONTHLY
1240,https://www.card-gorilla.com/card/detail/2991,1,0,,MONTHLY
1241,https://www.card-gorilla.com/card/detail/2992,1,0,,MONTHLY
1242,https://www.card-gorilla.com/card/detail/2993,1,500000,,MONTHLY
1243,https://www.card-gorilla.com/card/detail/2994,1,500000,,MONTHLY
1244,https://www.card-gorilla.com/card/detail/2997,1,500000,,MONTHLY
1245,https://www.card-gorilla.com/card/detail/2998,1,500000,,MONTHLY
3,https://www.card-gorilla.com/card/detail/3,1,300000,,MONTHLY
150,https://www.card-gorilla.com/card/detail/300,1,200000,,MONTHLY
1246,https://www.card-gorilla.com/card/detail/3000,1,300000,,MONTHLY
151,https://www.card-gorilla.com/card/detail/301,1,300000,,MONTHLY
1247,https://www.card-gorilla.com/card/detail/3016,1,500000,,MONTHLY
152,https://www.card-gorilla.com/card/detail/302,1,300000,,MONTHLY
153,https://www.card-gorilla.com/card/detail/303,1,0,,MONTHLY
154,https://www.card-gorilla.com/card/detail/306,1,200000,,MONTHLY
155,https://www.card-gorilla.com/card/detail/307,1,200000,,MONTHLY
156,https://www.card-gorilla.com/card/detail/309,1,200000,,MONTHLY
157,https://www.card-gorilla.com/card/detail/311,1,0,,MONTHLY
158,https://www.card-gorilla.com/card/detail/312,1,200000,,MONTHLY
159,https://www.card-gorilla.com/card/detail/313,1,250000,,MONTHLY
160,https://www.card-gorilla.com/card/detail/315,1,200000,,MONTHLY
161,https://www.card-gorilla.com/card/detail/316,1,300000,,MONTHLY
162,https://www.card-gorilla.com/card/detail/317,1,300000,,MONTHLY
163,https://www.card-gorilla.com/card/detail/318,1,200000,,MONTHLY
164,https://www.card-gorilla.com/card/detail/320,1,300000,,MONTHLY
165,https://www.card-gorilla.com/card/detail/322,1,300000,,MONTHLY
166,https://www.card-gorilla.com/card/detail/323,1,300000,,MONTHLY
167,https://www.card-gorilla.com/card/detail/324,1,300000,,MONTHLY
168,https://www.card-gorilla.com/card/detail/325,1,300000,,MONTHLY
169,https://www.card-gorilla.com/card/detail/326,1,200000,,MONTHLY
170,https://www.card-gorilla.com/card/detail/328,1,250000,,MONTHLY
171,https://www.card-gorilla.com/card/detail/329,1,300000,,MONTHLY
172,https://www.card-gorilla.com/card/detail/330,1,100000,,MONTHLY
173,https://www.card-gorilla.com/card/detail/331,1,200000,,MONTHLY
174,https://www.card-gorilla.com/card/detail/332,1,300000,,MONTHLY
175,https://www.card-gorilla.com/card/detail/333,1,300000,,MONTHLY
176,https://www.card-gorilla.com/card/detail/334,1,300000,,MONTHLY
177,https://www.card-gorilla.com/card/detail/335,1,300000,,MONTHLY
178,https://www.card-gorilla.com/card/detail/336,1,100000,,MONTHLY
179,https://www.card-gorilla.com/card/detail/338,1,300000,,MONTHLY
180,https://www.card-gorilla.com/card/detail/339,1,300000,,MONTHLY
181,https://www.card-gorilla.com/card/detail/340,1,200000,,MONTHLY
182,https://www.card-gorilla.com/card/detail/341,1,300000,,MONTHLY
183,https://www.card-gorilla.com/card/detail/342,1,200000,,MONTHLY
184,https://www.card-gorilla.com/card/detail/343,1,200000,,MONTHLY
185,https://www.card-gorilla.com/card/detail/344,1,100000,,MONTHLY
186,https://www.card-gorilla.com/card/detail/345,1,300000,,MONTHLY
187,https://www.card-gorilla.com/card/detail/346,1,300000,,MONTHLY
188,https://www.card-gorilla.com/card/detail/347,1,200000,,MONTHLY
189,https://www.card-gorilla.com/card/detail/348,1,200000,,MONTHLY
190,https://www.card-gorilla.com/card/detail/349,1,200000,,MONTHLY
16,https://www.card-gorilla.com/card/detail/35,1,200000,,MONTHLY
191,https://www.card-gorilla.com/card/detail/350,1,200000,,MONTHLY
192,https://www.card-gorilla.com/card/detail/351,1,200000,,MONTHLY
193,https://www.card-gorilla.com/card/detail/353,1,300000,,MONTHLY
194,https://www.card-gorilla.com/card/detail/354,1,300000,,MONTHLY
195,https://www.card-gorilla.com/card/detail/355,1,300000,,MONTHLY
196,https://www.card-gorilla.com/card/detail/357,1,300000,,MONTHLY
197,https://www.card-gorilla.com/card/detail/359,1,300000,,MONTHLY
17,https://www.card-gorilla.com/card/detail/36,1,300000,,MONTHLY
198,https://www.card-gorilla.com/card/detail/364,1,300000,,MONTHLY
199,https://www.card-gorilla.com/card/detail/366,1,0,,MONTHLY
200,https://www.card-gorilla.com/card/detail/369,1,200000,,MONTHLY
18,https://www.card-gorilla.com/card/detail/37,1,300000,,MONTHLY
201,https://www.card-gorilla.com/card/detail/372,1,300000,,MONTHLY
202,https://www.card-gorilla.com/card/detail/378,1,0,,MONTHLY
19,https://www.card-gorilla.com/card/detail/38,1,300000,,MONTHLY
203,https://www.card-gorilla.com/card/detail/380,1,200000,,MONTHLY
204,https://www.card-gorilla.com/card/detail/382,1,250000,,MONTHLY
205,https://www.card-gorilla.com/card/detail/383,1,250000,,MONTHLY
206,https://www.card-gorilla.com/card/detail/388,1,250000,,MONTHLY
207,https://www.card-gorilla.com/card/detail/389,1,200000,,MONTHLY
20,https://www.card-gorilla.com/card/detail/39,1,300000,,MONTHLY
208,https://www.card-gorilla.com/card/detail/390,1,300000,,MONTHLY
209,https://www.card-gorilla.com/card/detail/391,1,100000,,MONTHLY
210,https://www.card-gorilla.com/card/detail/392,1,0,,MONTHLY
211,https://www.card-gorilla.com/card/detail/393,1,0,,MONTHLY
212,https://www.card-gorilla.com/card/detail/394,1,0,,MONTHLY
213,https://www.card-gorilla.com/card/detail/400,1,0,,MONTHLY
214,https://www.card-gorilla.com/card/detail/402,1,100000,,MONTHLY
215,https://www.card-gorilla.com/card/detail/403,1,0,,MONTHLY
216,https://www.card-gorilla.com/card/detail/404,1,300000,,MONTHLY
217,https://www.card-gorilla.com/card/detail/406,1,300000,,MONTHLY
218,https://www.card-gorilla.com/card/detail/407,1,0,,MONTHLY
219,https://www.card-gorilla.com/card/detail/408,1,0,,MONTHLY
21,https://www.card-gorilla.com/card/detail/41,1,300000,,MONTHLY
220,https://www.card-gorilla.com/card/detail/410,1,0,,MONTHLY
221,https://www.card-gorilla.com/card/detail/414,1,0,,MONTHLY
222,https://www.card-gorilla.com/card/detail/415,1,0,,MONTHLY
223,https://www.card-gorilla.com/card/detail/418,1,0,,MONTHLY
224,https://www.card-gorilla.com/card/detail/419,1,0,,MONTHLY
22,https://www.card-gorilla.com/card/detail/42,1,300000,,MONTHLY
225,https://www.card-gorilla.com/card/detail/420,1,0,,MONTHLY
226,https://www.card-gorilla.com/card/detail/421,1,300000,,MONTHLY
227,https://www.card-gorilla.com/card/detail/422,1,500000,,MONTHLY
228,https://www.card-gorilla.com/card/detail/423,1,0,,MONTHLY
229,https://www.card-gorilla.com/card/detail/424,1,0,,MONTHLY
230,https://www.card-gorilla.com/card/detail/425,1,0,,MONTHLY
231,https://www.card-gorilla.com/card/detail/426,1,0,,MONTHLY
23,https://www.card-gorilla.com/card/detail/43,1,300000,,MONTHLY
232,https://www.card-gorilla.com/card/detail/430,1,0,,MONTHLY
233,https://www.card-gorilla.com/card/detail/432,1,0,,MONTHLY
234,https://www.card-gorilla.com/card/detail/434,1,0,,MONTHLY
235,https://www.card-gorilla.com/card/detail/439,1,300000,,MONTHLY
236,https://www.card-gorilla.com/card/detail/444,1,0,,MONTHLY
237,https://www.card-gorilla.com/card/detail/447,1,500000,,MONTHLY
238,https://www.card-gorilla.com/card/detail/448,1,500000,,MONTHLY
239,https://www.card-gorilla.com/card/detail/449,1,0,,MONTHLY
24,https://www.card-gorilla.com/card/detail/45,1,300000,,MONTHLY
240,https://www.card-gorilla.com/card/detail/450,1,0,,MONTHLY
241,https://www.card-gorilla.com/card/detail/451,1,0,,MONTHLY
242,https://www.card-gorilla.com/card/detail/452,1,0,,MONTHLY
243,https://www.card-gorilla.com/card/detail/453,1,0,,MONTHLY
244,https://www.card-gorilla.com/card/detail/454,1,100000,,MONTHLY
245,https://www.card-gorilla.com/card/detail/455,1,300000,,MONTHLY
246,https://www.card-gorilla.com/card/detail/457,1,250000,,MONTHLY
247,https://www.card-gorilla.com/card/detail/458,1,300000,,MONTHLY
248,https://www.card-gorilla.com/card/detail/459,1,300000,,MONTHLY
25,https://www.card-gorilla.com/card/detail/46,1,300000,,MONTHLY
249,https://www.card-gorilla.com/card/detail/465,1,300000,,MONTHLY
250,https://www.card-gorilla.com/card/detail/466,1,500000,,MONTHLY
251,https://www.card-gorilla.com/card/detail/469,1,500000,,MONTHLY
252,https://www.card-gorilla.com/card/detail/470,1,500000,,MONTHLY
253,https://www.card-gorilla.com/card/detail/471,1,300000,,MONTHLY
254,https://www.card-gorilla.com/card/detail/473,1,300000,,MONTHLY
255,https://www.card-gorilla.com/card/detail/476,1,400000,,MONTHLY
256,https://www.card-gorilla.com/card/detail/477,1,400000,,MONTHLY
257,https://www.card-gorilla.com/card/detail/478,1,0,,MONTHLY
258,https://www.card-gorilla.com/card/detail/479,1,0,,MONTHLY
259,https://www.card-gorilla.com/card/detail/480,1,300000,,MONTHLY
260,https://www.card-gorilla.com/card/detail/481,1,300000,,MONTHLY
261,https://www.card-gorilla.com/card/detail/482,1,300000,,MONTHLY
262,https://www.card-gorilla.com/card/detail/486,1,200000,,MONTHLY
263,https://www.card-gorilla.com/card/detail/487,1,300000,,MONTHLY
264,https://www.card-gorilla.com/card/detail/488,1,500000,,MONTHLY
265,https://www.card-gorilla.com/card/detail/489,1,500000,,MONTHLY
26,https://www.card-gorilla.com/card/detail/49,1,0,,MONTHLY
266,https://www.card-gorilla.com/card/detail/490,1,0,,MONTHLY
267,https://www.card-gorilla.com/card/detail/491,1,0,,MONTHLY
268,https://www.card-gorilla.com/card/detail/498,1,0,,MONTHLY
27,https://www.card-gorilla.com/card/detail/50,1,300000,,MONTHLY
269,https://www.card-gorilla.com/card/detail/500,1,0,,MONTHLY
270,https://www.card-gorilla.com/card/detail/501,1,0,,MONTHLY
271,https://www.card-gorilla.com/card/detail/502,1,0,,MONTHLY
272,https://www.card-gorilla.com/card/detail/507,1,400000,,MONTHLY
273,https://www.card-gorilla.com/card/detail/508,1,400000,,MONTHLY
28,https://www.card-gorilla.com/card/detail/51,1,300000,,MONTHLY
274,https://www.card-gorilla.com/card/detail/516,1,400000,,MONTHLY
275,https://www.card-gorilla.com/card/detail/517,1,500000,,MONTHLY
29,https://www.card-gorilla.com/card/detail/52,1,500000,,MONTHLY
276,https://www.card-gorilla.com/card/detail/521,1,300000,,MONTHLY
277,https://www.card-gorilla.com/card/detail/522,1,500000,,MONTHLY
278,https://www.card-gorilla.com/card/detail/523,1,300000,,MONTHLY
279,https://www.card-gorilla.com/card/detail/529,1,500000,,MONTHLY
30,https://www.card-gorilla.com/card/detail/53,1,300000,,MONTHLY
280,https://www.card-gorilla.com/card/detail/533,1,500000,,MONTHLY
281,https://www.card-gorilla.com/card/detail/534,1,0,,MONTHLY
282,https://www.card-gorilla.com/card/detail/535,1,0,,MONTHLY
283,https://www.card-gorilla.com/card/detail/536,1,400000,,MONTHLY
284,https://www.card-gorilla.com/card/detail/537,1,400000,,MONTHLY
285,https://www.card-gorilla.com/card/detail/538,1,500000,,MONTHLY
286,https://www.card-gorilla.com/card/detail/539,1,0,,MONTHLY
31,https://www.card-gorilla.com/card/detail/54,1,0,,MONTHLY
287,https://www.card-gorilla.com/card/detail/540,1,400000,,MONTHLY
288,https://www.card-gorilla.com/card/detail/541,1,400000,,MONTHLY
289,https://www.card-gorilla.com/card/detail/542,1,300000,,MONTHLY
290,https://www.card-gorilla.com/card/detail/543,1,400000,,MONTHLY
291,https://www.card-gorilla.com/card/detail/544,1,400000,,MONTHLY
292,https://www.card-gorilla.com/card/detail/545,1,300000,,MONTHLY
293,https://www.card-gorilla.com/card/detail/546,1,0,,MONTHLY
294,https://www.card-gorilla.com/card/detail/548,1,500000,,MONTHLY
32,https://www.card-gorilla.com/card/detail/55,1,300000,,MONTHLY
295,https://www.card-gorilla.com/card/detail/551,1,500000,,MONTHLY
296,https://www.card-gorilla.com/card/detail/558,1,500000,,MONTHLY
297,https://www.card-gorilla.com/card/detail/559,1,200000,,MONTHLY
33,https://www.card-gorilla.com/card/detail/56,1,500000,,MONTHLY
298,https://www.card-gorilla.com/card/detail/561,1,200000,,MONTHLY
299,https://www.card-gorilla.com/card/detail/568,1,0,,MONTHLY
300,https://www.card-gorilla.com/card/detail/569,1,500000,,MONTHLY
34,https://www.card-gorilla.com/card/detail/57,1,500000,,MONTHLY
301,https://www.card-gorilla.com/card/detail/578,1,0,,MONTHLY
302,https://www.card-gorilla.com/card/detail/579,1,500000,,MONTHLY
35,https://www.card-gorilla.com/card/detail/58,1,500000,,MONTHLY
303,https://www.card-gorilla.com/card/detail/580,1,500000,,MONTHLY
304,https://www.card-gorilla.com/card/detail/581,1,400000,,MONTHLY
305,https://www.card-gorilla.com/card/detail/582,1,300000,,MONTHLY
306,https://www.card-gorilla.com/card/detail/583,1,300000,,MONTHLY
307,https://www.card-gorilla.com/card/detail/584,1,200000,,MONTHLY
308,https://www.card-gorilla.com/card/detail/587,1,300000,,MONTHLY
309,https://www.card-gorilla.com/card/detail/588,1,0,,MONTHLY
310,https://www.card-gorilla.com/card/detail/589,1,0,,MONTHLY
36,https://www.card-gorilla.com/card/detail/59,1,500000,,MONTHLY
311,https://www.card-gorilla.com/card/detail/591,1,500000,,MONTHLY
312,https://www.card-gorilla.com/card/detail/592,1,0,,MONTHLY
313,https://www.card-gorilla.com/card/detail/594,1,300000,,MONTHLY
314,https://www.card-gorilla.com/card/detail/595,1,300000,,MONTHLY
315,https://www.card-gorilla.com/card/detail/596,1,0,,MONTHLY
316,https://www.card-gorilla.com/card/detail/597,1,300000,,MONTHLY
317,https://www.card-gorilla.com/card/detail/598,1,300000,,MONTHLY
318,https://www.card-gorilla.com/card/detail/599,1,300000,,MONTHLY
319,https://www.card-gorilla.com/card/detail/600,1,0,,MONTHLY
320,https://www.card-gorilla.com/card/detail/601,1,0,,MONTHLY
321,https://www.card-gorilla.com/card/detail/602,1,0,,MONTHLY
322,https://www.card-gorilla.com/card/detail/603,1,0,,MONTHLY
323,https://www.card-gorilla.com/card/detail/606,1,400000,,MONTHLY
324,https://www.card-gorilla.com/card/detail/607,1,400000,,MONTHLY
325,https://www.card-gorilla.com/card/detail/608,1,0,,MONTHLY
326,https://www.card-gorilla.com/card/detail/609,1,0,,MONTHLY
37,https://www.card-gorilla.com/card/detail/61,1,0,,MONTHLY
327,https://www.card-gorilla.com/card/detail/610,1,0,,MONTHLY
328,https://www.card-gorilla.com/card/detail/611,1,0,,MONTHLY
329,https://www.card-gorilla.com/card/detail/613,1,500000,,MONTHLY
330,https://www.card-gorilla.com/card/detail/614,1,300000,,MONTHLY
331,https://www.card-gorilla.com/card/detail/615,1,500000,,MONTHLY
332,https://www.card-gorilla.com/card/detail/616,1,0,,MONTHLY
333,https://www.card-gorilla.com/card/detail/617,1,300000,,MONTHLY
334,https://www.card-gorilla.com/card/detail/618,1,200000,,MONTHLY
38,https://www.card-gorilla.com/card/detail/62,1,0,,MONTHLY
335,https://www.card-gorilla.com/card/detail/620,1,1500000,,MONTHLY
336,https://www.card-gorilla.com/card/detail/621,1,1500000,,MONTHLY
337,https://www.card-gorilla.com/card/detail/622,1,1500000,,MONTHLY
338,https://www.card-gorilla.com/card/detail/623,1,1500000,,MONTHLY
339,https://www.card-gorilla.com/card/detail/624,1,1500000,,MONTHLY
340,https://www.card-gorilla.com/card/detail/625,1,1500000,,MONTHLY
341,https://www.card-gorilla.com/card/detail/626,1,1500000,,MONTHLY
342,https://www.card-gorilla.com/card/detail/627,1,0,,MONTHLY
343,https://www.card-gorilla.com/card/detail/628,1,300000,,MONTHLY
39,https://www.card-gorilla.com/card/detail/63,1,300000,,MONTHLY
344,https://www.card-gorilla.com/card/detail/630,1,500000,,MONTHLY
345,https://www.card-gorilla.com/card/detail/634,1,500000,,MONTHLY
346,https://www.card-gorilla.com/card/detail/638,1,300000,,MONTHLY
40,https://www.card-gorilla.com/card/detail/64,1,300000,,MONTHLY
347,https://www.card-gorilla.com/card/detail/644,1,200000,,MONTHLY
348,https://www.card-gorilla.com/card/detail/645,1,0,,MONTHLY
349,https://www.card-gorilla.com/card/detail/646,1,0,,MONTHLY
350,https://www.card-gorilla.com/card/detail/647,1,300000,,MONTHLY
351,https://www.card-gorilla.com/card/detail/649,1,500000,,MONTHLY
352,https://www.card-gorilla.com/card/detail/650,1,300000,,MONTHLY
353,https://www.card-gorilla.com/card/detail/651,1,0,,MONTHLY
354,https://www.card-gorilla.com/card/detail/652,1,400000,,MONTHLY
355,https://www.card-gorilla.com/card/detail/656,1,300000,,MONTHLY
356,https://www.card-gorilla.com/card/detail/657,1,300000,,MONTHLY
357,https://www.card-gorilla.com/card/detail/658,1,300000,,MONTHLY
358,https://www.card-gorilla.com/card/detail/659,1,300000,,MONTHLY
359,https://www.card-gorilla.com/card/detail/661,1,500000,,MONTHLY
360,https://www.card-gorilla.com/card/detail/662,1,300000,,MONTHLY
361,https://www.card-gorilla.com/card/detail/663,1,400000,,MONTHLY
362,https://www.card-gorilla.com/card/detail/664,1,0,,MONTHLY
363,https://www.card-gorilla.com/card/detail/667,1,300000,,MONTHLY
364,https://www.card-gorilla.com/card/detail/673,1,300000,,MONTHLY
365,https://www.card-gorilla.com/card/detail/677,1,300000,,MONTHLY
366,https://www.card-gorilla.com/card/detail/679,1,50000,,MONTHLY
367,https://www.card-gorilla.com/card/detail/680,1,50000,,MONTHLY
368,https://www.card-gorilla.com/card/detail/681,1,0,,MONTHLY
369,https://www.card-gorilla.com/card/detail/684,1,100000,,MONTHLY
370,https://www.card-gorilla.com/card/detail/685,1,100000,,MONTHLY
371,https://www.card-gorilla.com/card/detail/687,1,400000,,MONTHLY
372,https://www.card-gorilla.com/card/detail/688,1,300000,,MONTHLY
373,https://www.card-gorilla.com/card/detail/689,1,300000,,MONTHLY
374,https://www.card-gorilla.com/card/detail/690,1,0,,MONTHLY
375,https://www.card-gorilla.com/card/detail/691,1,0,,MONTHLY
376,https://www.card-gorilla.com/card/detail/692,1,500000,,MONTHLY
377,https://www.card-gorilla.com/card/detail/693,1,400000,,MONTHLY
378,https://www.card-gorilla.com/card/detail/694,1,300000,,MONTHLY
379,https://www.card-gorilla.com/card/detail/695,1,500000,,MONTHLY
380,https://www.card-gorilla.com/card/detail/696,1,300000,,MONTHLY
381,https://www.card-gorilla.com/card/detail/697,1,400000,,MONTHLY
382,https://www.card-gorilla.com/card/detail/699,1,400000,,MONTHLY
383,https://www.card-gorilla.com/card/detail/700,1,500000,,MONTHLY
384,https://www.card-gorilla.com/card/detail/701,1,500000,,MONTHLY
385,https://www.card-gorilla.com/card/detail/702,1,500000,,MONTHLY
386,https://www.card-gorilla.com/card/detail/703,1,500000,,MONTHLY
387,https://www.card-gorilla.com/card/detail/704,1,500000,,MONTHLY
388,https://www.card-gorilla.com/card/detail/705,1,500000,,MONTHLY
389,https://www.card-gorilla.com/card/detail/706,1,0,,MONTHLY
390,https://www.card-gorilla.com/card/detail/707,1,750000,,MONTHLY
391,https://www.card-gorilla.com/card/detail/708,1,300000,,MONTHLY
392,https://www.card-gorilla.com/card/detail/712,1,300000,,MONTHLY
393,https://www.card-gorilla.com/card/detail/713,1,300000,,MONTHLY
394,https://www.card-gorilla.com/card/detail/716,1,0,,MONTHLY
395,https://www.card-gorilla.com/card/detail/717,1,0,,MONTHLY
396,https://www.card-gorilla.com/card/detail/718,1,0,,MONTHLY
397,https://www.card-gorilla.com/card/detail/719,1,500000,,MONTHLY
41,https://www.card-gorilla.com/card/detail/72,1,400000,,MONTHLY
398,https://www.card-gorilla.com/card/detail/720,1,300000,,MONTHLY
399,https://www.card-gorilla.com/card/detail/721,1,300000,,MONTHLY
400,https://www.card-gorilla.com/card/detail/722,1,300000,,MONTHLY
401,https://www.card-gorilla.com/card/detail/724,1,0,,MONTHLY
402,https://www.card-gorilla.com/card/detail/725,1,300000,,MONTHLY
403,https://www.card-gorilla.com/card/detail/726,1,500000,,MONTHLY
404,https://www.card-gorilla.com/card/detail/727,1,300000,,MONTHLY
405,https://www.card-gorilla.com/card/detail/728,1,300000,,MONTHLY
406,https://www.card-gorilla.com/card/detail/729,1,300000,,MONTHLY
42,https://www.card-gorilla.com/card/detail/73,1,300000,,MONTHLY
407,https://www.card-gorilla.com/card/detail/730,1,400000,,MONTHLY
408,https://www.card-gorilla.com/card/detail/731,1,400000,,MONTHLY
409,https://www.card-gorilla.com/card/detail/732,1,400000,,MONTHLY
410,https://www.card-gorilla.com/card/detail/733,1,300000,,MONTHLY
411,https://www.card-gorilla.com/card/detail/735,1,500000,,MONTHLY
412,https://www.card-gorilla.com/card/detail/736,1,0,,MONTHLY
413,https://www.card-gorilla.com/card/detail/738,1,0,,MONTHLY
414,https://www.card-gorilla.com/card/detail/739,1,100000,,MONTHLY
43,https://www.card-gorilla.com/card/detail/74,1,300000,,MONTHLY
415,https://www.card-gorilla.com/card/detail/740,1,500000,,MONTHLY
416,https://www.card-gorilla.com/card/detail/741,1,500000,,MONTHLY
417,https://www.card-gorilla.com/card/detail/744,1,300000,,MONTHLY
418,https://www.card-gorilla.com/card/detail/745,1,500000,,MONTHLY
419,https://www.card-gorilla.com/card/detail/746,1,250000,,MONTHLY
420,https://www.card-gorilla.com/card/detail/747,1,300000,,MONTHLY
421,https://www.card-gorilla.com/card/detail/749,1,0,,MONTHLY
422,https://www.card-gorilla.com/card/detail/750,1,250000,,MONTHLY
423,https://www.card-gorilla.com/card/detail/751,1,400000,,MONTHLY
424,https://www.card-gorilla.com/card/detail/752,1,300000,,MONTHLY
425,https://www.card-gorilla.com/card/detail/753,1,300000,,MONTHLY
426,https://www.card-gorilla.com/card/detail/754,1,300000,,MONTHLY
427,https://www.card-gorilla.com/card/detail/755,1,300000,,MONTHLY
428,https://www.card-gorilla.com/card/detail/756,1,0,,MONTHLY
429,https://www.card-gorilla.com/card/detail/757,1,300000,,MONTHLY
430,https://www.card-gorilla.com/card/detail/758,1,300000,,MONTHLY
431,https://www.card-gorilla.com/card/detail/760,1,50000,,MONTHLY
432,https://www.card-gorilla.com/card/detail/761,1,500000,,MONTHLY
433,https://www.card-gorilla.com/card/detail/762,1,200000,,MONTHLY
434,https://www.card-gorilla.com/card/detail/763,1,500000,,MONTHLY
435,https://www.card-gorilla.com/card/detail/764,1,0,,MONTHLY
436,https://www.card-gorilla.com/card/detail/768,1,400000,,MONTHLY
437,https://www.card-gorilla.com/card/detail/769,1,0,,MONTHLY
1254,https://www.card-gorilla.com/card/detail/769,2,300000,,MONTHLY
44,https://www.card-gorilla.com/card/detail/77,1,300000,,MONTHLY
438,https://www.card-gorilla.com/card/detail/770,1,300000,,MONTHLY
439,https://www.card-gorilla.com/card/detail/771,1,300000,,MONTHLY
440,https://www.card-gorilla.com/card/detail/774,1,200000,,MONTHLY
441,https://www.card-gorilla.com/card/detail/775,1,0,,MONTHLY
442,https://www.card-gorilla.com/card/detail/776,1,0,,MONTHLY
443,https://www.card-gorilla.com/card/detail/777,1,300000,,MONTHLY
444,https://www.card-gorilla.com/card/detail/778,1,400000,,MONTHLY
445,https://www.card-gorilla.com/card/detail/779,1,0,,MONTHLY
446,https://www.card-gorilla.com/card/detail/780,1,0,,MONTHLY
447,https://www.card-gorilla.com/card/detail/783,1,300000,,MONTHLY
448,https://www.card-gorilla.com/card/detail/784,1,300000,,MONTHLY
449,https://www.card-gorilla.com/card/detail/785,1,300000,,MONTHLY
450,https://www.card-gorilla.com/card/detail/788,1,200000,,MONTHLY
451,https://www.card-gorilla.com/card/detail/789,1,0,,MONTHLY
452,https://www.card-gorilla.com/card/detail/791,1,0,,MONTHLY
4,https://www.card-gorilla.com/card/detail/8,1,0,,MONTHLY
45,https://www.card-gorilla.com/card/detail/80,1,300000,,MONTHLY
46,https://www.card-gorilla.com/card/detail/81,1,300000,,MONTHLY
453,https://www.card-gorilla.com/card/detail/816,1,0,,MONTHLY
47,https://www.card-gorilla.com/card/detail/82,1,300000,,MONTHLY
48,https://www.card-gorilla.com/card/detail/83,1,300000,,MONTHLY
49,https://www.card-gorilla.com/card/detail/84,1,300000,,MONTHLY
50,https://www.card-gorilla.com/card/detail/85,1,300000,,MONTHLY
454,https://www.card-gorilla.com/card/detail/852,1,0,,MONTHLY
455,https://www.card-gorilla.com/card/detail/853,1,0,,MONTHLY
456,https://www.card-gorilla.com/card/detail/854,1,0,,MONTHLY
457,https://www.card-gorilla.com/card/detail/859,1,0,,MONTHLY
51,https://www.card-gorilla.com/card/detail/86,1,300000,,MONTHLY
458,https://www.card-gorilla.com/card/detail/865,1,500000,,MONTHLY
52,https://www.card-gorilla.com/card/detail/87,1,0,,MONTHLY
53,https://www.card-gorilla.com/card/detail/88,1,300000,,MONTHLY
459,https://www.card-gorilla.com/card/detail/881,1,300000,,MONTHLY
460,https://www.card-gorilla.com/card/detail/884,1,0,,MONTHLY
461,https://www.card-gorilla.com/card/detail/889,1,400000,,MONTHLY
54,https://www.card-gorilla.com/card/detail/89,1,300000,,MONTHLY
462,https://www.card-gorilla.com/card/detail/890,1,500000,,MONTHLY
463,https://www.card-gorilla.com/card/detail/895,1,300000,,MONTHLY
55,https://www.card-gorilla.com/card/detail/90,1,300000,,MONTHLY
464,https://www.card-gorilla.com/card/detail/905,1,0,,MONTHLY
465,https://www.card-gorilla.com/card/detail/906,1,0,,MONTHLY
56,https://www.card-gorilla.com/card/detail/91,1,0,,MONTHLY
466,https://www.card-gorilla.com/card/detail/912,1,500000,,MONTHLY
467,https://www.card-gorilla.com/card/detail/916,1,300000,,MONTHLY
57,https://www.card-gorilla.com/card/detail/92,1,500000,,MONTHLY
58,https://www.card-gorilla.com/card/detail/93,1,500000,,MONTHLY
59,https://www.card-gorilla.com/card/detail/94,1,0,,MONTHLY
468,https://www.card-gorilla.com/card/detail/940,1,400000,,MONTHLY
469,https://www.card-gorilla.com/card/detail/942,1,300000,,MONTHLY
470,https://www.card-gorilla.com/card/detail/945,1,0,,MONTHLY
1255,https://www.card-gorilla.com/card/detail/945,2,500000,,MONTHLY
471,https://www.card-gorilla.com/card/detail/949,1,0,,MONTHLY
472,https://www.card-gorilla.com/card/detail/951,1,300000,,MONTHLY
473,https://www.card-gorilla.com/card/detail/952,1,300000,,MONTHLY
474,https://www.card-gorilla.com/card/detail/953,1,300000,,MONTHLY
475,https://www.card-gorilla.com/card/detail/993,1,0,,MONTHLY
